trigger_date,trigger_speaker,trigger_text,context_role,date,time,speaker,message_text
2024-08-19,Henry Woods,Will try not to think \*too hard about you being a good girl welcoming men on your knees ð,BEFORE,2024-08-19,23:29:02,Cady,Yeah I agree
2024-08-19,Henry Woods,Will try not to think \*too hard about you being a good girl welcoming men on your knees ð,BEFORE,2024-08-19,23:29:24,Cady,I’ve found it really helpful to record myself teaching and watching it back but I usually just delete it for safety and storage
2024-08-19,Henry Woods,Will try not to think \*too hard about you being a good girl welcoming men on your knees ð,BEFORE,2024-08-19,23:30:38,Henry Woods,Yeah that’s fair
2024-08-19,Henry Woods,Will try not to think \*too hard about you being a good girl welcoming men on your knees ð,BEFORE,2024-08-19,23:30:44,Henry Woods,Sorry to darken the tone
2024-08-19,Henry Woods,Will try not to think \*too hard about you being a good girl welcoming men on your knees ð,BEFORE,2024-08-19,23:31:02,Henry Woods,Just the worry hit me
2024-08-19,Henry Woods,Will try not to think \*too hard about you being a good girl welcoming men on your knees ð,BEFORE,2024-08-19,23:31:10,Henry Woods,Don’t want you to get in trouble
2024-08-19,Henry Woods,Will try not to think \*too hard about you being a good girl welcoming men on your knees ð,BEFORE,2024-08-19,23:33:01,Cady,You good I like you better for caring about the kids
2024-08-19,Henry Woods,Will try not to think \*too hard about you being a good girl welcoming men on your knees ð,BEFORE,2024-08-19,23:44:27,Henry Woods,Coirse
2024-08-19,Henry Woods,Will try not to think \*too hard about you being a good girl welcoming men on your knees ð,BEFORE,2024-08-19,23:44:38,Henry Woods,Blimey the typos are hitting hard
2024-08-19,Henry Woods,Will try not to think \*too hard about you being a good girl welcoming men on your knees ð,BEFORE,2024-08-19,23:49:01,Henry Woods,But anyway I’m going to get to bed now
2024-08-19,Henry Woods,Will try not to think \*too hard about you being a good girl welcoming men on your knees ð,TARGET,2024-08-19,23:50:09,Henry Woods,Will try not to think \*too hard about you being a good girl welcoming men on your knees ð
2024-08-19,Henry Woods,Will try not to think \*too hard about you being a good girl welcoming men on your knees ð,AFTER,2024-08-19,23:50:11,Henry Woods,Xx
2024-08-19,Henry Woods,Will try not to think \*too hard about you being a good girl welcoming men on your knees ð,AFTER,2024-08-19,23:50:44,Cady,Hehehe i hope you have naughty dreams
2024-08-19,Henry Woods,Will try not to think \*too hard about you being a good girl welcoming men on your knees ð,AFTER,2024-08-19,23:50:46,Cady,Sleep well
2024-08-19,Henry Woods,Will try not to think \*too hard about you being a good girl welcoming men on your knees ð,AFTER,2024-08-21,12:35:32,Cady,Wanna say a lil thank you for the sexual liberation and healing you showed and gave me.
2024-08-19,Henry Woods,Will try not to think \*too hard about you being a good girl welcoming men on your knees ð,AFTER,2024-08-21,12:36:08,Cady,I pegged my best guy friend last night and it was like a whole new world
2024-08-19,Henry Woods,Will try not to think \*too hard about you being a good girl welcoming men on your knees ð,AFTER,2024-08-21,13:07:21,Henry Woods,Aha love it
2024-08-19,Henry Woods,Will try not to think \*too hard about you being a good girl welcoming men on your knees ð,AFTER,2024-08-21,13:08:16,Henry Woods,And I’m so glad :))
2024-08-19,Henry Woods,Will try not to think \*too hard about you being a good girl welcoming men on your knees ð,AFTER,2024-08-21,13:08:52,Henry Woods,I found a new favourite genre: filthy songs in swing time
2024-08-19,Henry Woods,Will try not to think \*too hard about you being a good girl welcoming men on your knees ð,AFTER,2024-08-21,13:09:04,Cady,I felt like I was giving a bit Henry energy. You’re a good dom ð
2024-08-19,Henry Woods,Will try not to think \*too hard about you being a good girl welcoming men on your knees ð,AFTER,2024-08-21,13:09:09,Henry Woods,https://open.spotify.com/track/1kWYPlluyqEDy9xkCOTYst?si=5Dcz1nFLTFKY-cML2Mdqeg\&context=spotify%3Aartist%3A06or3bj3pOZvjjTLVLSngX
2024-09-11,Cady,Lol please don’t just my early content too much I’m just getting in the hang of trying to make all my own exemplars,BEFORE,2024-09-10,11:40:51,Henry Woods,The jet lag is unreal
2024-09-11,Cady,Lol please don’t just my early content too much I’m just getting in the hang of trying to make all my own exemplars,BEFORE,2024-09-10,11:41:10,Henry Woods,I’m also super unwell but think I might be on the mend
2024-09-11,Cady,Lol please don’t just my early content too much I’m just getting in the hang of trying to make all my own exemplars,BEFORE,2024-09-10,11:41:15,Henry Woods,How’s your week going so far?
2024-09-11,Cady,Lol please don’t just my early content too much I’m just getting in the hang of trying to make all my own exemplars,BEFORE,2024-09-10,11:58:10,Cady,Omg I bet
2024-09-11,Cady,Lol please don’t just my early content too much I’m just getting in the hang of trying to make all my own exemplars,BEFORE,2024-09-10,11:58:43,Cady,Really good\! I got my car back and so I’m back into my yoga routine and I start yoga teacher training today
2024-09-11,Cady,Lol please don’t just my early content too much I’m just getting in the hang of trying to make all my own exemplars,BEFORE,2024-09-10,13:09:57,Cady,Tickled that my students always love my raps lol
2024-09-11,Cady,Lol please don’t just my early content too much I’m just getting in the hang of trying to make all my own exemplars,BEFORE,2024-09-10,13:10:00,Cady,https://youtu.be/7UzqltbFlTg
2024-09-11,Cady,Lol please don’t just my early content too much I’m just getting in the hang of trying to make all my own exemplars,BEFORE,2024-09-11,01:02:55,Henry Woods,Awww so cuteee\!
2024-09-11,Cady,Lol please don’t just my early content too much I’m just getting in the hang of trying to make all my own exemplars,BEFORE,2024-09-11,01:03:53,Henry Woods,"Love it, will have to check out the rest as well now that I know your channel"
2024-09-11,Cady,Lol please don’t just my early content too much I’m just getting in the hang of trying to make all my own exemplars,BEFORE,2024-09-11,01:04:09,Henry Woods,How was day one of teacher training?
2024-09-11,Cady,Lol please don’t just my early content too much I’m just getting in the hang of trying to make all my own exemplars,TARGET,2024-09-11,02:04:17,Cady,Lol please don’t just my early content too much I’m just getting in the hang of trying to make all my own exemplars
2024-09-11,Cady,Lol please don’t just my early content too much I’m just getting in the hang of trying to make all my own exemplars,AFTER,2024-09-11,02:04:24,Cady,You remembered\!\!\!
2024-09-11,Cady,Lol please don’t just my early content too much I’m just getting in the hang of trying to make all my own exemplars,AFTER,2024-09-11,02:04:29,Cady,Seriously life changing
2024-09-11,Cady,Lol please don’t just my early content too much I’m just getting in the hang of trying to make all my own exemplars,AFTER,2024-09-11,02:04:45,Cady,Where in the world are you? How is it?
2024-09-11,Cady,Lol please don’t just my early content too much I’m just getting in the hang of trying to make all my own exemplars,AFTER,2024-09-11,20:51:48,Cady,\<attached: 00000937-AUDIO-2024-09-11-20-51-49.opus\>
2024-09-11,Cady,Lol please don’t just my early content too much I’m just getting in the hang of trying to make all my own exemplars,AFTER,2024-10-16,14:20:18,Henry Woods,I have\!\! Great film
2024-09-11,Cady,Lol please don’t just my early content too much I’m just getting in the hang of trying to make all my own exemplars,AFTER,2024-10-16,14:20:26,Henry Woods,Back in the UK now
2024-09-11,Cady,Lol please don’t just my early content too much I’m just getting in the hang of trying to make all my own exemplars,AFTER,2024-10-16,14:21:28,Henry Woods,My student’s come back with me so we’re now studying at the Henry Woods centre for academic studies for children who want to read good and do Maths and Physics good too
2024-09-11,Cady,Lol please don’t just my early content too much I’m just getting in the hang of trying to make all my own exemplars,AFTER,2024-10-16,14:21:43,Henry Woods,\<attached: 00000942-PHOTO-2024-10-16-14-21-45.jpg\>
2024-09-11,Cady,Lol please don’t just my early content too much I’m just getting in the hang of trying to make all my own exemplars,AFTER,2024-10-16,14:22:08,Cady,Hiiiii Henry
2024-09-11,Cady,Lol please don’t just my early content too much I’m just getting in the hang of trying to make all my own exemplars,AFTER,2024-10-16,14:22:28,Cady,Cute\!\!\!
2024-12-06,Cady,Got a cute guys number last night,BEFORE,2024-12-03,13:41:55,Henry Woods,exceptional\!
2024-12-06,Cady,Got a cute guys number last night,BEFORE,2024-12-03,13:43:04,Cady,How was falling out of a plane??
2024-12-06,Cady,Got a cute guys number last night,BEFORE,2024-12-06,18:28:08,Henry Woods,Pretty epic\!\!
2024-12-06,Cady,Got a cute guys number last night,BEFORE,2024-12-06,18:28:18,Henry Woods,It’s been a roller coaster
2024-12-06,Cady,Got a cute guys number last night,BEFORE,2024-12-06,18:28:35,Henry Woods,How was your week?
2024-12-06,Cady,Got a cute guys number last night,BEFORE,2024-12-06,18:54:26,Cady,OMG SO COOL IM JEALOUS
2024-12-06,Cady,Got a cute guys number last night,BEFORE,2024-12-06,18:54:49,Cady,burning the candle at both ends
2024-12-06,Cady,Got a cute guys number last night,BEFORE,2024-12-06,18:55:49,Cady,Gonna be a sexy weekend I think
2024-12-06,Cady,Got a cute guys number last night,BEFORE,2024-12-06,18:55:56,Henry Woods,Oooh fun
2024-12-06,Cady,Got a cute guys number last night,BEFORE,2024-12-06,18:55:59,Henry Woods,What’s the plan?
2024-12-06,Cady,Got a cute guys number last night,TARGET,2024-12-06,18:56:25,Cady,Got a cute guys number last night
2024-12-06,Cady,Got a cute guys number last night,AFTER,2024-12-06,18:56:30,Cady,lol idk how many details you want
2024-12-06,Cady,Got a cute guys number last night,AFTER,2024-12-06,18:56:46,Henry Woods,All. Of. Them.ð
2024-12-06,Cady,Got a cute guys number last night,AFTER,2024-12-06,18:56:51,Henry Woods,ððð
2024-12-06,Cady,Got a cute guys number last night,AFTER,2024-12-06,18:57:10,Cady,Hehe I love how much you love it
2024-12-06,Cady,Got a cute guys number last night,AFTER,2024-12-06,18:57:34,Cady,His dick is apparently 9” and the pics look accurate
2024-12-06,Cady,Got a cute guys number last night,AFTER,2024-12-06,18:57:37,Henry Woods,Hearing about a filthy slut getting ruined? ✅
2024-12-06,Cady,Got a cute guys number last night,AFTER,2024-12-06,18:57:43,Cady,Gonna destroy all my holes
2024-12-06,Cady,Got a cute guys number last night,AFTER,2024-12-06,18:57:50,Cady,ð
2024-12-06,Cady,Got a cute guys number last night,AFTER,2024-12-06,18:58:02,Henry Woods,Mmmmh
2024-12-06,Cady,Got a cute guys number last night,AFTER,2024-12-06,18:58:40,Henry Woods,Get his dick nice and wet with your mouth and pussy so it slides straight up your stretched little ass
2024-12-06,Henry Woods,At least 5 guys,BEFORE,2024-12-06,19:00:00,Henry Woods,Always
2024-12-06,Henry Woods,At least 5 guys,BEFORE,2024-12-06,19:00:33,Cady,This guy hasn’t had anal yet so I’m extra excited
2024-12-06,Henry Woods,At least 5 guys,BEFORE,2024-12-06,19:00:40,Henry Woods,Hehehe
2024-12-06,Henry Woods,At least 5 guys,BEFORE,2024-12-06,19:00:54,Henry Woods,Have you been dp’d yet?
2024-12-06,Henry Woods,At least 5 guys,BEFORE,2024-12-06,19:01:04,Henry Woods,If not I’ll definitely organise for when you visit
2024-12-06,Henry Woods,At least 5 guys,BEFORE,2024-12-06,19:01:12,Cady,Nope
2024-12-06,Henry Woods,At least 5 guys,BEFORE,2024-12-06,19:01:20,Cady,I only fantasise about it everrrrry night
2024-12-06,Henry Woods,At least 5 guys,BEFORE,2024-12-06,19:01:21,Henry Woods,(And if you have…I’ll definitely organise for when you visit ð)
2024-12-06,Henry Woods,At least 5 guys,BEFORE,2024-12-06,19:01:25,Cady,I was hoping you would for me
2024-12-06,Henry Woods,At least 5 guys,BEFORE,2024-12-06,19:02:18,Henry Woods,A few gangbangs too
2024-12-06,Henry Woods,At least 5 guys,TARGET,2024-12-06,19:02:41,Henry Woods,At least 5 guys
2024-12-06,Henry Woods,At least 5 guys,AFTER,2024-12-06,19:02:42,Cady,Ugh hen make all my dreams come true why don’t you
2024-12-06,Henry Woods,At least 5 guys,AFTER,2024-12-06,19:02:47,Cady,Mmmmm yes
2024-12-06,Henry Woods,At least 5 guys,AFTER,2024-12-06,19:02:51,Henry Woods,"One in each hole, one in each hand"
2024-12-06,Henry Woods,At least 5 guys,AFTER,2024-12-06,19:03:01,Cady,Shit might need to get a camera guy
2024-12-06,Henry Woods,At least 5 guys,AFTER,2024-12-06,19:03:14,Henry Woods,6\* guys
2024-12-06,Henry Woods,At least 5 guys,AFTER,2024-12-06,19:03:26,Cady,I wanna document it \<This message was edited\>
2024-12-06,Henry Woods,At least 5 guys,AFTER,2024-12-06,19:03:46,Henry Woods,ð¯
2024-12-06,Henry Woods,At least 5 guys,AFTER,2024-12-06,19:04:19,Henry Woods,I’ll have to get a vr headset
2024-12-06,Henry Woods,At least 5 guys,AFTER,2024-12-06,19:04:21,Cady,I can’t fucking wait
2024-12-06,Henry Woods,At least 5 guys,AFTER,2024-12-06,19:04:23,Cady,Oooo hea
2024-12-06,Henry Woods,6\* guys,BEFORE,2024-12-06,19:01:12,Cady,Nope
2024-12-06,Henry Woods,6\* guys,BEFORE,2024-12-06,19:01:20,Cady,I only fantasise about it everrrrry night
2024-12-06,Henry Woods,6\* guys,BEFORE,2024-12-06,19:01:21,Henry Woods,(And if you have…I’ll definitely organise for when you visit ð)
2024-12-06,Henry Woods,6\* guys,BEFORE,2024-12-06,19:01:25,Cady,I was hoping you would for me
2024-12-06,Henry Woods,6\* guys,BEFORE,2024-12-06,19:02:18,Henry Woods,A few gangbangs too
2024-12-06,Henry Woods,6\* guys,BEFORE,2024-12-06,19:02:41,Henry Woods,At least 5 guys
2024-12-06,Henry Woods,6\* guys,BEFORE,2024-12-06,19:02:42,Cady,Ugh hen make all my dreams come true why don’t you
2024-12-06,Henry Woods,6\* guys,BEFORE,2024-12-06,19:02:47,Cady,Mmmmm yes
2024-12-06,Henry Woods,6\* guys,BEFORE,2024-12-06,19:02:51,Henry Woods,"One in each hole, one in each hand"
2024-12-06,Henry Woods,6\* guys,BEFORE,2024-12-06,19:03:01,Cady,Shit might need to get a camera guy
2024-12-06,Henry Woods,6\* guys,TARGET,2024-12-06,19:03:14,Henry Woods,6\* guys
2024-12-06,Henry Woods,6\* guys,AFTER,2024-12-06,19:03:26,Cady,I wanna document it \<This message was edited\>
2024-12-06,Henry Woods,6\* guys,AFTER,2024-12-06,19:03:46,Henry Woods,ð¯
2024-12-06,Henry Woods,6\* guys,AFTER,2024-12-06,19:04:19,Henry Woods,I’ll have to get a vr headset
2024-12-06,Henry Woods,6\* guys,AFTER,2024-12-06,19:04:21,Cady,I can’t fucking wait
2024-12-06,Henry Woods,6\* guys,AFTER,2024-12-06,19:04:23,Cady,Oooo hea
2024-12-06,Henry Woods,6\* guys,AFTER,2024-12-06,19:04:25,Cady,Yeah
2024-12-06,Henry Woods,6\* guys,AFTER,2024-12-06,19:04:45,Henry Woods,So you can then get fucked watching yourself getting ruined like a total whore
2024-12-06,Henry Woods,6\* guys,AFTER,2024-12-06,19:04:59,Cady,Omg Henry\!\!\!\! Yes fabulous idea
2024-12-06,Henry Woods,6\* guys,AFTER,2024-12-06,19:05:07,Cady,I’m getting far too wet to be at school
2024-12-06,Henry Woods,6\* guys,AFTER,2024-12-06,19:05:21,Henry Woods,ð
2024-12-06,Cady,(It’s mostly just me sadly. Idk why the guys around here aren’t into anal),BEFORE,2024-12-06,20:06:59,Henry Woods,"Vibrator on your clit, two thick dicks stretching you to your limit"
2024-12-06,Cady,(It’s mostly just me sadly. Idk why the guys around here aren’t into anal),BEFORE,2024-12-06,20:08:57,Cady,Oh my fucking god yes
2024-12-06,Cady,(It’s mostly just me sadly. Idk why the guys around here aren’t into anal),BEFORE,2024-12-06,20:10:03,Cady,I haven’t considered that
2024-12-06,Cady,(It’s mostly just me sadly. Idk why the guys around here aren’t into anal),BEFORE,2024-12-06,20:11:23,Cady,Yes please
2024-12-06,Cady,(It’s mostly just me sadly. Idk why the guys around here aren’t into anal),BEFORE,2024-12-06,20:12:58,Cady,I think that would cause me to orgasm out of this world
2024-12-06,Cady,(It’s mostly just me sadly. Idk why the guys around here aren’t into anal),BEFORE,2024-12-06,20:13:13,Henry Woods,That’s the idea
2024-12-06,Cady,(It’s mostly just me sadly. Idk why the guys around here aren’t into anal),BEFORE,2024-12-06,20:14:16,Cady,Ugh yes imma need that
2024-12-06,Cady,(It’s mostly just me sadly. Idk why the guys around here aren’t into anal),BEFORE,2024-12-06,20:14:46,Henry Woods,I’m sure we could work up to it every day
2024-12-06,Cady,(It’s mostly just me sadly. Idk why the guys around here aren’t into anal),BEFORE,2024-12-06,20:15:29,Cady,Mmhm oh yes for sure
2024-12-06,Cady,(It’s mostly just me sadly. Idk why the guys around here aren’t into anal),BEFORE,2024-12-06,20:16:01,Cady,I keep my ass regularly fucked so it wouldn’t take long
2024-12-06,Cady,(It’s mostly just me sadly. Idk why the guys around here aren’t into anal),TARGET,2024-12-06,20:16:25,Cady,(It’s mostly just me sadly. Idk why the guys around here aren’t into anal)
2024-12-06,Cady,(It’s mostly just me sadly. Idk why the guys around here aren’t into anal),AFTER,2024-12-06,20:17:11,Henry Woods,Mmmh good girl
2024-12-06,Cady,(It’s mostly just me sadly. Idk why the guys around here aren’t into anal),AFTER,2024-12-06,20:17:17,Henry Woods,Idiots
2024-12-06,Cady,(It’s mostly just me sadly. Idk why the guys around here aren’t into anal),AFTER,2024-12-06,20:17:33,Cady,Truly dumb
2024-12-06,Cady,(It’s mostly just me sadly. Idk why the guys around here aren’t into anal),AFTER,2024-12-06,20:17:44,Cady,I just neeed it
2024-12-06,Cady,(It’s mostly just me sadly. Idk why the guys around here aren’t into anal),AFTER,2024-12-06,20:17:57,Henry Woods,Fuckkk
2024-12-06,Cady,(It’s mostly just me sadly. Idk why the guys around here aren’t into anal),AFTER,2024-12-06,20:17:59,Cady,Thanks for teaching me /)
2024-12-06,Cady,(It’s mostly just me sadly. Idk why the guys around here aren’t into anal),AFTER,2024-12-06,20:18:00,Cady,:)
2024-12-06,Cady,(It’s mostly just me sadly. Idk why the guys around here aren’t into anal),AFTER,2024-12-06,20:18:17,Cady,Still trying to train my throat tho
2024-12-06,Cady,(It’s mostly just me sadly. Idk why the guys around here aren’t into anal),AFTER,2024-12-06,20:18:23,Henry Woods,Don’t worry
2024-12-06,Cady,(It’s mostly just me sadly. Idk why the guys around here aren’t into anal),AFTER,2024-12-06,20:18:28,Henry Woods,You’re gonna get loads of practise
2024-12-06,Henry Woods,Get you to the stage where 10 guys in a day is the norm,BEFORE,2024-12-06,20:44:23,Cady,Fuck.  I might cum spontaneously in the classroom sitting still
2024-12-06,Henry Woods,Get you to the stage where 10 guys in a day is the norm,BEFORE,2024-12-06,20:44:38,Cady,Yes yes yes please
2024-12-06,Henry Woods,Get you to the stage where 10 guys in a day is the norm,BEFORE,2024-12-06,20:44:51,Cady,I know you are ðð
2024-12-06,Henry Woods,Get you to the stage where 10 guys in a day is the norm,BEFORE,2024-12-06,20:46:22,Cady,I hope you know I’m good for taking it
2024-12-06,Henry Woods,Get you to the stage where 10 guys in a day is the norm,BEFORE,2024-12-06,20:46:38,Henry Woods,Oh I do
2024-12-06,Henry Woods,Get you to the stage where 10 guys in a day is the norm,BEFORE,2024-12-06,20:47:05,Henry Woods,No one spreads their legs like you do
2024-12-06,Henry Woods,Get you to the stage where 10 guys in a day is the norm,BEFORE,2024-12-06,20:47:25,Cady,Gonna have to write that quote in my journal today
2024-12-06,Henry Woods,Get you to the stage where 10 guys in a day is the norm,BEFORE,2024-12-06,20:47:58,Cady,I just want to be the biggest slut in the world and teach others the way
2024-12-06,Henry Woods,Get you to the stage where 10 guys in a day is the norm,BEFORE,2024-12-06,20:48:32,Henry Woods,❤️
2024-12-06,Henry Woods,Get you to the stage where 10 guys in a day is the norm,BEFORE,2024-12-06,20:50:37,Henry Woods,I will do my level best to make that happen
2024-12-06,Henry Woods,Get you to the stage where 10 guys in a day is the norm,TARGET,2024-12-06,20:51:06,Henry Woods,Get you to the stage where 10 guys in a day is the norm
2024-12-06,Henry Woods,Get you to the stage where 10 guys in a day is the norm,AFTER,2024-12-06,20:51:06,Cady,Please
2024-12-06,Henry Woods,Get you to the stage where 10 guys in a day is the norm,AFTER,2024-12-06,20:52:17,Cady,Some kind of an educator
2024-12-06,Henry Woods,Get you to the stage where 10 guys in a day is the norm,AFTER,2024-12-06,20:53:34,Henry Woods,Retire early to focus on my true passion of filling you with cock
2024-12-06,Henry Woods,Get you to the stage where 10 guys in a day is the norm,AFTER,2024-12-06,20:54:28,Cady,\<attached: 00001584-AUDIO-2024-12-06-20-54-30.opus\>
2024-12-06,Henry Woods,Get you to the stage where 10 guys in a day is the norm,AFTER,2024-12-06,20:55:53,Cady,I’m so glad you came back around
2024-12-06,Henry Woods,Get you to the stage where 10 guys in a day is the norm,AFTER,2024-12-06,21:02:10,Henry Woods,Yes
2024-12-06,Henry Woods,Get you to the stage where 10 guys in a day is the norm,AFTER,2024-12-06,21:02:19,Henry Woods,Train you
2024-12-06,Henry Woods,Get you to the stage where 10 guys in a day is the norm,AFTER,2024-12-06,21:02:23,Henry Woods,Design you
2024-12-06,Henry Woods,Get you to the stage where 10 guys in a day is the norm,AFTER,2024-12-06,21:02:41,Henry Woods,Me too
2024-12-06,Henry Woods,Get you to the stage where 10 guys in a day is the norm,AFTER,2024-12-06,21:03:08,Henry Woods,Like I’m glad it’s not in me to be fickle and bin people off
2024-12-07,Henry Woods,"The aim is for you fuck guys and they don’t even ask what hole, it’s obvious you’re an anal only slut",BEFORE,2024-12-07,15:13:07,Henry Woods,"All fours, bobbing your throat"
2024-12-07,Henry Woods,"The aim is for you fuck guys and they don’t even ask what hole, it’s obvious you’re an anal only slut",BEFORE,2024-12-07,15:13:34,Cady,I love when we have the same vision
2024-12-07,Henry Woods,"The aim is for you fuck guys and they don’t even ask what hole, it’s obvious you’re an anal only slut",BEFORE,2024-12-07,15:14:11,Henry Woods,"Then go round the other side, raise your ass up high and mercilessly ram you into the floor"
2024-12-07,Henry Woods,"The aim is for you fuck guys and they don’t even ask what hole, it’s obvious you’re an anal only slut",BEFORE,2024-12-07,15:14:41,Cady,Mmmmmmf yes yes yes
2024-12-07,Henry Woods,"The aim is for you fuck guys and they don’t even ask what hole, it’s obvious you’re an anal only slut",BEFORE,2024-12-07,15:14:49,Cady,Gonna have to pause getting ready for work to cum to this
2024-12-07,Henry Woods,"The aim is for you fuck guys and they don’t even ask what hole, it’s obvious you’re an anal only slut",BEFORE,2024-12-07,15:17:21,Henry Woods,Make sure you have something up your ass
2024-12-07,Henry Woods,"The aim is for you fuck guys and they don’t even ask what hole, it’s obvious you’re an anal only slut",BEFORE,2024-12-07,15:17:56,Cady,Yes daddy of course
2024-12-07,Henry Woods,"The aim is for you fuck guys and they don’t even ask what hole, it’s obvious you’re an anal only slut",BEFORE,2024-12-07,15:21:47,Henry Woods,I hope you know once you’re under my control you won’t ever cum from your pussy again
2024-12-07,Henry Woods,"The aim is for you fuck guys and they don’t even ask what hole, it’s obvious you’re an anal only slut",BEFORE,2024-12-07,15:22:30,Cady,Mmmm I love that
2024-12-07,Henry Woods,"The aim is for you fuck guys and they don’t even ask what hole, it’s obvious you’re an anal only slut",BEFORE,2024-12-07,15:23:04,Henry Woods,"Lots of exercises to keep it nice and tight, totally wrecked 500+ dicks under its belt fucked ruthlessly loose asshole"
2024-12-07,Henry Woods,"The aim is for you fuck guys and they don’t even ask what hole, it’s obvious you’re an anal only slut",TARGET,2024-12-07,15:23:43,Henry Woods,"The aim is for you fuck guys and they don’t even ask what hole, it’s obvious you’re an anal only slut"
2024-12-07,Henry Woods,"The aim is for you fuck guys and they don’t even ask what hole, it’s obvious you’re an anal only slut",AFTER,2024-12-07,15:24:56,Henry Woods,Maybe tattoo you
2024-12-07,Henry Woods,"The aim is for you fuck guys and they don’t even ask what hole, it’s obvious you’re an anal only slut",AFTER,2024-12-07,15:25:17,Henry Woods,Girls only on your front
2024-12-07,Henry Woods,"The aim is for you fuck guys and they don’t even ask what hole, it’s obvious you’re an anal only slut",AFTER,2024-12-07,15:25:23,Cady,Mmmmm yum
2024-12-07,Henry Woods,"The aim is for you fuck guys and they don’t even ask what hole, it’s obvious you’re an anal only slut",AFTER,2024-12-07,15:25:24,Henry Woods,Guys only on your bum
2024-12-07,Henry Woods,"The aim is for you fuck guys and they don’t even ask what hole, it’s obvious you’re an anal only slut",AFTER,2024-12-07,15:25:40,Cady,Makes me think of one of my fav anthems
2024-12-07,Henry Woods,"The aim is for you fuck guys and they don’t even ask what hole, it’s obvious you’re an anal only slut",AFTER,2024-12-07,15:26:08,Cady,https://open.spotify.com/track/6JGD3WQC5t8qTCiySPESKl?si=Rj0yvfgqQSKwHqik2BdWjw
2024-12-07,Henry Woods,"The aim is for you fuck guys and they don’t even ask what hole, it’s obvious you’re an anal only slut",AFTER,2024-12-07,15:26:21,Henry Woods,I will have to listen to it later
2024-12-07,Henry Woods,"The aim is for you fuck guys and they don’t even ask what hole, it’s obvious you’re an anal only slut",AFTER,2024-12-07,15:26:31,Henry Woods,But almost certainly yes
2024-12-07,Henry Woods,"The aim is for you fuck guys and they don’t even ask what hole, it’s obvious you’re an anal only slut",AFTER,2024-12-07,15:26:37,Cady,Hehe yes
2024-12-07,Henry Woods,"The aim is for you fuck guys and they don’t even ask what hole, it’s obvious you’re an anal only slut",AFTER,2024-12-07,15:26:47,Henry Woods,Hehehe
2024-12-07,Henry Woods,Guys only on your bum,BEFORE,2024-12-07,15:14:49,Cady,Gonna have to pause getting ready for work to cum to this
2024-12-07,Henry Woods,Guys only on your bum,BEFORE,2024-12-07,15:17:21,Henry Woods,Make sure you have something up your ass
2024-12-07,Henry Woods,Guys only on your bum,BEFORE,2024-12-07,15:17:56,Cady,Yes daddy of course
2024-12-07,Henry Woods,Guys only on your bum,BEFORE,2024-12-07,15:21:47,Henry Woods,I hope you know once you’re under my control you won’t ever cum from your pussy again
2024-12-07,Henry Woods,Guys only on your bum,BEFORE,2024-12-07,15:22:30,Cady,Mmmm I love that
2024-12-07,Henry Woods,Guys only on your bum,BEFORE,2024-12-07,15:23:04,Henry Woods,"Lots of exercises to keep it nice and tight, totally wrecked 500+ dicks under its belt fucked ruthlessly loose asshole"
2024-12-07,Henry Woods,Guys only on your bum,BEFORE,2024-12-07,15:23:43,Henry Woods,"The aim is for you fuck guys and they don’t even ask what hole, it’s obvious you’re an anal only slut"
2024-12-07,Henry Woods,Guys only on your bum,BEFORE,2024-12-07,15:24:56,Henry Woods,Maybe tattoo you
2024-12-07,Henry Woods,Guys only on your bum,BEFORE,2024-12-07,15:25:17,Henry Woods,Girls only on your front
2024-12-07,Henry Woods,Guys only on your bum,BEFORE,2024-12-07,15:25:23,Cady,Mmmmm yum
2024-12-07,Henry Woods,Guys only on your bum,TARGET,2024-12-07,15:25:24,Henry Woods,Guys only on your bum
2024-12-07,Henry Woods,Guys only on your bum,AFTER,2024-12-07,15:25:40,Cady,Makes me think of one of my fav anthems
2024-12-07,Henry Woods,Guys only on your bum,AFTER,2024-12-07,15:26:08,Cady,https://open.spotify.com/track/6JGD3WQC5t8qTCiySPESKl?si=Rj0yvfgqQSKwHqik2BdWjw
2024-12-07,Henry Woods,Guys only on your bum,AFTER,2024-12-07,15:26:21,Henry Woods,I will have to listen to it later
2024-12-07,Henry Woods,Guys only on your bum,AFTER,2024-12-07,15:26:31,Henry Woods,But almost certainly yes
2024-12-07,Henry Woods,Guys only on your bum,AFTER,2024-12-07,15:26:37,Cady,Hehe yes
2024-12-07,Henry Woods,Guys only on your bum,AFTER,2024-12-07,15:26:47,Henry Woods,Hehehe
2024-12-07,Henry Woods,Guys only on your bum,AFTER,2024-12-07,15:26:49,Cady,I’m off to work so I won’t be able to text as much
2024-12-07,Henry Woods,Guys only on your bum,AFTER,2024-12-07,15:26:58,Henry Woods,Then ‘cum dump’ on your inside lip
2024-12-07,Henry Woods,Guys only on your bum,AFTER,2024-12-07,15:27:05,Henry Woods,Okayyyy
2024-12-07,Henry Woods,Guys only on your bum,AFTER,2024-12-07,15:27:24,Henry Woods,I’ll find a photo of the lovely lady that gave me this idea
2024-12-07,Henry Woods,if there are 300 guys there you best believe you’re not leaving until every single one of them is done with you,BEFORE,2024-12-07,17:14:57,Henry Woods,"‘Because you’ve been very bad by making daddy wait to use your ass, you’re getting taken to a sex club with “I’m not allowed to say no” written on you chest’"
2024-12-07,Henry Woods,if there are 300 guys there you best believe you’re not leaving until every single one of them is done with you,BEFORE,2024-12-07,17:30:59,Cady,Yesssss ð
2024-12-07,Henry Woods,if there are 300 guys there you best believe you’re not leaving until every single one of them is done with you,BEFORE,2024-12-07,17:50:22,Henry Woods,"‘oh dear daddy I seem to have forgotten to wear my plug for the 6th time this week, I’m such a forgetful slut’"
2024-12-07,Henry Woods,if there are 300 guys there you best believe you’re not leaving until every single one of them is done with you,BEFORE,2024-12-07,17:56:04,Henry Woods,\<attached: 00001757-PHOTO-2024-12-07-17-56-06.jpg\>
2024-12-07,Henry Woods,if there are 300 guys there you best believe you’re not leaving until every single one of them is done with you,BEFORE,2024-12-07,17:58:30,Cady,\<attached: 00001758-AUDIO-2024-12-07-17-58-31.opus\>
2024-12-07,Henry Woods,if there are 300 guys there you best believe you’re not leaving until every single one of them is done with you,BEFORE,2024-12-07,18:00:19,Henry Woods,I’ll have to ask my friend Sara where she goes for the ‘greedy girls’ night
2024-12-07,Henry Woods,if there are 300 guys there you best believe you’re not leaving until every single one of them is done with you,BEFORE,2024-12-07,18:00:34,Cady,You must
2024-12-07,Henry Woods,if there are 300 guys there you best believe you’re not leaving until every single one of them is done with you,BEFORE,2024-12-07,18:00:43,Henry Woods,she was saying she’s been there as one of only about 2-3 women
2024-12-07,Henry Woods,if there are 300 guys there you best believe you’re not leaving until every single one of them is done with you,BEFORE,2024-12-07,18:00:46,Cady,\<attached: 00001762-AUDIO-2024-12-07-18-00-48.opus\>
2024-12-07,Henry Woods,if there are 300 guys there you best believe you’re not leaving until every single one of them is done with you,BEFORE,2024-12-07,18:00:53,Cady,Oooo what a dream
2024-12-07,Henry Woods,if there are 300 guys there you best believe you’re not leaving until every single one of them is done with you,TARGET,2024-12-07,18:01:54,Henry Woods,if there are 300 guys there you best believe you’re not leaving until every single one of them is done with you
2024-12-07,Henry Woods,if there are 300 guys there you best believe you’re not leaving until every single one of them is done with you,AFTER,2024-12-07,18:04:06,Henry Woods,if you say ‘I don’t think I can take any more’ all I’ll hear is ‘I’m not well trained enough yet'
2024-12-07,Henry Woods,if there are 300 guys there you best believe you’re not leaving until every single one of them is done with you,AFTER,2024-12-07,18:05:15,Henry Woods,"I call her ‘stretchy Sara’, the first time we met I had her fountaining on my fist and vibrator"
2024-12-07,Henry Woods,if there are 300 guys there you best believe you’re not leaving until every single one of them is done with you,AFTER,2024-12-07,18:05:40,Henry Woods,"and that fist slipped in so easy, she is a fucking slutttttt"
2024-12-07,Henry Woods,if there are 300 guys there you best believe you’re not leaving until every single one of them is done with you,AFTER,2024-12-07,18:07:53,Henry Woods,"I’ve changed my mind, no way I’m gonna be able to resist ruining your cunt too"
2024-12-07,Henry Woods,if there are 300 guys there you best believe you’re not leaving until every single one of them is done with you,AFTER,2024-12-07,18:09:20,Cady,\<attached: 00001769-AUDIO-2024-12-07-18-09-22.opus\>
2024-12-07,Henry Woods,if there are 300 guys there you best believe you’re not leaving until every single one of them is done with you,AFTER,2024-12-07,18:09:33,Henry Woods,shove my whole hand in your pussy and jerk my cock in your ass off through the wall
2024-12-07,Henry Woods,if there are 300 guys there you best believe you’re not leaving until every single one of them is done with you,AFTER,2024-12-07,18:09:40,Cady,Mmm I can’t wait for you to fist me
2024-12-07,Henry Woods,if there are 300 guys there you best believe you’re not leaving until every single one of them is done with you,AFTER,2024-12-07,18:09:48,Henry Woods,you have\! I think you met actually?
2024-12-07,Henry Woods,if there are 300 guys there you best believe you’re not leaving until every single one of them is done with you,AFTER,2024-12-07,18:09:55,Cady,Maybe so\!\!\!
2024-12-07,Henry Woods,if there are 300 guys there you best believe you’re not leaving until every single one of them is done with you,AFTER,2024-12-07,18:10:31,Cady,I’m getting so wet ugh
2024-12-07,Henry Woods,"‘then he has a lesson so can’t fuck me againð, maybe invite those two guys over while he’s busy so he gets all worked up and jealous and wants to fuck me extra hard’",BEFORE,2024-12-07,21:13:11,Cady,But you know I’m worth it ð
2024-12-07,Henry Woods,"‘then he has a lesson so can’t fuck me againð, maybe invite those two guys over while he’s busy so he gets all worked up and jealous and wants to fuck me extra hard’",BEFORE,2024-12-07,21:36:03,Henry Woods,I dooo
2024-12-07,Henry Woods,"‘then he has a lesson so can’t fuck me againð, maybe invite those two guys over while he’s busy so he gets all worked up and jealous and wants to fuck me extra hard’",BEFORE,2024-12-07,21:36:33,Henry Woods,plus I kinda want to set the precedent
2024-12-07,Henry Woods,"‘then he has a lesson so can’t fuck me againð, maybe invite those two guys over while he’s busy so he gets all worked up and jealous and wants to fuck me extra hard’",BEFORE,2024-12-07,21:36:47,Henry Woods,"I buy it, I break it ð"
2024-12-07,Henry Woods,"‘then he has a lesson so can’t fuck me againð, maybe invite those two guys over while he’s busy so he gets all worked up and jealous and wants to fuck me extra hard’",BEFORE,2024-12-07,21:40:00,Henry Woods,I want you to be a kept little princess that just lazes around
2024-12-07,Henry Woods,"‘then he has a lesson so can’t fuck me againð, maybe invite those two guys over while he’s busy so he gets all worked up and jealous and wants to fuck me extra hard’",BEFORE,2024-12-07,21:48:57,Cady,Ugh ok ð
2024-12-07,Henry Woods,"‘then he has a lesson so can’t fuck me againð, maybe invite those two guys over while he’s busy so he gets all worked up and jealous and wants to fuck me extra hard’",BEFORE,2024-12-07,21:49:17,Cady,I guessss ðð¥°
2024-12-07,Henry Woods,"‘then he has a lesson so can’t fuck me againð, maybe invite those two guys over while he’s busy so he gets all worked up and jealous and wants to fuck me extra hard’",BEFORE,2024-12-07,21:49:40,Cady,You really making me swoon
2024-12-07,Henry Woods,"‘then he has a lesson so can’t fuck me againð, maybe invite those two guys over while he’s busy so he gets all worked up and jealous and wants to fuck me extra hard’",BEFORE,2024-12-07,21:49:43,Henry Woods,‘hmmm today I think I’ll suck daddy’s cock and then bounce my ass on it till he cums’
2024-12-07,Henry Woods,"‘then he has a lesson so can’t fuck me againð, maybe invite those two guys over while he’s busy so he gets all worked up and jealous and wants to fuck me extra hard’",BEFORE,2024-12-07,21:49:56,Henry Woods,‘then I might go kayaking if the weather’s nice’
2024-12-07,Henry Woods,"‘then he has a lesson so can’t fuck me againð, maybe invite those two guys over while he’s busy so he gets all worked up and jealous and wants to fuck me extra hard’",TARGET,2024-12-07,21:51:45,Henry Woods,"‘then he has a lesson so can’t fuck me againð, maybe invite those two guys over while he’s busy so he gets all worked up and jealous and wants to fuck me extra hard’"
2024-12-07,Henry Woods,"‘then he has a lesson so can’t fuck me againð, maybe invite those two guys over while he’s busy so he gets all worked up and jealous and wants to fuck me extra hard’",AFTER,2024-12-07,21:54:22,Cady,Omg
2024-12-07,Henry Woods,"‘then he has a lesson so can’t fuck me againð, maybe invite those two guys over while he’s busy so he gets all worked up and jealous and wants to fuck me extra hard’",AFTER,2024-12-07,21:54:30,Cady,Henry your mind is my favourite
2024-12-07,Henry Woods,"‘then he has a lesson so can’t fuck me againð, maybe invite those two guys over while he’s busy so he gets all worked up and jealous and wants to fuck me extra hard’",AFTER,2024-12-07,22:07:39,Henry Woods,I’m settling down to get an early one and be fresh for tomorrow but have a great shift
2024-12-07,Henry Woods,"‘then he has a lesson so can’t fuck me againð, maybe invite those two guys over while he’s busy so he gets all worked up and jealous and wants to fuck me extra hard’",AFTER,2024-12-07,22:09:25,Cady,Thank you :)
2024-12-07,Henry Woods,"‘then he has a lesson so can’t fuck me againð, maybe invite those two guys over while he’s busy so he gets all worked up and jealous and wants to fuck me extra hard’",AFTER,2024-12-07,22:09:30,Cady,Have a lovely night
2024-12-07,Henry Woods,"‘then he has a lesson so can’t fuck me againð, maybe invite those two guys over while he’s busy so he gets all worked up and jealous and wants to fuck me extra hard’",AFTER,2024-12-07,22:09:33,Cady,You’ve made my day
2024-12-07,Henry Woods,"‘then he has a lesson so can’t fuck me againð, maybe invite those two guys over while he’s busy so he gets all worked up and jealous and wants to fuck me extra hard’",AFTER,2024-12-07,22:17:19,Henry Woods,likewise
2024-12-07,Henry Woods,"‘then he has a lesson so can’t fuck me againð, maybe invite those two guys over while he’s busy so he gets all worked up and jealous and wants to fuck me extra hard’",AFTER,2024-12-07,23:43:23,Cady,\<attached: 00001946-AUDIO-2024-12-07-23-43-25.opus\>
2024-12-07,Henry Woods,"‘then he has a lesson so can’t fuck me againð, maybe invite those two guys over while he’s busy so he gets all worked up and jealous and wants to fuck me extra hard’",AFTER,2024-12-08,06:52:06,Henry Woods,fucking yummmm
2024-12-07,Henry Woods,"‘then he has a lesson so can’t fuck me againð, maybe invite those two guys over while he’s busy so he gets all worked up and jealous and wants to fuck me extra hard’",AFTER,2024-12-08,06:52:14,Henry Woods,yes I did want to know that...
2024-12-08,Henry Woods,Maybe start with some of her early work getting tossed around by groups of guys,BEFORE,2024-12-08,17:12:35,Henry Woods,This is why I need you here
2024-12-08,Henry Woods,Maybe start with some of her early work getting tossed around by groups of guys,BEFORE,2024-12-08,17:12:51,Cady,I knowwwww
2024-12-08,Henry Woods,Maybe start with some of her early work getting tossed around by groups of guys,BEFORE,2024-12-08,17:13:04,Henry Woods,Need my three hole cum dump so I have a choice
2024-12-08,Henry Woods,Maybe start with some of her early work getting tossed around by groups of guys,BEFORE,2024-12-08,17:13:08,Cady,It’s like I was born to be your slut
2024-12-08,Henry Woods,Maybe start with some of her early work getting tossed around by groups of guys,BEFORE,2024-12-08,17:13:45,Henry Woods,And I was born to take advantage of that fact ð
2024-12-08,Henry Woods,Maybe start with some of her early work getting tossed around by groups of guys,BEFORE,2024-12-08,17:14:02,Cady,Thank fuck
2024-12-08,Henry Woods,Maybe start with some of her early work getting tossed around by groups of guys,BEFORE,2024-12-08,19:10:10,Henry Woods,Early night cause it’s gonna be good weather for jumping tomorrow
2024-12-08,Henry Woods,Maybe start with some of her early work getting tossed around by groups of guys,BEFORE,2024-12-08,19:10:36,Henry Woods,So I’m gonna bed down and do some extensive business research on Francesca Le
2024-12-08,Henry Woods,Maybe start with some of her early work getting tossed around by groups of guys,BEFORE,2024-12-08,19:10:47,Cady,Hehehe
2024-12-08,Henry Woods,Maybe start with some of her early work getting tossed around by groups of guys,BEFORE,2024-12-08,19:10:55,Cady,Love it
2024-12-08,Henry Woods,Maybe start with some of her early work getting tossed around by groups of guys,TARGET,2024-12-08,19:11:06,Henry Woods,Maybe start with some of her early work getting tossed around by groups of guys
2024-12-08,Henry Woods,Maybe start with some of her early work getting tossed around by groups of guys,AFTER,2024-12-08,19:11:41,Cady,Hehehehe yes good idea
2024-12-08,Henry Woods,Maybe start with some of her early work getting tossed around by groups of guys,AFTER,2024-12-08,19:12:06,Henry Woods,Before moving on to her dom years pinning groups of girls down for her husband
2024-12-08,Henry Woods,Maybe start with some of her early work getting tossed around by groups of guys,AFTER,2024-12-08,19:12:18,Henry Woods,Ohhh yes she was a fucking whoooore
2024-12-08,Henry Woods,Maybe start with some of her early work getting tossed around by groups of guys,AFTER,2024-12-08,19:12:26,Henry Woods,I’ll send you possibly my favourite vid of her
2024-12-08,Henry Woods,Maybe start with some of her early work getting tossed around by groups of guys,AFTER,2024-12-08,19:13:18,Cady,\<attached: 00002078-AUDIO-2024-12-08-19-13-19.opus\>
2024-12-08,Henry Woods,Maybe start with some of her early work getting tossed around by groups of guys,AFTER,2024-12-08,19:13:28,Cady,I love when you read my mind
2024-12-08,Henry Woods,Maybe start with some of her early work getting tossed around by groups of guys,AFTER,2024-12-08,19:13:35,Henry Woods,Starts with her walking in high heels and a tiny tube top into an abandoned warehouse where like 20-30 guys are waiting for her
2024-12-08,Henry Woods,Maybe start with some of her early work getting tossed around by groups of guys,AFTER,2024-12-08,19:13:46,Cady,Mmmmmm yummy
2024-12-08,Henry Woods,Maybe start with some of her early work getting tossed around by groups of guys,AFTER,2024-12-08,19:14:18,Henry Woods,\<attached: 00002082-PHOTO-2024-12-08-19-14-20.jpg\>
2024-12-08,Henry Woods,Maybe start with some of her early work getting tossed around by groups of guys,AFTER,2024-12-08,19:14:38,Cady,Oooooo she’s so cute
2024-12-08,Henry Woods,Starts with her walking in high heels and a tiny tube top into an abandoned warehouse where like 20-30 guys are waiting for her,BEFORE,2024-12-08,19:10:36,Henry Woods,So I’m gonna bed down and do some extensive business research on Francesca Le
2024-12-08,Henry Woods,Starts with her walking in high heels and a tiny tube top into an abandoned warehouse where like 20-30 guys are waiting for her,BEFORE,2024-12-08,19:10:47,Cady,Hehehe
2024-12-08,Henry Woods,Starts with her walking in high heels and a tiny tube top into an abandoned warehouse where like 20-30 guys are waiting for her,BEFORE,2024-12-08,19:10:55,Cady,Love it
2024-12-08,Henry Woods,Starts with her walking in high heels and a tiny tube top into an abandoned warehouse where like 20-30 guys are waiting for her,BEFORE,2024-12-08,19:11:06,Henry Woods,Maybe start with some of her early work getting tossed around by groups of guys
2024-12-08,Henry Woods,Starts with her walking in high heels and a tiny tube top into an abandoned warehouse where like 20-30 guys are waiting for her,BEFORE,2024-12-08,19:11:41,Cady,Hehehehe yes good idea
2024-12-08,Henry Woods,Starts with her walking in high heels and a tiny tube top into an abandoned warehouse where like 20-30 guys are waiting for her,BEFORE,2024-12-08,19:12:06,Henry Woods,Before moving on to her dom years pinning groups of girls down for her husband
2024-12-08,Henry Woods,Starts with her walking in high heels and a tiny tube top into an abandoned warehouse where like 20-30 guys are waiting for her,BEFORE,2024-12-08,19:12:18,Henry Woods,Ohhh yes she was a fucking whoooore
2024-12-08,Henry Woods,Starts with her walking in high heels and a tiny tube top into an abandoned warehouse where like 20-30 guys are waiting for her,BEFORE,2024-12-08,19:12:26,Henry Woods,I’ll send you possibly my favourite vid of her
2024-12-08,Henry Woods,Starts with her walking in high heels and a tiny tube top into an abandoned warehouse where like 20-30 guys are waiting for her,BEFORE,2024-12-08,19:13:18,Cady,\<attached: 00002078-AUDIO-2024-12-08-19-13-19.opus\>
2024-12-08,Henry Woods,Starts with her walking in high heels and a tiny tube top into an abandoned warehouse where like 20-30 guys are waiting for her,BEFORE,2024-12-08,19:13:28,Cady,I love when you read my mind
2024-12-08,Henry Woods,Starts with her walking in high heels and a tiny tube top into an abandoned warehouse where like 20-30 guys are waiting for her,TARGET,2024-12-08,19:13:35,Henry Woods,Starts with her walking in high heels and a tiny tube top into an abandoned warehouse where like 20-30 guys are waiting for her
2024-12-08,Henry Woods,Starts with her walking in high heels and a tiny tube top into an abandoned warehouse where like 20-30 guys are waiting for her,AFTER,2024-12-08,19:13:46,Cady,Mmmmmm yummy
2024-12-08,Henry Woods,Starts with her walking in high heels and a tiny tube top into an abandoned warehouse where like 20-30 guys are waiting for her,AFTER,2024-12-08,19:14:18,Henry Woods,\<attached: 00002082-PHOTO-2024-12-08-19-14-20.jpg\>
2024-12-08,Henry Woods,Starts with her walking in high heels and a tiny tube top into an abandoned warehouse where like 20-30 guys are waiting for her,AFTER,2024-12-08,19:14:38,Cady,Oooooo she’s so cute
2024-12-08,Henry Woods,Starts with her walking in high heels and a tiny tube top into an abandoned warehouse where like 20-30 guys are waiting for her,AFTER,2024-12-08,19:14:40,Henry Woods,Ends with her looking like this \<attached: 00002084-PHOTO-2024-12-08-19-14-42.jpg\>
2024-12-08,Henry Woods,Starts with her walking in high heels and a tiny tube top into an abandoned warehouse where like 20-30 guys are waiting for her,AFTER,2024-12-08,19:15:43,Cady,What a good little whore
2024-12-08,Henry Woods,Starts with her walking in high heels and a tiny tube top into an abandoned warehouse where like 20-30 guys are waiting for her,AFTER,2024-12-08,19:15:57,Henry Woods,"I lied, it’s only 12 guys"
2024-12-08,Henry Woods,Starts with her walking in high heels and a tiny tube top into an abandoned warehouse where like 20-30 guys are waiting for her,AFTER,2024-12-08,19:16:02,Henry Woods,Amateur…
2024-12-08,Henry Woods,Starts with her walking in high heels and a tiny tube top into an abandoned warehouse where like 20-30 guys are waiting for her,AFTER,2024-12-08,19:16:18,Henry Woods,I’ll make sure you at least double that ð¤­
2024-12-08,Henry Woods,Starts with her walking in high heels and a tiny tube top into an abandoned warehouse where like 20-30 guys are waiting for her,AFTER,2024-12-08,19:16:34,Cady,Thank you baby
2024-12-08,Henry Woods,Starts with her walking in high heels and a tiny tube top into an abandoned warehouse where like 20-30 guys are waiting for her,AFTER,2024-12-08,19:16:36,Henry Woods,She is \*such\* a good whore for them though
2024-12-08,Henry Woods,"I lied, it’s only 12 guys",BEFORE,2024-12-08,19:12:18,Henry Woods,Ohhh yes she was a fucking whoooore
2024-12-08,Henry Woods,"I lied, it’s only 12 guys",BEFORE,2024-12-08,19:12:26,Henry Woods,I’ll send you possibly my favourite vid of her
2024-12-08,Henry Woods,"I lied, it’s only 12 guys",BEFORE,2024-12-08,19:13:18,Cady,\<attached: 00002078-AUDIO-2024-12-08-19-13-19.opus\>
2024-12-08,Henry Woods,"I lied, it’s only 12 guys",BEFORE,2024-12-08,19:13:28,Cady,I love when you read my mind
2024-12-08,Henry Woods,"I lied, it’s only 12 guys",BEFORE,2024-12-08,19:13:35,Henry Woods,Starts with her walking in high heels and a tiny tube top into an abandoned warehouse where like 20-30 guys are waiting for her
2024-12-08,Henry Woods,"I lied, it’s only 12 guys",BEFORE,2024-12-08,19:13:46,Cady,Mmmmmm yummy
2024-12-08,Henry Woods,"I lied, it’s only 12 guys",BEFORE,2024-12-08,19:14:18,Henry Woods,\<attached: 00002082-PHOTO-2024-12-08-19-14-20.jpg\>
2024-12-08,Henry Woods,"I lied, it’s only 12 guys",BEFORE,2024-12-08,19:14:38,Cady,Oooooo she’s so cute
2024-12-08,Henry Woods,"I lied, it’s only 12 guys",BEFORE,2024-12-08,19:14:40,Henry Woods,Ends with her looking like this \<attached: 00002084-PHOTO-2024-12-08-19-14-42.jpg\>
2024-12-08,Henry Woods,"I lied, it’s only 12 guys",BEFORE,2024-12-08,19:15:43,Cady,What a good little whore
2024-12-08,Henry Woods,"I lied, it’s only 12 guys",TARGET,2024-12-08,19:15:57,Henry Woods,"I lied, it’s only 12 guys"
2024-12-08,Henry Woods,"I lied, it’s only 12 guys",AFTER,2024-12-08,19:16:02,Henry Woods,Amateur…
2024-12-08,Henry Woods,"I lied, it’s only 12 guys",AFTER,2024-12-08,19:16:18,Henry Woods,I’ll make sure you at least double that ð¤­
2024-12-08,Henry Woods,"I lied, it’s only 12 guys",AFTER,2024-12-08,19:16:34,Cady,Thank you baby
2024-12-08,Henry Woods,"I lied, it’s only 12 guys",AFTER,2024-12-08,19:16:36,Henry Woods,She is \*such\* a good whore for them though
2024-12-08,Henry Woods,"I lied, it’s only 12 guys",AFTER,2024-12-08,19:16:45,Cady,Oooo I can’t wait to watch
2024-12-08,Henry Woods,"I lied, it’s only 12 guys",AFTER,2024-12-08,19:17:08,Henry Woods,https://www.youjizz.com/videos/francesca-le-12-man-blowbang-211092.html
2024-12-08,Henry Woods,"I lied, it’s only 12 guys",AFTER,2024-12-08,19:17:19,Henry Woods,The outfit at the beginning…
2024-12-08,Henry Woods,"I lied, it’s only 12 guys",AFTER,2024-12-08,19:17:39,Henry Woods,It just screeeeams ‘I’m just a piece of meat’
2024-12-08,Henry Woods,"I lied, it’s only 12 guys",AFTER,2024-12-08,19:18:12,Cady,Thx thx
2024-12-08,Henry Woods,"I lied, it’s only 12 guys",AFTER,2024-12-08,19:18:25,Cady,Omg it does
2024-12-08,Henry Woods,This lady is also very very nice to lots of mean men \<attached: 00002210-PHOTO-2024-12-08-20-00-18.jpg\>,BEFORE,2024-12-08,19:55:55,Cady,Hehehe
2024-12-08,Henry Woods,This lady is also very very nice to lots of mean men \<attached: 00002210-PHOTO-2024-12-08-20-00-18.jpg\>,BEFORE,2024-12-08,19:55:59,Cady,That’s cute
2024-12-08,Henry Woods,This lady is also very very nice to lots of mean men \<attached: 00002210-PHOTO-2024-12-08-20-00-18.jpg\>,BEFORE,2024-12-08,19:56:54,Cady,I’d consider tattoos with stipulations
2024-12-08,Henry Woods,This lady is also very very nice to lots of mean men \<attached: 00002210-PHOTO-2024-12-08-20-00-18.jpg\>,BEFORE,2024-12-08,19:57:23,Henry Woods,\<attached: 00002203-PHOTO-2024-12-08-19-57-25.jpg\>
2024-12-08,Henry Woods,This lady is also very very nice to lots of mean men \<attached: 00002210-PHOTO-2024-12-08-20-00-18.jpg\>,BEFORE,2024-12-08,19:57:44,Cady,Heh adorable slut
2024-12-08,Henry Woods,This lady is also very very nice to lots of mean men \<attached: 00002210-PHOTO-2024-12-08-20-00-18.jpg\>,BEFORE,2024-12-08,19:57:44,Henry Woods,\<attached: 00002205-PHOTO-2024-12-08-19-57-46.jpg\>
2024-12-08,Henry Woods,This lady is also very very nice to lots of mean men \<attached: 00002210-PHOTO-2024-12-08-20-00-18.jpg\>,BEFORE,2024-12-08,19:58:00,Cady,I’m at the pharmacy so having to peek at these
2024-12-08,Henry Woods,This lady is also very very nice to lots of mean men \<attached: 00002210-PHOTO-2024-12-08-20-00-18.jpg\>,BEFORE,2024-12-08,19:58:12,Cady,Ooooh that’s pretty
2024-12-08,Henry Woods,This lady is also very very nice to lots of mean men \<attached: 00002210-PHOTO-2024-12-08-20-00-18.jpg\>,BEFORE,2024-12-08,19:58:35,Henry Woods,"This is Kristy Black, I’m a huge fan of her work"
2024-12-08,Henry Woods,This lady is also very very nice to lots of mean men \<attached: 00002210-PHOTO-2024-12-08-20-00-18.jpg\>,BEFORE,2024-12-08,19:58:52,Cady,I’ll look her up
2024-12-08,Henry Woods,This lady is also very very nice to lots of mean men \<attached: 00002210-PHOTO-2024-12-08-20-00-18.jpg\>,TARGET,2024-12-08,20:00:16,Henry Woods,This lady is also very very nice to lots of mean men \<attached: 00002210-PHOTO-2024-12-08-20-00-18.jpg\>
2024-12-08,Henry Woods,This lady is also very very nice to lots of mean men \<attached: 00002210-PHOTO-2024-12-08-20-00-18.jpg\>,AFTER,2024-12-08,20:00:37,Cady,Cute ass
2024-12-08,Henry Woods,This lady is also very very nice to lots of mean men \<attached: 00002210-PHOTO-2024-12-08-20-00-18.jpg\>,AFTER,2024-12-08,20:00:42,Henry Woods,Found a photo with her name so you can also look her up
2024-12-08,Henry Woods,This lady is also very very nice to lots of mean men \<attached: 00002210-PHOTO-2024-12-08-20-00-18.jpg\>,AFTER,2024-12-08,20:01:03,Cady,You’re so considerate xxx
2024-12-08,Henry Woods,This lady is also very very nice to lots of mean men \<attached: 00002210-PHOTO-2024-12-08-20-00-18.jpg\>,AFTER,2024-12-08,20:01:11,Cady,God I can’t wait to see you
2024-12-08,Henry Woods,This lady is also very very nice to lots of mean men \<attached: 00002210-PHOTO-2024-12-08-20-00-18.jpg\>,AFTER,2024-12-08,20:01:31,Cady,I just remember us climbing all over each other at my door in south london and it’s going to be so much worse than that
2024-12-08,Henry Woods,This lady is also very very nice to lots of mean men \<attached: 00002210-PHOTO-2024-12-08-20-00-18.jpg\>,AFTER,2024-12-08,20:01:59,Henry Woods,Mmmmh fuck I knowww
2024-12-08,Henry Woods,This lady is also very very nice to lots of mean men \<attached: 00002210-PHOTO-2024-12-08-20-00-18.jpg\>,AFTER,2024-12-08,20:03:27,Henry Woods,FYI \<attached: 00002217-PHOTO-2024-12-08-20-03-29.jpg\>
2024-12-08,Henry Woods,This lady is also very very nice to lots of mean men \<attached: 00002210-PHOTO-2024-12-08-20-00-18.jpg\>,AFTER,2024-12-08,20:03:41,Henry Woods,I’ll wait for the all clear before I send you more nsfw ones
2024-12-08,Henry Woods,This lady is also very very nice to lots of mean men \<attached: 00002210-PHOTO-2024-12-08-20-00-18.jpg\>,AFTER,2024-12-08,20:03:57,Henry Woods,.
2024-12-08,Henry Woods,This lady is also very very nice to lots of mean men \<attached: 00002210-PHOTO-2024-12-08-20-00-18.jpg\>,AFTER,2024-12-08,20:04:19,Henry Woods,So you can carry on messaging without obvious porn open
2024-12-08,Henry Woods,"Yeah she’s had her makeup done so he’s continuously telling the guys not to touch her face, so she’s just standing with her ass out and they’re just passing her round casually like ‘well we’re waiting",BEFORE,2024-12-08,20:08:15,Henry Woods,"I like it when they’re smart and sexy, and have deliberately chosen to be treated like a dumb whore"
2024-12-08,Henry Woods,"Yeah she’s had her makeup done so he’s continuously telling the guys not to touch her face, so she’s just standing with her ass out and they’re just passing her round casually like ‘well we’re waiting",BEFORE,2024-12-08,20:08:31,Cady,\<attached: 00002229-AUDIO-2024-12-08-20-08-32.opus\>
2024-12-08,Henry Woods,"Yeah she’s had her makeup done so he’s continuously telling the guys not to touch her face, so she’s just standing with her ass out and they’re just passing her round casually like ‘well we’re waiting",BEFORE,2024-12-08,20:08:49,Cady,It’s more empowering when you fully consent I feel
2024-12-08,Henry Woods,"Yeah she’s had her makeup done so he’s continuously telling the guys not to touch her face, so she’s just standing with her ass out and they’re just passing her round casually like ‘well we’re waiting",BEFORE,2024-12-08,20:08:58,Henry Woods,She just IS a dumb whore
2024-12-08,Henry Woods,"Yeah she’s had her makeup done so he’s continuously telling the guys not to touch her face, so she’s just standing with her ass out and they’re just passing her round casually like ‘well we’re waiting",BEFORE,2024-12-08,20:09:08,Henry Woods,And to be fair she fits that role exceptionally well
2024-12-08,Henry Woods,"Yeah she’s had her makeup done so he’s continuously telling the guys not to touch her face, so she’s just standing with her ass out and they’re just passing her round casually like ‘well we’re waiting",BEFORE,2024-12-08,20:09:28,Cady,Aint no shame in that
2024-12-08,Henry Woods,"Yeah she’s had her makeup done so he’s continuously telling the guys not to touch her face, so she’s just standing with her ass out and they’re just passing her round casually like ‘well we’re waiting",BEFORE,2024-12-08,20:09:41,Cady,I no
2024-12-08,Henry Woods,"Yeah she’s had her makeup done so he’s continuously telling the guys not to touch her face, so she’s just standing with her ass out and they’re just passing her round casually like ‘well we’re waiting",BEFORE,2024-12-08,20:09:54,Henry Woods,I remember seeing a behind the scenes video of her getting gangbanged \*before\* the shoot
2024-12-08,Henry Woods,"Yeah she’s had her makeup done so he’s continuously telling the guys not to touch her face, so she’s just standing with her ass out and they’re just passing her round casually like ‘well we’re waiting",BEFORE,2024-12-08,20:10:24,Cady,Ahaha
2024-12-08,Henry Woods,"Yeah she’s had her makeup done so he’s continuously telling the guys not to touch her face, so she’s just standing with her ass out and they’re just passing her round casually like ‘well we’re waiting",BEFORE,2024-12-08,20:10:45,Henry Woods,And the cameraman is taking the piss and asks her about politics or something and she looks at him like isn’t really sure what half the words he said were \<This message was edited\>
2024-12-08,Henry Woods,"Yeah she’s had her makeup done so he’s continuously telling the guys not to touch her face, so she’s just standing with her ass out and they’re just passing her round casually like ‘well we’re waiting",TARGET,2024-12-08,20:12:18,Henry Woods,"Yeah she’s had her makeup done so he’s continuously telling the guys not to touch her face, so she’s just standing with her ass out and they’re just passing her round casually like ‘well we’re waiting around, may as well stick my dick in the slut for a bit’"
2024-12-08,Henry Woods,"Yeah she’s had her makeup done so he’s continuously telling the guys not to touch her face, so she’s just standing with her ass out and they’re just passing her round casually like ‘well we’re waiting",AFTER,2024-12-08,20:12:36,Henry Woods,It’s fucking hot
2024-12-08,Henry Woods,"Yeah she’s had her makeup done so he’s continuously telling the guys not to touch her face, so she’s just standing with her ass out and they’re just passing her round casually like ‘well we’re waiting",AFTER,2024-12-08,20:12:59,Cady,Hahahahaha
2024-12-08,Henry Woods,"Yeah she’s had her makeup done so he’s continuously telling the guys not to touch her face, so she’s just standing with her ass out and they’re just passing her round casually like ‘well we’re waiting",AFTER,2024-12-08,20:13:09,Cady,I love the behind the scenes
2024-12-08,Henry Woods,"Yeah she’s had her makeup done so he’s continuously telling the guys not to touch her face, so she’s just standing with her ass out and they’re just passing her round casually like ‘well we’re waiting",AFTER,2024-12-08,20:14:21,Henry Woods,Something about the way that she’s just stood there concentrating on something else while 8 guys line up and fuck her
2024-12-08,Henry Woods,"Yeah she’s had her makeup done so he’s continuously telling the guys not to touch her face, so she’s just standing with her ass out and they’re just passing her round casually like ‘well we’re waiting",AFTER,2024-12-08,20:15:05,Cady,Yeah exactly
2024-12-08,Henry Woods,"Yeah she’s had her makeup done so he’s continuously telling the guys not to touch her face, so she’s just standing with her ass out and they’re just passing her round casually like ‘well we’re waiting",AFTER,2024-12-08,20:15:07,Henry Woods,Like she’s such a total slut that 8 guys casually passing her around barely even registers
2024-12-08,Henry Woods,"Yeah she’s had her makeup done so he’s continuously telling the guys not to touch her face, so she’s just standing with her ass out and they’re just passing her round casually like ‘well we’re waiting",AFTER,2024-12-08,20:15:12,Cady,Mmmhm
2024-12-08,Henry Woods,"Yeah she’s had her makeup done so he’s continuously telling the guys not to touch her face, so she’s just standing with her ass out and they’re just passing her round casually like ‘well we’re waiting",AFTER,2024-12-08,20:15:37,Henry Woods,Want me to find it for you?
2024-12-08,Henry Woods,"Yeah she’s had her makeup done so he’s continuously telling the guys not to touch her face, so she’s just standing with her ass out and they’re just passing her round casually like ‘well we’re waiting",AFTER,2024-12-08,21:33:40,Cady,Yes please
2024-12-08,Henry Woods,"Yeah she’s had her makeup done so he’s continuously telling the guys not to touch her face, so she’s just standing with her ass out and they’re just passing her round casually like ‘well we’re waiting",AFTER,2024-12-08,21:33:46,Cady,Sorry I didn’t see that message
2024-12-08,Henry Woods,Something about the way that she’s just stood there concentrating on something else while 8 guys line up and fuck her,BEFORE,2024-12-08,20:09:08,Henry Woods,And to be fair she fits that role exceptionally well
2024-12-08,Henry Woods,Something about the way that she’s just stood there concentrating on something else while 8 guys line up and fuck her,BEFORE,2024-12-08,20:09:28,Cady,Aint no shame in that
2024-12-08,Henry Woods,Something about the way that she’s just stood there concentrating on something else while 8 guys line up and fuck her,BEFORE,2024-12-08,20:09:41,Cady,I no
2024-12-08,Henry Woods,Something about the way that she’s just stood there concentrating on something else while 8 guys line up and fuck her,BEFORE,2024-12-08,20:09:54,Henry Woods,I remember seeing a behind the scenes video of her getting gangbanged \*before\* the shoot
2024-12-08,Henry Woods,Something about the way that she’s just stood there concentrating on something else while 8 guys line up and fuck her,BEFORE,2024-12-08,20:10:24,Cady,Ahaha
2024-12-08,Henry Woods,Something about the way that she’s just stood there concentrating on something else while 8 guys line up and fuck her,BEFORE,2024-12-08,20:10:45,Henry Woods,And the cameraman is taking the piss and asks her about politics or something and she looks at him like isn’t really sure what half the words he said were \<This message was edited\>
2024-12-08,Henry Woods,Something about the way that she’s just stood there concentrating on something else while 8 guys line up and fuck her,BEFORE,2024-12-08,20:12:18,Henry Woods,"Yeah she’s had her makeup done so he’s continuously telling the guys not to touch her face, so she’s just standing with her ass out and they’re just passing her round casually like ‘well we’re waiting around, may as well stick my dick in the slut for a bit’"
2024-12-08,Henry Woods,Something about the way that she’s just stood there concentrating on something else while 8 guys line up and fuck her,BEFORE,2024-12-08,20:12:36,Henry Woods,It’s fucking hot
2024-12-08,Henry Woods,Something about the way that she’s just stood there concentrating on something else while 8 guys line up and fuck her,BEFORE,2024-12-08,20:12:59,Cady,Hahahahaha
2024-12-08,Henry Woods,Something about the way that she’s just stood there concentrating on something else while 8 guys line up and fuck her,BEFORE,2024-12-08,20:13:09,Cady,I love the behind the scenes
2024-12-08,Henry Woods,Something about the way that she’s just stood there concentrating on something else while 8 guys line up and fuck her,TARGET,2024-12-08,20:14:21,Henry Woods,Something about the way that she’s just stood there concentrating on something else while 8 guys line up and fuck her
2024-12-08,Henry Woods,Something about the way that she’s just stood there concentrating on something else while 8 guys line up and fuck her,AFTER,2024-12-08,20:15:05,Cady,Yeah exactly
2024-12-08,Henry Woods,Something about the way that she’s just stood there concentrating on something else while 8 guys line up and fuck her,AFTER,2024-12-08,20:15:07,Henry Woods,Like she’s such a total slut that 8 guys casually passing her around barely even registers
2024-12-08,Henry Woods,Something about the way that she’s just stood there concentrating on something else while 8 guys line up and fuck her,AFTER,2024-12-08,20:15:12,Cady,Mmmhm
2024-12-08,Henry Woods,Something about the way that she’s just stood there concentrating on something else while 8 guys line up and fuck her,AFTER,2024-12-08,20:15:37,Henry Woods,Want me to find it for you?
2024-12-08,Henry Woods,Something about the way that she’s just stood there concentrating on something else while 8 guys line up and fuck her,AFTER,2024-12-08,21:33:40,Cady,Yes please
2024-12-08,Henry Woods,Something about the way that she’s just stood there concentrating on something else while 8 guys line up and fuck her,AFTER,2024-12-08,21:33:46,Cady,Sorry I didn’t see that message
2024-12-08,Henry Woods,Something about the way that she’s just stood there concentrating on something else while 8 guys line up and fuck her,AFTER,2024-12-09,01:34:45,Henry Woods,https://m.tnaflix.com/hd-videos/Katrina-Jade-BTS/video5744592
2024-12-08,Henry Woods,Something about the way that she’s just stood there concentrating on something else while 8 guys line up and fuck her,AFTER,2024-12-09,01:40:04,Cady,Thank you baby
2024-12-08,Henry Woods,Something about the way that she’s just stood there concentrating on something else while 8 guys line up and fuck her,AFTER,2024-12-09,01:40:16,Cady,lol should I watch this while I’m rolling cutlery at work??
2024-12-08,Henry Woods,Something about the way that she’s just stood there concentrating on something else while 8 guys line up and fuck her,AFTER,2024-12-09,01:40:19,Cady,Probably not
2024-12-08,Henry Woods,Like she’s such a total slut that 8 guys casually passing her around barely even registers,BEFORE,2024-12-08,20:09:41,Cady,I no
2024-12-08,Henry Woods,Like she’s such a total slut that 8 guys casually passing her around barely even registers,BEFORE,2024-12-08,20:09:54,Henry Woods,I remember seeing a behind the scenes video of her getting gangbanged \*before\* the shoot
2024-12-08,Henry Woods,Like she’s such a total slut that 8 guys casually passing her around barely even registers,BEFORE,2024-12-08,20:10:24,Cady,Ahaha
2024-12-08,Henry Woods,Like she’s such a total slut that 8 guys casually passing her around barely even registers,BEFORE,2024-12-08,20:10:45,Henry Woods,And the cameraman is taking the piss and asks her about politics or something and she looks at him like isn’t really sure what half the words he said were \<This message was edited\>
2024-12-08,Henry Woods,Like she’s such a total slut that 8 guys casually passing her around barely even registers,BEFORE,2024-12-08,20:12:18,Henry Woods,"Yeah she’s had her makeup done so he’s continuously telling the guys not to touch her face, so she’s just standing with her ass out and they’re just passing her round casually like ‘well we’re waiting around, may as well stick my dick in the slut for a bit’"
2024-12-08,Henry Woods,Like she’s such a total slut that 8 guys casually passing her around barely even registers,BEFORE,2024-12-08,20:12:36,Henry Woods,It’s fucking hot
2024-12-08,Henry Woods,Like she’s such a total slut that 8 guys casually passing her around barely even registers,BEFORE,2024-12-08,20:12:59,Cady,Hahahahaha
2024-12-08,Henry Woods,Like she’s such a total slut that 8 guys casually passing her around barely even registers,BEFORE,2024-12-08,20:13:09,Cady,I love the behind the scenes
2024-12-08,Henry Woods,Like she’s such a total slut that 8 guys casually passing her around barely even registers,BEFORE,2024-12-08,20:14:21,Henry Woods,Something about the way that she’s just stood there concentrating on something else while 8 guys line up and fuck her
2024-12-08,Henry Woods,Like she’s such a total slut that 8 guys casually passing her around barely even registers,BEFORE,2024-12-08,20:15:05,Cady,Yeah exactly
2024-12-08,Henry Woods,Like she’s such a total slut that 8 guys casually passing her around barely even registers,TARGET,2024-12-08,20:15:07,Henry Woods,Like she’s such a total slut that 8 guys casually passing her around barely even registers
2024-12-08,Henry Woods,Like she’s such a total slut that 8 guys casually passing her around barely even registers,AFTER,2024-12-08,20:15:12,Cady,Mmmhm
2024-12-08,Henry Woods,Like she’s such a total slut that 8 guys casually passing her around barely even registers,AFTER,2024-12-08,20:15:37,Henry Woods,Want me to find it for you?
2024-12-08,Henry Woods,Like she’s such a total slut that 8 guys casually passing her around barely even registers,AFTER,2024-12-08,21:33:40,Cady,Yes please
2024-12-08,Henry Woods,Like she’s such a total slut that 8 guys casually passing her around barely even registers,AFTER,2024-12-08,21:33:46,Cady,Sorry I didn’t see that message
2024-12-08,Henry Woods,Like she’s such a total slut that 8 guys casually passing her around barely even registers,AFTER,2024-12-09,01:34:45,Henry Woods,https://m.tnaflix.com/hd-videos/Katrina-Jade-BTS/video5744592
2024-12-08,Henry Woods,Like she’s such a total slut that 8 guys casually passing her around barely even registers,AFTER,2024-12-09,01:40:04,Cady,Thank you baby
2024-12-08,Henry Woods,Like she’s such a total slut that 8 guys casually passing her around barely even registers,AFTER,2024-12-09,01:40:16,Cady,lol should I watch this while I’m rolling cutlery at work??
2024-12-08,Henry Woods,Like she’s such a total slut that 8 guys casually passing her around barely even registers,AFTER,2024-12-09,01:40:19,Cady,Probably not
2024-12-08,Henry Woods,Like she’s such a total slut that 8 guys casually passing her around barely even registers,AFTER,2024-12-09,01:41:25,Henry Woods,ð
2024-12-08,Henry Woods,Like she’s such a total slut that 8 guys casually passing her around barely even registers,AFTER,2024-12-09,01:51:21,Cady,I thought you were getting an early night\!
2024-12-09,Henry Woods,Men: I never get laid enough,BEFORE,2024-12-09,05:19:23,Henry Woods,I did
2024-12-09,Henry Woods,Men: I never get laid enough,BEFORE,2024-12-09,05:19:30,Henry Woods,And then woke up horny
2024-12-09,Henry Woods,Men: I never get laid enough,BEFORE,2024-12-09,07:18:01,Henry Woods,Can’t wait to hear about last night :p
2024-12-09,Henry Woods,Men: I never get laid enough,BEFORE,2024-12-09,07:18:14,Henry Woods,/tonight
2024-12-09,Henry Woods,Men: I never get laid enough,BEFORE,2024-12-09,07:18:26,Cady,Hehe
2024-12-09,Henry Woods,Men: I never get laid enough,BEFORE,2024-12-09,07:18:43,Cady,9” disappeared sadly
2024-12-09,Henry Woods,Men: I never get laid enough,BEFORE,2024-12-09,07:18:52,Henry Woods,Oh noooo
2024-12-09,Henry Woods,Men: I never get laid enough,BEFORE,2024-12-09,07:19:03,Henry Woods,I’ll find two to take his place
2024-12-09,Henry Woods,Men: I never get laid enough,BEFORE,2024-12-09,07:19:10,Cady,You’re the best
2024-12-09,Henry Woods,Men: I never get laid enough,BEFORE,2024-12-09,07:19:25,Cady,Going back to sleep now ð
2024-12-09,Henry Woods,Men: I never get laid enough,TARGET,2024-12-09,07:20:12,Henry Woods,Men: I never get laid enough
2024-12-09,Henry Woods,Men: I never get laid enough,AFTER,2024-12-09,07:20:22,Cady,Lolol
2024-12-09,Henry Woods,Men: I never get laid enough,AFTER,2024-12-09,07:20:24,Henry Woods,ð­
2024-12-09,Henry Woods,Men: I never get laid enough,AFTER,2024-12-09,07:21:00,Henry Woods,Sleep well my darling
2024-12-09,Henry Woods,Men: I never get laid enough,AFTER,2024-12-09,07:21:11,Cady,ð
2024-12-09,Henry Woods,Men: I never get laid enough,AFTER,2024-12-09,10:27:14,Cady,My turn to keep waking up thinking about fucking you multiple times tonight apparently
2024-12-09,Henry Woods,Men: I never get laid enough,AFTER,2024-12-09,12:35:38,Henry Woods,Hehe
2024-12-09,Henry Woods,Men: I never get laid enough,AFTER,2024-12-09,12:35:53,Henry Woods,First 2 solo jumps done\!
2024-12-09,Henry Woods,Men: I never get laid enough,AFTER,2024-12-09,12:36:13,Henry Woods,I can now sign myself up to the jumps so already booked the next :)
2024-12-09,Henry Woods,Men: I never get laid enough,AFTER,2024-12-09,14:09:25,Cady,That’s awesome\!\!\!
2024-12-09,Henry Woods,Men: I never get laid enough,AFTER,2024-12-09,14:09:34,Cady,We’ll done and
2024-12-09,Henry Woods,And either find a visa sponsor or the nearest registry office ð,BEFORE,2024-12-09,16:03:08,Cady,Said it should be no problem to travel the 19rh
2024-12-09,Henry Woods,And either find a visa sponsor or the nearest registry office ð,BEFORE,2024-12-09,16:03:18,Cady,I’m still kinda in disbelief about all this
2024-12-09,Henry Woods,And either find a visa sponsor or the nearest registry office ð,BEFORE,2024-12-09,18:39:45,Henry Woods,5 solo jumps total today
2024-12-09,Henry Woods,And either find a visa sponsor or the nearest registry office ð,BEFORE,2024-12-09,18:40:00,Henry Woods,ððð
2024-12-09,Henry Woods,And either find a visa sponsor or the nearest registry office ð,BEFORE,2024-12-09,18:40:17,Henry Woods,Let me look into it all tomorrow
2024-12-09,Henry Woods,And either find a visa sponsor or the nearest registry office ð,BEFORE,2024-12-09,18:41:32,Cady,Omg you go baby\!\!\!
2024-12-09,Henry Woods,And either find a visa sponsor or the nearest registry office ð,BEFORE,2024-12-09,18:41:44,Cady,Just paid to expedite it so it should be good to go they said
2024-12-09,Henry Woods,And either find a visa sponsor or the nearest registry office ð,BEFORE,2024-12-09,19:20:32,Henry Woods,Rock n roll
2024-12-09,Henry Woods,And either find a visa sponsor or the nearest registry office ð,BEFORE,2024-12-09,19:20:43,Henry Woods,Do you want a return flight too?
2024-12-09,Henry Woods,And either find a visa sponsor or the nearest registry office ð,BEFORE,2024-12-09,19:20:55,Henry Woods,Tbh I’m tempted to book one way
2024-12-09,Henry Woods,And either find a visa sponsor or the nearest registry office ð,TARGET,2024-12-09,19:21:37,Henry Woods,And either find a visa sponsor or the nearest registry office ð
2024-12-09,Henry Woods,And either find a visa sponsor or the nearest registry office ð,AFTER,2024-12-09,19:23:31,Cady,Hahaha
2024-12-09,Henry Woods,And either find a visa sponsor or the nearest registry office ð,AFTER,2024-12-09,19:23:34,Cady,God I love ya
2024-12-09,Henry Woods,And either find a visa sponsor or the nearest registry office ð,AFTER,2024-12-09,19:24:14,Cady,Yeah I need to finish teach for America
2024-12-09,Henry Woods,And either find a visa sponsor or the nearest registry office ð,AFTER,2024-12-09,19:24:25,Cady,But this summer I’m yours
2024-12-09,Henry Woods,And either find a visa sponsor or the nearest registry office ð,AFTER,2024-12-09,19:24:37,Henry Woods,Deal
2024-12-09,Henry Woods,And either find a visa sponsor or the nearest registry office ð,AFTER,2024-12-09,19:24:42,Henry Woods,No take backs
2024-12-09,Henry Woods,And either find a visa sponsor or the nearest registry office ð,AFTER,2024-12-09,19:25:25,Cady,I would never hahaha
2024-12-09,Henry Woods,And either find a visa sponsor or the nearest registry office ð,AFTER,2024-12-09,19:25:53,Cady,90% of me is like fuck it let’s do it
2024-12-09,Henry Woods,And either find a visa sponsor or the nearest registry office ð,AFTER,2024-12-09,19:26:10,Cady,But I think finishing teaching is the right thing to do
2024-12-09,Henry Woods,And either find a visa sponsor or the nearest registry office ð,AFTER,2024-12-09,19:26:15,Henry Woods,10% is sensible
2024-12-09,Henry Woods,‘Sorry Candy is busy at the moment conducting research on 30 men’,BEFORE,2024-12-09,19:39:17,Cady,\<attached: 00002339-AUDIO-2024-12-09-19-39-18.opus\>
2024-12-09,Henry Woods,‘Sorry Candy is busy at the moment conducting research on 30 men’,BEFORE,2024-12-09,19:40:23,Cady,\<attached: 00002340-AUDIO-2024-12-09-19-40-24.opus\>
2024-12-09,Henry Woods,‘Sorry Candy is busy at the moment conducting research on 30 men’,BEFORE,2024-12-09,19:41:04,Henry Woods,Kinsey was great and that would be awesome
2024-12-09,Henry Woods,‘Sorry Candy is busy at the moment conducting research on 30 men’,BEFORE,2024-12-09,19:41:31,Henry Woods,Pornstar with a PhD in sex is a fucking hottttt tagline \<This message was edited\>
2024-12-09,Henry Woods,‘Sorry Candy is busy at the moment conducting research on 30 men’,BEFORE,2024-12-09,19:41:37,Cady,Right???
2024-12-09,Henry Woods,‘Sorry Candy is busy at the moment conducting research on 30 men’,BEFORE,2024-12-09,19:41:46,Cady,Then I just get to conduct research and collect data
2024-12-09,Henry Woods,‘Sorry Candy is busy at the moment conducting research on 30 men’,BEFORE,2024-12-09,19:41:55,Cady,And publish
2024-12-09,Henry Woods,‘Sorry Candy is busy at the moment conducting research on 30 men’,BEFORE,2024-12-09,19:42:08,Henry Woods,‘Conduct research’
2024-12-09,Henry Woods,‘Sorry Candy is busy at the moment conducting research on 30 men’,BEFORE,2024-12-09,19:42:17,Cady,Fuck and fuck and fuck and fuck
2024-12-09,Henry Woods,‘Sorry Candy is busy at the moment conducting research on 30 men’,BEFORE,2024-12-09,19:42:22,Cady,And organise more fucking
2024-12-09,Henry Woods,‘Sorry Candy is busy at the moment conducting research on 30 men’,TARGET,2024-12-09,19:42:32,Henry Woods,‘Sorry Candy is busy at the moment conducting research on 30 men’
2024-12-09,Henry Woods,‘Sorry Candy is busy at the moment conducting research on 30 men’,AFTER,2024-12-09,19:42:38,Cady,Hehehehe
2024-12-09,Henry Woods,‘Sorry Candy is busy at the moment conducting research on 30 men’,AFTER,2024-12-09,19:43:12,Henry Woods,She’s doing a study on how having a huge penis affects aggression responses
2024-12-09,Henry Woods,‘Sorry Candy is busy at the moment conducting research on 30 men’,AFTER,2024-12-09,19:43:25,Cady,\<attached: 00002352-AUDIO-2024-12-09-19-43-27.opus\>
2024-12-09,Henry Woods,‘Sorry Candy is busy at the moment conducting research on 30 men’,AFTER,2024-12-09,19:44:57,Henry Woods,I wanna see you on CNN as the ‘leading expert in giganto phallus syndrome’
2024-12-09,Henry Woods,‘Sorry Candy is busy at the moment conducting research on 30 men’,AFTER,2024-12-09,19:46:50,Henry Woods,"‘This researcher found that when surrounded by other huge penised men, the males typically used to being the alpha increased their macho responses in order to outcompete’"
2024-12-09,Henry Woods,‘Sorry Candy is busy at the moment conducting research on 30 men’,AFTER,2024-12-09,19:47:37,Cady,I can see it now
2024-12-09,Henry Woods,‘Sorry Candy is busy at the moment conducting research on 30 men’,AFTER,2024-12-09,19:48:32,Henry Woods,‘Resulting in very positive feedback as each more masculine display caused the other males to exponentially increase their socio-masculinity levels’
2024-12-09,Henry Woods,‘Sorry Candy is busy at the moment conducting research on 30 men’,AFTER,2024-12-09,19:48:56,Henry Woods,…more research into this field will DEFINITELY be needed
2024-12-09,Henry Woods,‘Sorry Candy is busy at the moment conducting research on 30 men’,AFTER,2024-12-09,19:49:32,Cady,I think so\!\!\!
2024-12-09,Henry Woods,‘Sorry Candy is busy at the moment conducting research on 30 men’,AFTER,2024-12-09,19:49:50,Henry Woods,A scholar’s work is never done
2024-12-09,Henry Woods,"‘This researcher found that when surrounded by other huge penised men, the males typically used to being the alpha increased their macho responses in order to outcompete’",BEFORE,2024-12-09,19:41:46,Cady,Then I just get to conduct research and collect data
2024-12-09,Henry Woods,"‘This researcher found that when surrounded by other huge penised men, the males typically used to being the alpha increased their macho responses in order to outcompete’",BEFORE,2024-12-09,19:41:55,Cady,And publish
2024-12-09,Henry Woods,"‘This researcher found that when surrounded by other huge penised men, the males typically used to being the alpha increased their macho responses in order to outcompete’",BEFORE,2024-12-09,19:42:08,Henry Woods,‘Conduct research’
2024-12-09,Henry Woods,"‘This researcher found that when surrounded by other huge penised men, the males typically used to being the alpha increased their macho responses in order to outcompete’",BEFORE,2024-12-09,19:42:17,Cady,Fuck and fuck and fuck and fuck
2024-12-09,Henry Woods,"‘This researcher found that when surrounded by other huge penised men, the males typically used to being the alpha increased their macho responses in order to outcompete’",BEFORE,2024-12-09,19:42:22,Cady,And organise more fucking
2024-12-09,Henry Woods,"‘This researcher found that when surrounded by other huge penised men, the males typically used to being the alpha increased their macho responses in order to outcompete’",BEFORE,2024-12-09,19:42:32,Henry Woods,‘Sorry Candy is busy at the moment conducting research on 30 men’
2024-12-09,Henry Woods,"‘This researcher found that when surrounded by other huge penised men, the males typically used to being the alpha increased their macho responses in order to outcompete’",BEFORE,2024-12-09,19:42:38,Cady,Hehehehe
2024-12-09,Henry Woods,"‘This researcher found that when surrounded by other huge penised men, the males typically used to being the alpha increased their macho responses in order to outcompete’",BEFORE,2024-12-09,19:43:12,Henry Woods,She’s doing a study on how having a huge penis affects aggression responses
2024-12-09,Henry Woods,"‘This researcher found that when surrounded by other huge penised men, the males typically used to being the alpha increased their macho responses in order to outcompete’",BEFORE,2024-12-09,19:43:25,Cady,\<attached: 00002352-AUDIO-2024-12-09-19-43-27.opus\>
2024-12-09,Henry Woods,"‘This researcher found that when surrounded by other huge penised men, the males typically used to being the alpha increased their macho responses in order to outcompete’",BEFORE,2024-12-09,19:44:57,Henry Woods,I wanna see you on CNN as the ‘leading expert in giganto phallus syndrome’
2024-12-09,Henry Woods,"‘This researcher found that when surrounded by other huge penised men, the males typically used to being the alpha increased their macho responses in order to outcompete’",TARGET,2024-12-09,19:46:50,Henry Woods,"‘This researcher found that when surrounded by other huge penised men, the males typically used to being the alpha increased their macho responses in order to outcompete’"
2024-12-09,Henry Woods,"‘This researcher found that when surrounded by other huge penised men, the males typically used to being the alpha increased their macho responses in order to outcompete’",AFTER,2024-12-09,19:47:37,Cady,I can see it now
2024-12-09,Henry Woods,"‘This researcher found that when surrounded by other huge penised men, the males typically used to being the alpha increased their macho responses in order to outcompete’",AFTER,2024-12-09,19:48:32,Henry Woods,‘Resulting in very positive feedback as each more masculine display caused the other males to exponentially increase their socio-masculinity levels’
2024-12-09,Henry Woods,"‘This researcher found that when surrounded by other huge penised men, the males typically used to being the alpha increased their macho responses in order to outcompete’",AFTER,2024-12-09,19:48:56,Henry Woods,…more research into this field will DEFINITELY be needed
2024-12-09,Henry Woods,"‘This researcher found that when surrounded by other huge penised men, the males typically used to being the alpha increased their macho responses in order to outcompete’",AFTER,2024-12-09,19:49:32,Cady,I think so\!\!\!
2024-12-09,Henry Woods,"‘This researcher found that when surrounded by other huge penised men, the males typically used to being the alpha increased their macho responses in order to outcompete’",AFTER,2024-12-09,19:49:50,Henry Woods,A scholar’s work is never done
2024-12-09,Henry Woods,"‘This researcher found that when surrounded by other huge penised men, the males typically used to being the alpha increased their macho responses in order to outcompete’",AFTER,2024-12-09,19:49:51,Cady,I’m particularly passionate about research on women’s orgasms too
2024-12-09,Henry Woods,"‘This researcher found that when surrounded by other huge penised men, the males typically used to being the alpha increased their macho responses in order to outcompete’",AFTER,2024-12-09,19:49:54,Cady,Never
2024-12-09,Henry Woods,"‘This researcher found that when surrounded by other huge penised men, the males typically used to being the alpha increased their macho responses in order to outcompete’",AFTER,2024-12-09,19:50:01,Henry Woods,Oh definitely
2024-12-09,Henry Woods,"‘This researcher found that when surrounded by other huge penised men, the males typically used to being the alpha increased their macho responses in order to outcompete’",AFTER,2024-12-09,19:50:22,Henry Woods,Tbh I think maybe you’d prefer to specialise here
2024-12-09,Henry Woods,"‘This researcher found that when surrounded by other huge penised men, the males typically used to being the alpha increased their macho responses in order to outcompete’",AFTER,2024-12-09,19:50:36,Cady,Probably
2025-01-13,Cady,Reset my phone so I have room to send you filthy content but lost a week of our texts :(,BEFORE,2025-01-07,20:18:53,Cady,Xxxxx
2025-01-13,Cady,Reset my phone so I have room to send you filthy content but lost a week of our texts :(,BEFORE,2025-01-07,20:18:54,Cady,Shit
2025-01-13,Cady,Reset my phone so I have room to send you filthy content but lost a week of our texts :(,BEFORE,2025-01-07,20:18:57,Cady,Do you have AirPods
2025-01-13,Cady,Reset my phone so I have room to send you filthy content but lost a week of our texts :(,BEFORE,2025-01-07,20:29:36,Henry Woods,They’ve had to deliver him an extra piece of belt to make the seatbelt big enough ðð
2025-01-13,Cady,Reset my phone so I have room to send you filthy content but lost a week of our texts :(,BEFORE,2025-01-07,20:29:42,Henry Woods,No stupidly I left them
2025-01-13,Cady,Reset my phone so I have room to send you filthy content but lost a week of our texts :(,BEFORE,2025-01-07,20:30:05,Henry Woods,Might have to put the airline headphones on and listen to music
2025-01-13,Cady,Reset my phone so I have room to send you filthy content but lost a week of our texts :(,BEFORE,2025-01-07,20:31:37,Cady,Omg
2025-01-13,Cady,Reset my phone so I have room to send you filthy content but lost a week of our texts :(,BEFORE,2025-01-07,20:31:49,Cady,Yeah deffo with the EarPods
2025-01-13,Cady,Reset my phone so I have room to send you filthy content but lost a week of our texts :(,BEFORE,2025-01-07,20:32:01,Cady,I hope he gets the picture
2025-01-13,Cady,Reset my phone so I have room to send you filthy content but lost a week of our texts :(,BEFORE,2025-01-07,20:32:22,Cady,I’m going to get in bed to watch something filthy hehe
2025-01-13,Cady,Reset my phone so I have room to send you filthy content but lost a week of our texts :(,TARGET,2025-01-13,20:59:01,Cady,Reset my phone so I have room to send you filthy content but lost a week of our texts :(
2025-01-13,Cady,Reset my phone so I have room to send you filthy content but lost a week of our texts :(,AFTER,2025-01-14,01:43:07,Cady,Let me know what flavor of filthy content you want next
2025-01-13,Cady,Reset my phone so I have room to send you filthy content but lost a week of our texts :(,AFTER,2025-01-14,02:49:13,Cady,I need you to really push me
2025-01-13,Cady,Reset my phone so I have room to send you filthy content but lost a week of our texts :(,AFTER,2025-01-14,02:54:15,Henry Woods,:((
2025-01-13,Cady,Reset my phone so I have room to send you filthy content but lost a week of our texts :(,AFTER,2025-01-14,02:54:20,Henry Woods,want me to send them back?
2025-01-13,Cady,Reset my phone so I have room to send you filthy content but lost a week of our texts :(,AFTER,2025-01-14,02:54:30,Henry Woods,mmh I’ll think
2025-01-13,Cady,Reset my phone so I have room to send you filthy content but lost a week of our texts :(,AFTER,2025-01-14,02:54:47,Henry Woods,but in the meantime this is exactly what I want
2025-01-13,Cady,Reset my phone so I have room to send you filthy content but lost a week of our texts :(,AFTER,2025-01-14,02:55:04,Cady,Um yea please you can export the chat I would love that
2025-01-13,Cady,Reset my phone so I have room to send you filthy content but lost a week of our texts :(,AFTER,2025-01-14,02:55:09,Cady,I’m glad :)
2025-01-13,Cady,Reset my phone so I have room to send you filthy content but lost a week of our texts :(,AFTER,2025-01-14,02:55:23,Henry Woods,I love how you can see how wet you are in the second one ❤️
2025-01-13,Cady,Reset my phone so I have room to send you filthy content but lost a week of our texts :(,AFTER,2025-01-14,02:55:26,Henry Woods,unf my goddd
2025-01-14,Cady,Let me know what flavor of filthy content you want next,BEFORE,2025-01-07,20:18:54,Cady,Shit
2025-01-14,Cady,Let me know what flavor of filthy content you want next,BEFORE,2025-01-07,20:18:57,Cady,Do you have AirPods
2025-01-14,Cady,Let me know what flavor of filthy content you want next,BEFORE,2025-01-07,20:29:36,Henry Woods,They’ve had to deliver him an extra piece of belt to make the seatbelt big enough ðð
2025-01-14,Cady,Let me know what flavor of filthy content you want next,BEFORE,2025-01-07,20:29:42,Henry Woods,No stupidly I left them
2025-01-14,Cady,Let me know what flavor of filthy content you want next,BEFORE,2025-01-07,20:30:05,Henry Woods,Might have to put the airline headphones on and listen to music
2025-01-14,Cady,Let me know what flavor of filthy content you want next,BEFORE,2025-01-07,20:31:37,Cady,Omg
2025-01-14,Cady,Let me know what flavor of filthy content you want next,BEFORE,2025-01-07,20:31:49,Cady,Yeah deffo with the EarPods
2025-01-14,Cady,Let me know what flavor of filthy content you want next,BEFORE,2025-01-07,20:32:01,Cady,I hope he gets the picture
2025-01-14,Cady,Let me know what flavor of filthy content you want next,BEFORE,2025-01-07,20:32:22,Cady,I’m going to get in bed to watch something filthy hehe
2025-01-14,Cady,Let me know what flavor of filthy content you want next,BEFORE,2025-01-13,20:59:01,Cady,Reset my phone so I have room to send you filthy content but lost a week of our texts :(
2025-01-14,Cady,Let me know what flavor of filthy content you want next,TARGET,2025-01-14,01:43:07,Cady,Let me know what flavor of filthy content you want next
2025-01-14,Cady,Let me know what flavor of filthy content you want next,AFTER,2025-01-14,02:49:13,Cady,I need you to really push me
2025-01-14,Cady,Let me know what flavor of filthy content you want next,AFTER,2025-01-14,02:54:15,Henry Woods,:((
2025-01-14,Cady,Let me know what flavor of filthy content you want next,AFTER,2025-01-14,02:54:20,Henry Woods,want me to send them back?
2025-01-14,Cady,Let me know what flavor of filthy content you want next,AFTER,2025-01-14,02:54:30,Henry Woods,mmh I’ll think
2025-01-14,Cady,Let me know what flavor of filthy content you want next,AFTER,2025-01-14,02:54:47,Henry Woods,but in the meantime this is exactly what I want
2025-01-14,Cady,Let me know what flavor of filthy content you want next,AFTER,2025-01-14,02:55:04,Cady,Um yea please you can export the chat I would love that
2025-01-14,Cady,Let me know what flavor of filthy content you want next,AFTER,2025-01-14,02:55:09,Cady,I’m glad :)
2025-01-14,Cady,Let me know what flavor of filthy content you want next,AFTER,2025-01-14,02:55:23,Henry Woods,I love how you can see how wet you are in the second one ❤️
2025-01-14,Cady,Let me know what flavor of filthy content you want next,AFTER,2025-01-14,02:55:26,Henry Woods,unf my goddd
2025-01-14,Cady,Let me know what flavor of filthy content you want next,AFTER,2025-01-14,02:55:41,Henry Woods,wanna bury my face in it
2025-01-17,Henry Woods,gonna rent you out to people:,BEFORE,2025-01-17,01:17:22,Cady,:)
2025-01-17,Henry Woods,gonna rent you out to people:,BEFORE,2025-01-17,01:34:47,Henry Woods,confirmation code:
2025-01-17,Henry Woods,gonna rent you out to people:,BEFORE,2025-01-17,01:34:48,Henry Woods,H522AP
2025-01-17,Henry Woods,gonna rent you out to people:,BEFORE,2025-01-17,01:35:08,Cady,Eeeee thank you\!\!\!
2025-01-17,Henry Woods,gonna rent you out to people:,BEFORE,2025-01-17,01:35:27,Henry Woods,"not that I didn’t before, but now I own you"
2025-01-17,Henry Woods,gonna rent you out to people:,BEFORE,2025-01-17,01:35:39,Cady,You do baby
2025-01-17,Henry Woods,gonna rent you out to people:,BEFORE,2025-01-17,01:35:47,Cady,Have for a while
2025-01-17,Henry Woods,gonna rent you out to people:,BEFORE,2025-01-17,01:36:56,Cady,Can’t wait to see you :)
2025-01-17,Henry Woods,gonna rent you out to people:,BEFORE,2025-01-17,01:37:04,Henry Woods,me neither :))
2025-01-17,Henry Woods,gonna rent you out to people:,BEFORE,2025-01-17,01:37:30,Cady,My holes need you
2025-01-17,Henry Woods,gonna rent you out to people:,TARGET,2025-01-17,01:37:59,Henry Woods,gonna rent you out to people:
2025-01-17,Henry Woods,gonna rent you out to people:,AFTER,2025-01-17,01:38:15,Cady,Mmmmmmm
2025-01-17,Henry Woods,gonna rent you out to people:,AFTER,2025-01-17,01:38:18,Cady,I love it
2025-01-17,Henry Woods,gonna rent you out to people:,AFTER,2025-01-17,01:38:54,Henry Woods,I’m sat in the car with an erection that could hammer nails
2025-01-17,Henry Woods,gonna rent you out to people:,AFTER,2025-01-17,01:39:03,Cady,Hehehe
2025-01-17,Henry Woods,gonna rent you out to people:,AFTER,2025-01-17,01:39:05,Cady,Oops
2025-01-17,Henry Woods,gonna rent you out to people:,AFTER,2025-01-17,01:39:33,Cady,Not my ass literally throbbing for you
2025-01-17,Henry Woods,gonna rent you out to people:,AFTER,2025-01-17,01:42:07,Henry Woods,"Jacky’s fingers in your pussy, my dick slamming into your ass"
2025-01-17,Henry Woods,gonna rent you out to people:,AFTER,2025-01-17,01:42:22,Cady,Unfffff yes pls
2025-01-17,Henry Woods,gonna rent you out to people:,AFTER,2025-01-17,01:42:30,Henry Woods,daily
2025-01-17,Henry Woods,gonna rent you out to people:,AFTER,2025-01-17,01:42:46,Henry Woods,"nothing to do except lie in the sun, drink wine, fuck"
2025-01-17,Henry Woods,also her friend who’s an onlyfans model is gonna be there,BEFORE,2025-01-17,01:43:04,Henry Woods,"lie in the sun, dance, take md, fuck"
2025-01-17,Henry Woods,also her friend who’s an onlyfans model is gonna be there,BEFORE,2025-01-17,01:43:18,Henry Woods,oh also some of my other friends will be there
2025-01-17,Henry Woods,also her friend who’s an onlyfans model is gonna be there,BEFORE,2025-01-17,01:43:19,Cady,Haha yes
2025-01-17,Henry Woods,also her friend who’s an onlyfans model is gonna be there,BEFORE,2025-01-17,01:43:23,Cady,Oh yay
2025-01-17,Henry Woods,also her friend who’s an onlyfans model is gonna be there,BEFORE,2025-01-17,01:44:00,Henry Woods,hope you get to meet Jamie
2025-01-17,Henry Woods,also her friend who’s an onlyfans model is gonna be there,BEFORE,2025-01-17,01:44:33,Cady,Yeah?
2025-01-17,Henry Woods,also her friend who’s an onlyfans model is gonna be there,BEFORE,2025-01-17,01:44:39,Cady,Omg
2025-01-17,Henry Woods,also her friend who’s an onlyfans model is gonna be there,BEFORE,2025-01-17,01:44:42,Cady,Love her
2025-01-17,Henry Woods,also her friend who’s an onlyfans model is gonna be there,BEFORE,2025-01-17,01:45:13,Cady,Mmm wanna bury my face in her titties
2025-01-17,Henry Woods,also her friend who’s an onlyfans model is gonna be there,BEFORE,2025-01-17,01:45:22,Henry Woods,They some good titties
2025-01-17,Henry Woods,also her friend who’s an onlyfans model is gonna be there,TARGET,2025-01-17,01:45:38,Henry Woods,also her friend who’s an onlyfans model is gonna be there
2025-01-17,Henry Woods,also her friend who’s an onlyfans model is gonna be there,AFTER,2025-01-17,01:45:47,Henry Woods,I met her at a day festival in England
2025-01-17,Henry Woods,also her friend who’s an onlyfans model is gonna be there,AFTER,2025-01-17,01:45:48,Cady,Omg yum yum yum
2025-01-17,Henry Woods,also her friend who’s an onlyfans model is gonna be there,AFTER,2025-01-17,01:46:33,Henry Woods,so it may end up turning into an absolutely crazy wild weekend
2025-01-17,Henry Woods,also her friend who’s an onlyfans model is gonna be there,AFTER,2025-01-17,01:46:50,Cady,Well I kinda hope it does
2025-01-17,Henry Woods,also her friend who’s an onlyfans model is gonna be there,AFTER,2025-01-17,01:47:28,Henry Woods,"just a big pile of sexy, drugged up people working out how many ways they can put things in them"
2025-01-17,Henry Woods,also her friend who’s an onlyfans model is gonna be there,AFTER,2025-01-17,01:47:44,Cady,Hehehe how beautiful
2025-01-17,Henry Woods,also her friend who’s an onlyfans model is gonna be there,AFTER,2025-01-17,01:48:06,Henry Woods,here’s hoping
2025-01-17,Henry Woods,also her friend who’s an onlyfans model is gonna be there,AFTER,2025-01-17,01:48:30,Henry Woods,and if not it’s still gonna be pretty damn wild xD
2025-01-17,Henry Woods,also her friend who’s an onlyfans model is gonna be there,AFTER,2025-01-17,01:49:00,Cady,Indeed ahhh
2025-01-17,Henry Woods,also her friend who’s an onlyfans model is gonna be there,AFTER,2025-01-17,01:49:58,Henry Woods,just a massive fuck and suck fest
2025-01-18,Cady,I also just love that you want to charge for men to fuck me,BEFORE,2025-01-17,14:21:39,Cady,Hehehe ð
2025-01-18,Cady,I also just love that you want to charge for men to fuck me,BEFORE,2025-01-17,14:23:50,Cady,Getting the pink one nowwww
2025-01-18,Cady,I also just love that you want to charge for men to fuck me,BEFORE,2025-01-17,14:27:55,Cady,Omg blessed my gp is calling in a different kind of cream
2025-01-18,Cady,I also just love that you want to charge for men to fuck me,BEFORE,2025-01-17,14:55:50,Henry Woods,"calling it, or calling in?"
2025-01-18,Cady,I also just love that you want to charge for men to fuck me,BEFORE,2025-01-17,14:55:55,Henry Woods,invermectin?
2025-01-18,Cady,I also just love that you want to charge for men to fuck me,BEFORE,2025-01-17,15:03:12,Cady,Calling in a prescription for me
2025-01-18,Cady,I also just love that you want to charge for men to fuck me,BEFORE,2025-01-17,15:04:59,Cady,Oh I forgot to send this last night lol
2025-01-18,Cady,I also just love that you want to charge for men to fuck me,BEFORE,2025-01-17,15:06:58,Cady,Gotta work on how to film that better
2025-01-18,Cady,I also just love that you want to charge for men to fuck me,BEFORE,2025-01-17,16:37:54,Cady,How am I always horny for you
2025-01-18,Cady,I also just love that you want to charge for men to fuck me,BEFORE,2025-01-17,18:39:01,Cady,In excited about this treatment
2025-01-18,Cady,I also just love that you want to charge for men to fuck me,TARGET,2025-01-18,00:35:40,Cady,I also just love that you want to charge for men to fuck me
2025-01-18,Cady,I also just love that you want to charge for men to fuck me,AFTER,2025-01-18,00:35:44,Cady,I love you I really do
2025-01-18,Cady,I also just love that you want to charge for men to fuck me,AFTER,2025-01-18,04:12:51,Henry Woods,permethrin is the one we used ð
2025-01-18,Cady,I also just love that you want to charge for men to fuck me,AFTER,2025-01-18,04:13:01,Cady,Oh damn
2025-01-18,Cady,I also just love that you want to charge for men to fuck me,AFTER,2025-01-18,04:13:17,Cady,Great lol
2025-01-18,Cady,I also just love that you want to charge for men to fuck me,AFTER,2025-01-18,04:13:30,Henry Woods,mmmh no I think you did a great job :))
2025-01-18,Cady,I also just love that you want to charge for men to fuck me,AFTER,2025-01-18,04:13:48,Cady,Eeee
2025-01-18,Cady,I also just love that you want to charge for men to fuck me,AFTER,2025-01-18,04:14:01,Henry Woods,and me tooooo
2025-01-18,Cady,I also just love that you want to charge for men to fuck me,AFTER,2025-01-18,04:14:06,Henry Woods,unf fuck
2025-01-18,Cady,I also just love that you want to charge for men to fuck me,AFTER,2025-01-18,04:14:10,Henry Woods,both of these
2025-01-18,Cady,I also just love that you want to charge for men to fuck me,AFTER,2025-01-18,04:14:25,Cady,:))))))
2025-01-20,Henry Woods,"‘I’m going to South Africa but don’t want to pay for hotels, who wants to shoot content all week?’",BEFORE,2025-01-20,01:17:17,Cady,Mmhm
2025-01-20,Henry Woods,"‘I’m going to South Africa but don’t want to pay for hotels, who wants to shoot content all week?’",BEFORE,2025-01-20,01:17:23,Cady,ðððð
2025-01-20,Henry Woods,"‘I’m going to South Africa but don’t want to pay for hotels, who wants to shoot content all week?’",BEFORE,2025-01-20,01:18:49,Cady,Can’t wait to play on the pole daily
2025-01-20,Henry Woods,"‘I’m going to South Africa but don’t want to pay for hotels, who wants to shoot content all week?’",BEFORE,2025-01-20,01:19:06,Cady,I’ve just started posting to my of again
2025-01-20,Henry Woods,"‘I’m going to South Africa but don’t want to pay for hotels, who wants to shoot content all week?’",BEFORE,2025-01-20,01:19:23,Henry Woods,Ooooh
2025-01-20,Henry Woods,"‘I’m going to South Africa but don’t want to pay for hotels, who wants to shoot content all week?’",BEFORE,2025-01-20,01:19:39,Cady,You’ve inspired me to get that going
2025-01-20,Henry Woods,"‘I’m going to South Africa but don’t want to pay for hotels, who wants to shoot content all week?’",BEFORE,2025-01-20,01:20:07,Henry Woods,Collaboration holidays coming up
2025-01-20,Henry Woods,"‘I’m going to South Africa but don’t want to pay for hotels, who wants to shoot content all week?’",BEFORE,2025-01-20,01:20:16,Cady,Omg yes you’re right
2025-01-20,Henry Woods,"‘I’m going to South Africa but don’t want to pay for hotels, who wants to shoot content all week?’",BEFORE,2025-01-20,01:20:25,Cady,Yaaaaaay
2025-01-20,Henry Woods,"‘I’m going to South Africa but don’t want to pay for hotels, who wants to shoot content all week?’",BEFORE,2025-01-20,01:20:34,Cady,Unf so so wet rn
2025-01-20,Henry Woods,"‘I’m going to South Africa but don’t want to pay for hotels, who wants to shoot content all week?’",TARGET,2025-01-20,01:20:36,Henry Woods,"‘I’m going to South Africa but don’t want to pay for hotels, who wants to shoot content all week?’"
2025-01-20,Henry Woods,"‘I’m going to South Africa but don’t want to pay for hotels, who wants to shoot content all week?’",AFTER,2025-01-20,01:20:47,Cady,Ugh yes
2025-01-20,Henry Woods,"‘I’m going to South Africa but don’t want to pay for hotels, who wants to shoot content all week?’",AFTER,2025-01-20,01:21:11,Cady,Would be hot to find guys to pay for sex in various methods
2025-01-20,Henry Woods,"‘I’m going to South Africa but don’t want to pay for hotels, who wants to shoot content all week?’",AFTER,2025-01-20,01:23:04,Henry Woods,"Holidays, gifts"
2025-01-20,Henry Woods,"‘I’m going to South Africa but don’t want to pay for hotels, who wants to shoot content all week?’",AFTER,2025-01-20,01:23:25,Cady,Mmmmhm hehehe
2025-01-20,Henry Woods,"‘I’m going to South Africa but don’t want to pay for hotels, who wants to shoot content all week?’",AFTER,2025-01-20,01:23:25,Henry Woods,And then just cash for the full whore experience
2025-01-20,Henry Woods,"‘I’m going to South Africa but don’t want to pay for hotels, who wants to shoot content all week?’",AFTER,2025-01-20,01:23:44,Cady,I love that you support my dreams lol
2025-01-20,Henry Woods,"‘I’m going to South Africa but don’t want to pay for hotels, who wants to shoot content all week?’",AFTER,2025-01-20,01:24:05,Cady,What are my pronouns? Slut/whore
2025-01-20,Henry Woods,"‘I’m going to South Africa but don’t want to pay for hotels, who wants to shoot content all week?’",AFTER,2025-01-20,04:04:16,Henry Woods,"‘Cady just called, slut wants whore evening gangbang brought up to the afternoon so slut can go out with whore slutty friend who’s in town, so we better call the rest of the guys’"
2025-01-20,Henry Woods,"‘I’m going to South Africa but don’t want to pay for hotels, who wants to shoot content all week?’",AFTER,2025-01-20,04:04:44,Cady,Unffff just got in bed vibrator in hand
2025-01-20,Henry Woods,"‘I’m going to South Africa but don’t want to pay for hotels, who wants to shoot content all week?’",AFTER,2025-01-20,04:05:17,Cady,Not me watching gangbang porn lol
2025-01-20,Cady,Would be hot to find guys to pay for sex in various methods,BEFORE,2025-01-20,01:18:49,Cady,Can’t wait to play on the pole daily
2025-01-20,Cady,Would be hot to find guys to pay for sex in various methods,BEFORE,2025-01-20,01:19:06,Cady,I’ve just started posting to my of again
2025-01-20,Cady,Would be hot to find guys to pay for sex in various methods,BEFORE,2025-01-20,01:19:23,Henry Woods,Ooooh
2025-01-20,Cady,Would be hot to find guys to pay for sex in various methods,BEFORE,2025-01-20,01:19:39,Cady,You’ve inspired me to get that going
2025-01-20,Cady,Would be hot to find guys to pay for sex in various methods,BEFORE,2025-01-20,01:20:07,Henry Woods,Collaboration holidays coming up
2025-01-20,Cady,Would be hot to find guys to pay for sex in various methods,BEFORE,2025-01-20,01:20:16,Cady,Omg yes you’re right
2025-01-20,Cady,Would be hot to find guys to pay for sex in various methods,BEFORE,2025-01-20,01:20:25,Cady,Yaaaaaay
2025-01-20,Cady,Would be hot to find guys to pay for sex in various methods,BEFORE,2025-01-20,01:20:34,Cady,Unf so so wet rn
2025-01-20,Cady,Would be hot to find guys to pay for sex in various methods,BEFORE,2025-01-20,01:20:36,Henry Woods,"‘I’m going to South Africa but don’t want to pay for hotels, who wants to shoot content all week?’"
2025-01-20,Cady,Would be hot to find guys to pay for sex in various methods,BEFORE,2025-01-20,01:20:47,Cady,Ugh yes
2025-01-20,Cady,Would be hot to find guys to pay for sex in various methods,TARGET,2025-01-20,01:21:11,Cady,Would be hot to find guys to pay for sex in various methods
2025-01-20,Cady,Would be hot to find guys to pay for sex in various methods,AFTER,2025-01-20,01:23:04,Henry Woods,"Holidays, gifts"
2025-01-20,Cady,Would be hot to find guys to pay for sex in various methods,AFTER,2025-01-20,01:23:25,Cady,Mmmmhm hehehe
2025-01-20,Cady,Would be hot to find guys to pay for sex in various methods,AFTER,2025-01-20,01:23:25,Henry Woods,And then just cash for the full whore experience
2025-01-20,Cady,Would be hot to find guys to pay for sex in various methods,AFTER,2025-01-20,01:23:44,Cady,I love that you support my dreams lol
2025-01-20,Cady,Would be hot to find guys to pay for sex in various methods,AFTER,2025-01-20,01:24:05,Cady,What are my pronouns? Slut/whore
2025-01-20,Cady,Would be hot to find guys to pay for sex in various methods,AFTER,2025-01-20,04:04:16,Henry Woods,"‘Cady just called, slut wants whore evening gangbang brought up to the afternoon so slut can go out with whore slutty friend who’s in town, so we better call the rest of the guys’"
2025-01-20,Cady,Would be hot to find guys to pay for sex in various methods,AFTER,2025-01-20,04:04:44,Cady,Unffff just got in bed vibrator in hand
2025-01-20,Cady,Would be hot to find guys to pay for sex in various methods,AFTER,2025-01-20,04:05:17,Cady,Not me watching gangbang porn lol
2025-01-20,Cady,Would be hot to find guys to pay for sex in various methods,AFTER,2025-01-20,04:05:32,Henry Woods,Share?
2025-01-20,Cady,Would be hot to find guys to pay for sex in various methods,AFTER,2025-01-20,04:05:38,Henry Woods,I’m still in bed
2025-01-20,Henry Woods,"‘Cady just called, slut wants whore evening gangbang brought up to the afternoon so slut can go out with whore slutty friend who’s in town, so we better call the rest of the guys’",BEFORE,2025-01-20,01:20:25,Cady,Yaaaaaay
2025-01-20,Henry Woods,"‘Cady just called, slut wants whore evening gangbang brought up to the afternoon so slut can go out with whore slutty friend who’s in town, so we better call the rest of the guys’",BEFORE,2025-01-20,01:20:34,Cady,Unf so so wet rn
2025-01-20,Henry Woods,"‘Cady just called, slut wants whore evening gangbang brought up to the afternoon so slut can go out with whore slutty friend who’s in town, so we better call the rest of the guys’",BEFORE,2025-01-20,01:20:36,Henry Woods,"‘I’m going to South Africa but don’t want to pay for hotels, who wants to shoot content all week?’"
2025-01-20,Henry Woods,"‘Cady just called, slut wants whore evening gangbang brought up to the afternoon so slut can go out with whore slutty friend who’s in town, so we better call the rest of the guys’",BEFORE,2025-01-20,01:20:47,Cady,Ugh yes
2025-01-20,Henry Woods,"‘Cady just called, slut wants whore evening gangbang brought up to the afternoon so slut can go out with whore slutty friend who’s in town, so we better call the rest of the guys’",BEFORE,2025-01-20,01:21:11,Cady,Would be hot to find guys to pay for sex in various methods
2025-01-20,Henry Woods,"‘Cady just called, slut wants whore evening gangbang brought up to the afternoon so slut can go out with whore slutty friend who’s in town, so we better call the rest of the guys’",BEFORE,2025-01-20,01:23:04,Henry Woods,"Holidays, gifts"
2025-01-20,Henry Woods,"‘Cady just called, slut wants whore evening gangbang brought up to the afternoon so slut can go out with whore slutty friend who’s in town, so we better call the rest of the guys’",BEFORE,2025-01-20,01:23:25,Cady,Mmmmhm hehehe
2025-01-20,Henry Woods,"‘Cady just called, slut wants whore evening gangbang brought up to the afternoon so slut can go out with whore slutty friend who’s in town, so we better call the rest of the guys’",BEFORE,2025-01-20,01:23:25,Henry Woods,And then just cash for the full whore experience
2025-01-20,Henry Woods,"‘Cady just called, slut wants whore evening gangbang brought up to the afternoon so slut can go out with whore slutty friend who’s in town, so we better call the rest of the guys’",BEFORE,2025-01-20,01:23:44,Cady,I love that you support my dreams lol
2025-01-20,Henry Woods,"‘Cady just called, slut wants whore evening gangbang brought up to the afternoon so slut can go out with whore slutty friend who’s in town, so we better call the rest of the guys’",BEFORE,2025-01-20,01:24:05,Cady,What are my pronouns? Slut/whore
2025-01-20,Henry Woods,"‘Cady just called, slut wants whore evening gangbang brought up to the afternoon so slut can go out with whore slutty friend who’s in town, so we better call the rest of the guys’",TARGET,2025-01-20,04:04:16,Henry Woods,"‘Cady just called, slut wants whore evening gangbang brought up to the afternoon so slut can go out with whore slutty friend who’s in town, so we better call the rest of the guys’"
2025-01-20,Henry Woods,"‘Cady just called, slut wants whore evening gangbang brought up to the afternoon so slut can go out with whore slutty friend who’s in town, so we better call the rest of the guys’",AFTER,2025-01-20,04:04:44,Cady,Unffff just got in bed vibrator in hand
2025-01-20,Henry Woods,"‘Cady just called, slut wants whore evening gangbang brought up to the afternoon so slut can go out with whore slutty friend who’s in town, so we better call the rest of the guys’",AFTER,2025-01-20,04:05:17,Cady,Not me watching gangbang porn lol
2025-01-20,Henry Woods,"‘Cady just called, slut wants whore evening gangbang brought up to the afternoon so slut can go out with whore slutty friend who’s in town, so we better call the rest of the guys’",AFTER,2025-01-20,04:05:32,Henry Woods,Share?
2025-01-20,Henry Woods,"‘Cady just called, slut wants whore evening gangbang brought up to the afternoon so slut can go out with whore slutty friend who’s in town, so we better call the rest of the guys’",AFTER,2025-01-20,04:05:38,Henry Woods,I’m still in bed
2025-01-20,Henry Woods,"‘Cady just called, slut wants whore evening gangbang brought up to the afternoon so slut can go out with whore slutty friend who’s in town, so we better call the rest of the guys’",AFTER,2025-01-20,04:07:44,Cady,https://pornone.com/gagging/gangbang-rough-gangbang/277793257/
2025-01-20,Henry Woods,"‘Cady just called, slut wants whore evening gangbang brought up to the afternoon so slut can go out with whore slutty friend who’s in town, so we better call the rest of the guys’",AFTER,2025-01-20,04:11:04,Henry Woods,Mmmh she gets used so good
2025-01-20,Henry Woods,"‘Cady just called, slut wants whore evening gangbang brought up to the afternoon so slut can go out with whore slutty friend who’s in town, so we better call the rest of the guys’",AFTER,2025-01-20,04:11:23,Cady,Mmhm
2025-01-20,Henry Woods,"‘Cady just called, slut wants whore evening gangbang brought up to the afternoon so slut can go out with whore slutty friend who’s in town, so we better call the rest of the guys’",AFTER,2025-01-20,04:11:46,Cady,Hehe I love it sm
2025-01-20,Henry Woods,"‘Cady just called, slut wants whore evening gangbang brought up to the afternoon so slut can go out with whore slutty friend who’s in town, so we better call the rest of the guys’",AFTER,2025-01-20,04:14:46,Henry Woods,"Boundgangbangs/hardcoregangbangs have a policy where if the star gets out of the room she gets $10,000 bonus"
2025-01-20,Henry Woods,"‘Cady just called, slut wants whore evening gangbang brought up to the afternoon so slut can go out with whore slutty friend who’s in town, so we better call the rest of the guys’",AFTER,2025-01-20,04:15:20,Cady,lol
2025-01-20,Henry Woods,Let me vet the onlyfans content?,BEFORE,2025-01-20,04:28:28,Henry Woods,‘What did you do with your day off?’
2025-01-20,Henry Woods,Let me vet the onlyfans content?,BEFORE,2025-01-20,04:28:36,Henry Woods,‘Slept and masturbated’
2025-01-20,Henry Woods,Let me vet the onlyfans content?,BEFORE,2025-01-20,04:28:43,Henry Woods,To be fair that does sound like a good day
2025-01-20,Henry Woods,Let me vet the onlyfans content?,BEFORE,2025-01-20,04:28:46,Cady,Hehehe
2025-01-20,Henry Woods,Let me vet the onlyfans content?,BEFORE,2025-01-20,04:28:49,Cady,True
2025-01-20,Henry Woods,Let me vet the onlyfans content?,BEFORE,2025-01-20,04:29:05,Henry Woods,But I can do that at home
2025-01-20,Henry Woods,Let me vet the onlyfans content?,BEFORE,2025-01-20,04:29:10,Cady,True
2025-01-20,Henry Woods,Let me vet the onlyfans content?,BEFORE,2025-01-20,04:29:10,Henry Woods,May as well enjoy Bali
2025-01-20,Henry Woods,Let me vet the onlyfans content?,BEFORE,2025-01-20,04:29:18,Cady,Might have a snow day and get to do that tomorrow
2025-01-20,Henry Woods,Let me vet the onlyfans content?,BEFORE,2025-01-20,04:29:36,Henry Woods,Yum
2025-01-20,Henry Woods,Let me vet the onlyfans content?,TARGET,2025-01-20,04:29:47,Henry Woods,Let me vet the onlyfans content?
2025-01-20,Henry Woods,Let me vet the onlyfans content?,AFTER,2025-01-20,04:29:55,Henry Woods,I’ll need to check it’s up to scratch
2025-01-20,Henry Woods,Let me vet the onlyfans content?,AFTER,2025-01-20,04:30:05,Cady,Yes
2025-01-20,Henry Woods,Let me vet the onlyfans content?,AFTER,2025-01-20,04:31:54,Cady,I haven’t posted much and need some direction
2025-01-20,Henry Woods,Let me vet the onlyfans content?,AFTER,2025-01-20,04:31:59,Cady,https://onlyfans.com/lovecadence/trial/9f1f2ftr9jqjliblhn0dgkc9amgdxqil
2025-01-20,Henry Woods,Let me vet the onlyfans content?,AFTER,2025-01-20,04:32:26,Henry Woods,"I don’t know much about it, can you have a series of videos like in YouTube?"
2025-01-20,Henry Woods,Let me vet the onlyfans content?,AFTER,2025-01-20,04:32:39,Cady,Yeah
2025-01-20,Henry Woods,Let me vet the onlyfans content?,AFTER,2025-01-20,04:32:39,Henry Woods,Cause training series would be fun
2025-01-20,Henry Woods,Let me vet the onlyfans content?,AFTER,2025-01-20,04:32:45,Cady,Omg yeah
2025-01-20,Henry Woods,Let me vet the onlyfans content?,AFTER,2025-01-20,04:33:22,Henry Woods,‘Watch me as I get better and better at taking big dicks in my slutty holes’
2025-01-20,Henry Woods,Let me vet the onlyfans content?,AFTER,2025-01-20,04:33:30,Cady,Exactly
2025-01-20,Cady,https://onlyfans.com/lovecadence/trial/9f1f2ftr9jqjliblhn0dgkc9amgdxqil,BEFORE,2025-01-20,04:28:49,Cady,True
2025-01-20,Cady,https://onlyfans.com/lovecadence/trial/9f1f2ftr9jqjliblhn0dgkc9amgdxqil,BEFORE,2025-01-20,04:29:05,Henry Woods,But I can do that at home
2025-01-20,Cady,https://onlyfans.com/lovecadence/trial/9f1f2ftr9jqjliblhn0dgkc9amgdxqil,BEFORE,2025-01-20,04:29:10,Cady,True
2025-01-20,Cady,https://onlyfans.com/lovecadence/trial/9f1f2ftr9jqjliblhn0dgkc9amgdxqil,BEFORE,2025-01-20,04:29:10,Henry Woods,May as well enjoy Bali
2025-01-20,Cady,https://onlyfans.com/lovecadence/trial/9f1f2ftr9jqjliblhn0dgkc9amgdxqil,BEFORE,2025-01-20,04:29:18,Cady,Might have a snow day and get to do that tomorrow
2025-01-20,Cady,https://onlyfans.com/lovecadence/trial/9f1f2ftr9jqjliblhn0dgkc9amgdxqil,BEFORE,2025-01-20,04:29:36,Henry Woods,Yum
2025-01-20,Cady,https://onlyfans.com/lovecadence/trial/9f1f2ftr9jqjliblhn0dgkc9amgdxqil,BEFORE,2025-01-20,04:29:47,Henry Woods,Let me vet the onlyfans content?
2025-01-20,Cady,https://onlyfans.com/lovecadence/trial/9f1f2ftr9jqjliblhn0dgkc9amgdxqil,BEFORE,2025-01-20,04:29:55,Henry Woods,I’ll need to check it’s up to scratch
2025-01-20,Cady,https://onlyfans.com/lovecadence/trial/9f1f2ftr9jqjliblhn0dgkc9amgdxqil,BEFORE,2025-01-20,04:30:05,Cady,Yes
2025-01-20,Cady,https://onlyfans.com/lovecadence/trial/9f1f2ftr9jqjliblhn0dgkc9amgdxqil,BEFORE,2025-01-20,04:31:54,Cady,I haven’t posted much and need some direction
2025-01-20,Cady,https://onlyfans.com/lovecadence/trial/9f1f2ftr9jqjliblhn0dgkc9amgdxqil,TARGET,2025-01-20,04:31:59,Cady,https://onlyfans.com/lovecadence/trial/9f1f2ftr9jqjliblhn0dgkc9amgdxqil
2025-01-20,Cady,https://onlyfans.com/lovecadence/trial/9f1f2ftr9jqjliblhn0dgkc9amgdxqil,AFTER,2025-01-20,04:32:26,Henry Woods,"I don’t know much about it, can you have a series of videos like in YouTube?"
2025-01-20,Cady,https://onlyfans.com/lovecadence/trial/9f1f2ftr9jqjliblhn0dgkc9amgdxqil,AFTER,2025-01-20,04:32:39,Cady,Yeah
2025-01-20,Cady,https://onlyfans.com/lovecadence/trial/9f1f2ftr9jqjliblhn0dgkc9amgdxqil,AFTER,2025-01-20,04:32:39,Henry Woods,Cause training series would be fun
2025-01-20,Cady,https://onlyfans.com/lovecadence/trial/9f1f2ftr9jqjliblhn0dgkc9amgdxqil,AFTER,2025-01-20,04:32:45,Cady,Omg yeah
2025-01-20,Cady,https://onlyfans.com/lovecadence/trial/9f1f2ftr9jqjliblhn0dgkc9amgdxqil,AFTER,2025-01-20,04:33:22,Henry Woods,‘Watch me as I get better and better at taking big dicks in my slutty holes’
2025-01-20,Cady,https://onlyfans.com/lovecadence/trial/9f1f2ftr9jqjliblhn0dgkc9amgdxqil,AFTER,2025-01-20,04:33:30,Cady,Exactly
2025-01-20,Cady,https://onlyfans.com/lovecadence/trial/9f1f2ftr9jqjliblhn0dgkc9amgdxqil,AFTER,2025-01-20,04:33:33,Henry Woods,Also it could combine your other passion
2025-01-20,Cady,https://onlyfans.com/lovecadence/trial/9f1f2ftr9jqjliblhn0dgkc9amgdxqil,AFTER,2025-01-20,04:33:34,Cady,Mmmmm
2025-01-20,Cady,https://onlyfans.com/lovecadence/trial/9f1f2ftr9jqjliblhn0dgkc9amgdxqil,AFTER,2025-01-20,04:33:45,Henry Woods,Like you could give practical advice for girls who wanna do the same
2025-01-20,Cady,https://onlyfans.com/lovecadence/trial/9f1f2ftr9jqjliblhn0dgkc9amgdxqil,AFTER,2025-01-20,04:33:55,Cady,Mmhm love it
2025-01-20,Henry Woods,In addition to the polished/edited content,BEFORE,2025-01-20,04:32:26,Henry Woods,"I don’t know much about it, can you have a series of videos like in YouTube?"
2025-01-20,Henry Woods,In addition to the polished/edited content,BEFORE,2025-01-20,04:32:39,Cady,Yeah
2025-01-20,Henry Woods,In addition to the polished/edited content,BEFORE,2025-01-20,04:32:39,Henry Woods,Cause training series would be fun
2025-01-20,Henry Woods,In addition to the polished/edited content,BEFORE,2025-01-20,04:32:45,Cady,Omg yeah
2025-01-20,Henry Woods,In addition to the polished/edited content,BEFORE,2025-01-20,04:33:22,Henry Woods,‘Watch me as I get better and better at taking big dicks in my slutty holes’
2025-01-20,Henry Woods,In addition to the polished/edited content,BEFORE,2025-01-20,04:33:30,Cady,Exactly
2025-01-20,Henry Woods,In addition to the polished/edited content,BEFORE,2025-01-20,04:33:33,Henry Woods,Also it could combine your other passion
2025-01-20,Henry Woods,In addition to the polished/edited content,BEFORE,2025-01-20,04:33:34,Cady,Mmmmm
2025-01-20,Henry Woods,In addition to the polished/edited content,BEFORE,2025-01-20,04:33:45,Henry Woods,Like you could give practical advice for girls who wanna do the same
2025-01-20,Henry Woods,In addition to the polished/edited content,BEFORE,2025-01-20,04:33:55,Cady,Mmhm love it
2025-01-20,Henry Woods,In addition to the polished/edited content,TARGET,2025-01-20,04:34:07,Henry Woods,In addition to the polished/edited content
2025-01-20,Henry Woods,In addition to the polished/edited content,AFTER,2025-01-20,04:34:21,Cady,Yes
2025-01-20,Henry Woods,In addition to the polished/edited content,AFTER,2025-01-20,04:44:12,Henry Woods,Hehe
2025-01-20,Henry Woods,In addition to the polished/edited content,AFTER,2025-01-20,14:16:33,Cady,Morning
2025-01-20,Henry Woods,In addition to the polished/edited content,AFTER,2025-01-20,16:28:49,Henry Woods,morning
2025-01-20,Henry Woods,In addition to the polished/edited content,AFTER,2025-01-20,16:28:53,Henry Woods,I’m the most sleepy
2025-01-20,Henry Woods,In addition to the polished/edited content,AFTER,2025-01-20,16:29:02,Henry Woods,but love and missing you
2025-01-20,Henry Woods,In addition to the polished/edited content,AFTER,2025-01-20,16:29:05,Henry Woods,xx
2025-01-20,Henry Woods,In addition to the polished/edited content,AFTER,2025-01-20,16:29:33,Cady,Sweet dreams baby
2025-01-20,Henry Woods,In addition to the polished/edited content,AFTER,2025-01-20,16:29:37,Cady,I’ve been sleeping in
2025-01-20,Henry Woods,In addition to the polished/edited content,AFTER,2025-01-20,16:29:41,Cady,Love and missing you
2025-01-20,Cady,Have noticed recently I’m pretty into black guys lol,BEFORE,2025-01-20,23:33:13,Cady,But working with the guy who wants to fuck me so flirting passes the time
2025-01-20,Cady,Have noticed recently I’m pretty into black guys lol,BEFORE,2025-01-20,23:33:43,Cady,Omg I don’t think I told you. He called me whilst I was having phone sexting with Blazey and I accidentally answered as I was coming and he heard me moan lol
2025-01-20,Cady,Have noticed recently I’m pretty into black guys lol,BEFORE,2025-01-20,23:33:54,Henry Woods,Lollllll
2025-01-20,Cady,Have noticed recently I’m pretty into black guys lol,BEFORE,2025-01-20,23:34:07,Cady,Like I answered with my chin and didn’t realize
2025-01-20,Cady,Have noticed recently I’m pretty into black guys lol,BEFORE,2025-01-20,23:34:09,Henry Woods,Is he hot?
2025-01-20,Cady,Have noticed recently I’m pretty into black guys lol,BEFORE,2025-01-20,23:34:24,Cady,Kinda. A bit chubby
2025-01-20,Cady,Have noticed recently I’m pretty into black guys lol,BEFORE,2025-01-20,23:34:25,Henry Woods,I’m guessing not really or you’d have fucked him already
2025-01-20,Cady,Have noticed recently I’m pretty into black guys lol,BEFORE,2025-01-20,23:34:30,Cady,Haha yeah
2025-01-20,Cady,Have noticed recently I’m pretty into black guys lol,BEFORE,2025-01-20,23:35:07,Cady,Kinda feel like I’ll fuck him one time after I quit working here in may
2025-01-20,Cady,Have noticed recently I’m pretty into black guys lol,BEFORE,2025-01-20,23:35:12,Cady,Just out of curiosity
2025-01-20,Cady,Have noticed recently I’m pretty into black guys lol,TARGET,2025-01-20,23:35:36,Cady,Have noticed recently I’m pretty into black guys lol
2025-01-20,Cady,Have noticed recently I’m pretty into black guys lol,AFTER,2025-01-20,23:36:19,Henry Woods,Aha fair
2025-01-20,Cady,Have noticed recently I’m pretty into black guys lol,AFTER,2025-01-20,23:36:52,Cady,Unf I want to give you morning head tho
2025-01-20,Cady,Have noticed recently I’m pretty into black guys lol,AFTER,2025-01-20,23:36:53,Henry Woods,We’ll have to arrange a little interracial gangbang
2025-01-20,Cady,Have noticed recently I’m pretty into black guys lol,AFTER,2025-01-20,23:36:58,Cady,Omg babe
2025-01-20,Cady,Have noticed recently I’m pretty into black guys lol,AFTER,2025-01-20,23:36:58,Henry Woods,Mmmh me too
2025-01-20,Cady,Have noticed recently I’m pretty into black guys lol,AFTER,2025-01-20,23:37:01,Cady,Yes please
2025-01-20,Cady,Have noticed recently I’m pretty into black guys lol,AFTER,2025-01-20,23:37:29,Cady,So excited to train
2025-01-20,Cady,Have noticed recently I’m pretty into black guys lol,AFTER,2025-01-20,23:37:29,Henry Woods,Tiny little snowbunny surrounded by lots of big black cocks
2025-01-20,Cady,Have noticed recently I’m pretty into black guys lol,AFTER,2025-01-20,23:37:52,Henry Woods,Skin \*popping\* with the contrast
2025-01-20,Cady,Have noticed recently I’m pretty into black guys lol,AFTER,2025-01-20,23:37:59,Cady,Mmmmm you’re going to make me cum standing here
2025-01-21,Henry Woods,Recording gangbangs every day for your onlyfans,BEFORE,2025-01-21,00:48:59,Henry Woods,We’ll have lots and lots of time
2025-01-21,Henry Woods,Recording gangbangs every day for your onlyfans,BEFORE,2025-01-21,00:49:18,Henry Woods,June 8 you’ll be bouncing on my dick
2025-01-21,Henry Woods,Recording gangbangs every day for your onlyfans,BEFORE,2025-01-21,00:49:29,Henry Woods,Maybe June 9
2025-01-21,Henry Woods,Recording gangbangs every day for your onlyfans,BEFORE,2025-01-21,00:49:32,Cady,Yes I will
2025-01-21,Henry Woods,Recording gangbangs every day for your onlyfans,BEFORE,2025-01-21,00:49:42,Henry Woods,But every day after that
2025-01-21,Henry Woods,Recording gangbangs every day for your onlyfans,BEFORE,2025-01-21,00:49:51,Cady,All my holes every day to celebrate
2025-01-21,Henry Woods,Recording gangbangs every day for your onlyfans,BEFORE,2025-01-21,00:49:57,Henry Woods,Exactly
2025-01-21,Henry Woods,Recording gangbangs every day for your onlyfans,BEFORE,2025-01-21,00:50:29,Cady,And we can get creative to pass the time
2025-01-21,Henry Woods,Recording gangbangs every day for your onlyfans,BEFORE,2025-01-21,00:50:40,Henry Woods,"All your nice, stretched, utterly-ruined-with-the-biggest-toys-on-the-market holes"
2025-01-21,Henry Woods,Recording gangbangs every day for your onlyfans,BEFORE,2025-01-21,00:50:50,Cady,Mmmm daddy
2025-01-21,Henry Woods,Recording gangbangs every day for your onlyfans,TARGET,2025-01-21,00:51:35,Henry Woods,Recording gangbangs every day for your onlyfans
2025-01-21,Henry Woods,Recording gangbangs every day for your onlyfans,AFTER,2025-01-21,00:51:48,Cady,I mean there’s much to do to prepare
2025-01-21,Henry Woods,Recording gangbangs every day for your onlyfans,AFTER,2025-01-21,00:52:04,Cady,I want my distance training schedule
2025-01-21,Henry Woods,Recording gangbangs every day for your onlyfans,AFTER,2025-01-21,00:52:12,Henry Woods,Today
2025-01-21,Henry Woods,Recording gangbangs every day for your onlyfans,AFTER,2025-01-21,00:52:16,Cady,I know it’s work to put together we can collaborate if you want
2025-01-21,Henry Woods,Recording gangbangs every day for your onlyfans,AFTER,2025-01-21,00:52:35,Henry Woods,No it’s all good
2025-01-21,Henry Woods,Recording gangbangs every day for your onlyfans,AFTER,2025-01-21,00:52:43,Henry Woods,I have it all mapped out
2025-01-21,Henry Woods,Recording gangbangs every day for your onlyfans,AFTER,2025-01-21,00:52:48,Cady,Eeeee
2025-01-21,Henry Woods,Recording gangbangs every day for your onlyfans,AFTER,2025-01-21,00:52:51,Cady,ðð
2025-01-21,Henry Woods,Recording gangbangs every day for your onlyfans,AFTER,2025-01-21,00:53:06,Cady,Wet with anticipation
2025-01-21,Henry Woods,Recording gangbangs every day for your onlyfans,AFTER,2025-01-21,00:53:22,Cady,I’ve not had any tables for like 1.5 hours I’ve just been horny
2025-01-21,Henry Woods,‘I make sure my slut has a constant stream of black guys to get gangbanged by’ \<This message was edited\>,BEFORE,2025-01-21,01:09:30,Henry Woods,Yum
2025-01-21,Henry Woods,‘I make sure my slut has a constant stream of black guys to get gangbanged by’ \<This message was edited\>,BEFORE,2025-01-21,01:09:42,Henry Woods,But also dw for income
2025-01-21,Henry Woods,‘I make sure my slut has a constant stream of black guys to get gangbanged by’ \<This message was edited\>,BEFORE,2025-01-21,01:09:59,Henry Woods,I’m gonna keep you as my little trophy slut \<This message was edited\>
2025-01-21,Henry Woods,‘I make sure my slut has a constant stream of black guys to get gangbanged by’ \<This message was edited\>,BEFORE,2025-01-21,01:10:34,Cady,Unf
2025-01-21,Henry Woods,‘I make sure my slut has a constant stream of black guys to get gangbanged by’ \<This message was edited\>,BEFORE,2025-01-21,01:10:57,Cady,Are you too good to be true or what Henry
2025-01-21,Henry Woods,‘I make sure my slut has a constant stream of black guys to get gangbanged by’ \<This message was edited\>,BEFORE,2025-01-21,01:11:54,Henry Woods,"But also yes it would be fun for it to blow up and you turn into one of those whores who makes like $100,000 a month getting fucked"
2025-01-21,Henry Woods,‘I make sure my slut has a constant stream of black guys to get gangbanged by’ \<This message was edited\>,BEFORE,2025-01-21,01:12:35,Henry Woods,"\*who makes ME $100,000 a month"
2025-01-21,Henry Woods,‘I make sure my slut has a constant stream of black guys to get gangbanged by’ \<This message was edited\>,BEFORE,2025-01-21,01:12:47,Cady,Mmmmhmm makes you
2025-01-21,Henry Woods,‘I make sure my slut has a constant stream of black guys to get gangbanged by’ \<This message was edited\>,BEFORE,2025-01-21,01:13:01,Henry Woods,‘What do you do?’
2025-01-21,Henry Woods,‘I make sure my slut has a constant stream of black guys to get gangbanged by’ \<This message was edited\>,BEFORE,2025-01-21,01:13:10,Cady,I feel like this is more possible than we might think
2025-01-21,Henry Woods,‘I make sure my slut has a constant stream of black guys to get gangbanged by’ \<This message was edited\>,TARGET,2025-01-21,01:13:17,Henry Woods,‘I make sure my slut has a constant stream of black guys to get gangbanged by’ \<This message was edited\>
2025-01-21,Henry Woods,‘I make sure my slut has a constant stream of black guys to get gangbanged by’ \<This message was edited\>,AFTER,2025-01-21,01:13:21,Cady,This is my fav daydream
2025-01-21,Henry Woods,‘I make sure my slut has a constant stream of black guys to get gangbanged by’ \<This message was edited\>,AFTER,2025-01-21,01:13:54,Cady,Ilysm
2025-01-21,Henry Woods,‘I make sure my slut has a constant stream of black guys to get gangbanged by’ \<This message was edited\>,AFTER,2025-01-21,01:14:23,Cady,lol I giggle about what I might say when we go see old friends like dom and Saleem
2025-01-21,Henry Woods,‘I make sure my slut has a constant stream of black guys to get gangbanged by’ \<This message was edited\>,AFTER,2025-01-21,01:14:38,Cady,And answering the question of what I do
2025-01-21,Henry Woods,‘I make sure my slut has a constant stream of black guys to get gangbanged by’ \<This message was edited\>,AFTER,2025-01-21,01:14:56,Cady,Haven’t come up with a winner yet so lemme know if anything comes to mind
2025-01-21,Henry Woods,‘I make sure my slut has a constant stream of black guys to get gangbanged by’ \<This message was edited\>,AFTER,2025-01-21,01:15:31,Henry Woods,‘Subscribe to my onlyfans and you can find out’
2025-01-21,Henry Woods,‘I make sure my slut has a constant stream of black guys to get gangbanged by’ \<This message was edited\>,AFTER,2025-01-21,01:15:54,Cady,Heheheh
2025-01-21,Henry Woods,‘I make sure my slut has a constant stream of black guys to get gangbanged by’ \<This message was edited\>,AFTER,2025-01-21,01:15:56,Cady,Oh yes
2025-01-21,Henry Woods,‘I make sure my slut has a constant stream of black guys to get gangbanged by’ \<This message was edited\>,AFTER,2025-01-21,01:17:36,Henry Woods,I think you’ll like this girl
2025-01-21,Henry Woods,‘I make sure my slut has a constant stream of black guys to get gangbanged by’ \<This message was edited\>,AFTER,2025-01-22,01:32:48,Henry Woods,this is the opening for the training doc
2025-01-21,Henry Woods,‘Subscribe to my onlyfans and you can find out’,BEFORE,2025-01-21,01:12:35,Henry Woods,"\*who makes ME $100,000 a month"
2025-01-21,Henry Woods,‘Subscribe to my onlyfans and you can find out’,BEFORE,2025-01-21,01:12:47,Cady,Mmmmhmm makes you
2025-01-21,Henry Woods,‘Subscribe to my onlyfans and you can find out’,BEFORE,2025-01-21,01:13:01,Henry Woods,‘What do you do?’
2025-01-21,Henry Woods,‘Subscribe to my onlyfans and you can find out’,BEFORE,2025-01-21,01:13:10,Cady,I feel like this is more possible than we might think
2025-01-21,Henry Woods,‘Subscribe to my onlyfans and you can find out’,BEFORE,2025-01-21,01:13:17,Henry Woods,‘I make sure my slut has a constant stream of black guys to get gangbanged by’ \<This message was edited\>
2025-01-21,Henry Woods,‘Subscribe to my onlyfans and you can find out’,BEFORE,2025-01-21,01:13:21,Cady,This is my fav daydream
2025-01-21,Henry Woods,‘Subscribe to my onlyfans and you can find out’,BEFORE,2025-01-21,01:13:54,Cady,Ilysm
2025-01-21,Henry Woods,‘Subscribe to my onlyfans and you can find out’,BEFORE,2025-01-21,01:14:23,Cady,lol I giggle about what I might say when we go see old friends like dom and Saleem
2025-01-21,Henry Woods,‘Subscribe to my onlyfans and you can find out’,BEFORE,2025-01-21,01:14:38,Cady,And answering the question of what I do
2025-01-21,Henry Woods,‘Subscribe to my onlyfans and you can find out’,BEFORE,2025-01-21,01:14:56,Cady,Haven’t come up with a winner yet so lemme know if anything comes to mind
2025-01-21,Henry Woods,‘Subscribe to my onlyfans and you can find out’,TARGET,2025-01-21,01:15:31,Henry Woods,‘Subscribe to my onlyfans and you can find out’
2025-01-21,Henry Woods,‘Subscribe to my onlyfans and you can find out’,AFTER,2025-01-21,01:15:54,Cady,Heheheh
2025-01-21,Henry Woods,‘Subscribe to my onlyfans and you can find out’,AFTER,2025-01-21,01:15:56,Cady,Oh yes
2025-01-21,Henry Woods,‘Subscribe to my onlyfans and you can find out’,AFTER,2025-01-21,01:17:36,Henry Woods,I think you’ll like this girl
2025-01-21,Henry Woods,‘Subscribe to my onlyfans and you can find out’,AFTER,2025-01-22,01:32:48,Henry Woods,this is the opening for the training doc
2025-01-21,Henry Woods,‘Subscribe to my onlyfans and you can find out’,AFTER,2025-01-22,01:33:22,Henry Woods,still finalising the rest. every day has its own tagline and its own mantra
2025-01-21,Henry Woods,‘Subscribe to my onlyfans and you can find out’,AFTER,2025-01-22,01:33:32,Cady,Daddddddy
2025-01-21,Henry Woods,‘Subscribe to my onlyfans and you can find out’,AFTER,2025-01-22,01:33:36,Cady,I love it
2025-01-21,Henry Woods,‘Subscribe to my onlyfans and you can find out’,AFTER,2025-01-22,01:34:20,Henry Woods,but each mantra starts with the same first two lines:
2025-01-21,Henry Woods,‘Subscribe to my onlyfans and you can find out’,AFTER,2025-01-22,01:34:29,Cady,I’ll upload it to the google drive lol
2025-01-21,Henry Woods,‘Subscribe to my onlyfans and you can find out’,AFTER,2025-01-22,01:35:05,Cady,lol can you see when I get likes?
2025-01-22,Henry Woods,We should fill my house with content creator housemates,BEFORE,2025-01-22,01:46:36,Cady,Nope
2025-01-22,Henry Woods,We should fill my house with content creator housemates,BEFORE,2025-01-22,01:46:47,Henry Woods,"cause I reallly, reaaaaaally want to be your first"
2025-01-22,Henry Woods,We should fill my house with content creator housemates,BEFORE,2025-01-22,01:46:56,Cady,Experience wise I’m like virginal I feel like
2025-01-22,Henry Woods,We should fill my house with content creator housemates,BEFORE,2025-01-22,01:47:00,Cady,Be my first babe
2025-01-22,Henry Woods,We should fill my house with content creator housemates,BEFORE,2025-01-22,01:47:24,Cady,You’re gonna blow my mind again with another first aren’t you
2025-01-22,Henry Woods,We should fill my house with content creator housemates,BEFORE,2025-01-22,01:48:28,Henry Woods,I hope so
2025-01-22,Henry Woods,We should fill my house with content creator housemates,BEFORE,2025-01-22,01:48:42,Henry Woods,Have you begging for it daily
2025-01-22,Henry Woods,We should fill my house with content creator housemates,BEFORE,2025-01-22,01:49:09,Cady,Heh yeah
2025-01-22,Henry Woods,We should fill my house with content creator housemates,BEFORE,2025-01-22,01:50:08,Henry Woods,And I always indulge my slut
2025-01-22,Henry Woods,We should fill my house with content creator housemates,BEFORE,2025-01-22,01:50:29,Cady,Hehe I love how you complete and keep me
2025-01-22,Henry Woods,We should fill my house with content creator housemates,TARGET,2025-01-22,01:50:45,Henry Woods,We should fill my house with content creator housemates
2025-01-22,Henry Woods,We should fill my house with content creator housemates,AFTER,2025-01-22,01:51:06,Cady,Ooooh babe yes
2025-01-22,Henry Woods,We should fill my house with content creator housemates,AFTER,2025-01-22,01:51:25,Cady,Constantly in photo shoot
2025-01-22,Henry Woods,We should fill my house with content creator housemates,AFTER,2025-01-22,01:51:51,Henry Woods,Do a subscription to our camera system
2025-01-22,Henry Woods,We should fill my house with content creator housemates,AFTER,2025-01-22,01:51:57,Cady,That actually has incredible potential
2025-01-22,Henry Woods,We should fill my house with content creator housemates,AFTER,2025-01-22,01:52:09,Henry Woods,‘Watch us fuck all day’
2025-01-22,Henry Woods,We should fill my house with content creator housemates,AFTER,2025-01-22,01:52:31,Cady,The world needs it lol
2025-01-22,Henry Woods,We should fill my house with content creator housemates,AFTER,2025-01-22,01:52:52,Henry Woods,Someone signs in and sees you riding a massive dildo up your ass with three guys jerking off onto your face
2025-01-22,Henry Woods,We should fill my house with content creator housemates,AFTER,2025-01-22,01:53:04,Cady,Just a Tuesday
2025-01-22,Henry Woods,We should fill my house with content creator housemates,AFTER,2025-01-22,01:53:13,Henry Woods,Yeah exactly
2025-01-22,Henry Woods,We should fill my house with content creator housemates,AFTER,2025-01-22,01:53:21,Henry Woods,That ‘this is what she’s always doing’ vibe
2025-01-22,Henry Woods,Someone signs in and sees you riding a massive dildo up your ass with three guys jerking off onto your face,BEFORE,2025-01-22,01:49:09,Cady,Heh yeah
2025-01-22,Henry Woods,Someone signs in and sees you riding a massive dildo up your ass with three guys jerking off onto your face,BEFORE,2025-01-22,01:50:08,Henry Woods,And I always indulge my slut
2025-01-22,Henry Woods,Someone signs in and sees you riding a massive dildo up your ass with three guys jerking off onto your face,BEFORE,2025-01-22,01:50:29,Cady,Hehe I love how you complete and keep me
2025-01-22,Henry Woods,Someone signs in and sees you riding a massive dildo up your ass with three guys jerking off onto your face,BEFORE,2025-01-22,01:50:45,Henry Woods,We should fill my house with content creator housemates
2025-01-22,Henry Woods,Someone signs in and sees you riding a massive dildo up your ass with three guys jerking off onto your face,BEFORE,2025-01-22,01:51:06,Cady,Ooooh babe yes
2025-01-22,Henry Woods,Someone signs in and sees you riding a massive dildo up your ass with three guys jerking off onto your face,BEFORE,2025-01-22,01:51:25,Cady,Constantly in photo shoot
2025-01-22,Henry Woods,Someone signs in and sees you riding a massive dildo up your ass with three guys jerking off onto your face,BEFORE,2025-01-22,01:51:51,Henry Woods,Do a subscription to our camera system
2025-01-22,Henry Woods,Someone signs in and sees you riding a massive dildo up your ass with three guys jerking off onto your face,BEFORE,2025-01-22,01:51:57,Cady,That actually has incredible potential
2025-01-22,Henry Woods,Someone signs in and sees you riding a massive dildo up your ass with three guys jerking off onto your face,BEFORE,2025-01-22,01:52:09,Henry Woods,‘Watch us fuck all day’
2025-01-22,Henry Woods,Someone signs in and sees you riding a massive dildo up your ass with three guys jerking off onto your face,BEFORE,2025-01-22,01:52:31,Cady,The world needs it lol
2025-01-22,Henry Woods,Someone signs in and sees you riding a massive dildo up your ass with three guys jerking off onto your face,TARGET,2025-01-22,01:52:52,Henry Woods,Someone signs in and sees you riding a massive dildo up your ass with three guys jerking off onto your face
2025-01-22,Henry Woods,Someone signs in and sees you riding a massive dildo up your ass with three guys jerking off onto your face,AFTER,2025-01-22,01:53:04,Cady,Just a Tuesday
2025-01-22,Henry Woods,Someone signs in and sees you riding a massive dildo up your ass with three guys jerking off onto your face,AFTER,2025-01-22,01:53:13,Henry Woods,Yeah exactly
2025-01-22,Henry Woods,Someone signs in and sees you riding a massive dildo up your ass with three guys jerking off onto your face,AFTER,2025-01-22,01:53:21,Henry Woods,That ‘this is what she’s always doing’ vibe
2025-01-22,Henry Woods,Someone signs in and sees you riding a massive dildo up your ass with three guys jerking off onto your face,AFTER,2025-01-22,01:53:46,Cady,Really beautiful
2025-01-22,Henry Woods,Someone signs in and sees you riding a massive dildo up your ass with three guys jerking off onto your face,AFTER,2025-01-22,01:55:02,Cady,lol the punishments if you don’t do chores
2025-01-22,Henry Woods,Someone signs in and sees you riding a massive dildo up your ass with three guys jerking off onto your face,AFTER,2025-01-22,01:55:16,Cady,X amount of tied up for \_\_\_\_ free use
2025-01-22,Henry Woods,Someone signs in and sees you riding a massive dildo up your ass with three guys jerking off onto your face,AFTER,2025-01-22,01:55:20,Henry Woods,"Face down on the floor getting your ass pounded while the other two have breakfast, then they swap once they’ve emptied themselves into you \<This message was edited\>"
2025-01-22,Henry Woods,Someone signs in and sees you riding a massive dildo up your ass with three guys jerking off onto your face,AFTER,2025-01-22,01:55:51,Cady,Taking turns all respectful lol
2025-01-22,Henry Woods,Someone signs in and sees you riding a massive dildo up your ass with three guys jerking off onto your face,AFTER,2025-01-22,01:56:25,Henry Woods,I don’t know about you but I love the objectification stuff
2025-01-22,Henry Woods,Someone signs in and sees you riding a massive dildo up your ass with three guys jerking off onto your face,AFTER,2025-01-22,01:56:29,Henry Woods,‘Use it’
2025-01-22,Henry Woods,"And then in a few years: ‘you guys are anal only for the moment, I’m gonna get that blown out cunt pregnant’",BEFORE,2025-01-22,01:58:27,Cady,Oh?
2025-01-22,Henry Woods,"And then in a few years: ‘you guys are anal only for the moment, I’m gonna get that blown out cunt pregnant’",BEFORE,2025-01-22,01:58:46,Henry Woods,Too busy being tied up and fucked
2025-01-22,Henry Woods,"And then in a few years: ‘you guys are anal only for the moment, I’m gonna get that blown out cunt pregnant’",BEFORE,2025-01-22,01:58:51,Cady,Love
2025-01-22,Henry Woods,"And then in a few years: ‘you guys are anal only for the moment, I’m gonna get that blown out cunt pregnant’",BEFORE,2025-01-22,01:58:57,Henry Woods,I think there should be a stocks in the living room
2025-01-22,Henry Woods,"And then in a few years: ‘you guys are anal only for the moment, I’m gonna get that blown out cunt pregnant’",BEFORE,2025-01-22,01:59:15,Henry Woods,You in there with a queue behind
2025-01-22,Henry Woods,"And then in a few years: ‘you guys are anal only for the moment, I’m gonna get that blown out cunt pregnant’",BEFORE,2025-01-22,01:59:20,Cady,I mean it just makes sense
2025-01-22,Henry Woods,"And then in a few years: ‘you guys are anal only for the moment, I’m gonna get that blown out cunt pregnant’",BEFORE,2025-01-22,02:00:21,Henry Woods,"Stripper heels, ass up high, face down at waist height"
2025-01-22,Henry Woods,"And then in a few years: ‘you guys are anal only for the moment, I’m gonna get that blown out cunt pregnant’",BEFORE,2025-01-22,02:00:58,Cady,lol I’ll just be in another world
2025-01-22,Henry Woods,"And then in a few years: ‘you guys are anal only for the moment, I’m gonna get that blown out cunt pregnant’",BEFORE,2025-01-22,02:01:50,Henry Woods,Cum constantly leaking out of you cause we’re all tested so we can use you freely
2025-01-22,Henry Woods,"And then in a few years: ‘you guys are anal only for the moment, I’m gonna get that blown out cunt pregnant’",BEFORE,2025-01-22,02:01:59,Cady,Mmmmm yummmmmm
2025-01-22,Henry Woods,"And then in a few years: ‘you guys are anal only for the moment, I’m gonna get that blown out cunt pregnant’",TARGET,2025-01-22,02:02:54,Henry Woods,"And then in a few years: ‘you guys are anal only for the moment, I’m gonna get that blown out cunt pregnant’"
2025-01-22,Henry Woods,"And then in a few years: ‘you guys are anal only for the moment, I’m gonna get that blown out cunt pregnant’",AFTER,2025-01-22,02:03:25,Cady,Truly having it all baby
2025-01-22,Henry Woods,"And then in a few years: ‘you guys are anal only for the moment, I’m gonna get that blown out cunt pregnant’",AFTER,2025-01-22,02:03:35,Henry Woods,Unf I love you
2025-01-22,Henry Woods,"And then in a few years: ‘you guys are anal only for the moment, I’m gonna get that blown out cunt pregnant’",AFTER,2025-01-22,02:03:39,Cady,I love you so much
2025-01-22,Henry Woods,"And then in a few years: ‘you guys are anal only for the moment, I’m gonna get that blown out cunt pregnant’",AFTER,2025-01-22,02:03:40,Cady,Hahaha
2025-01-22,Henry Woods,"And then in a few years: ‘you guys are anal only for the moment, I’m gonna get that blown out cunt pregnant’",AFTER,2025-01-22,02:04:29,Cady,Giggling
2025-01-22,Henry Woods,"And then in a few years: ‘you guys are anal only for the moment, I’m gonna get that blown out cunt pregnant’",AFTER,2025-01-22,02:04:33,Cady,Adorable
2025-01-22,Henry Woods,"And then in a few years: ‘you guys are anal only for the moment, I’m gonna get that blown out cunt pregnant’",AFTER,2025-01-22,02:10:00,Henry Woods,Genuinely looking at flights to come and dp you this weekend
2025-01-22,Henry Woods,"And then in a few years: ‘you guys are anal only for the moment, I’m gonna get that blown out cunt pregnant’",AFTER,2025-01-22,02:10:17,Cady,Unf ilysmhenryyyyyy
2025-01-22,Henry Woods,"And then in a few years: ‘you guys are anal only for the moment, I’m gonna get that blown out cunt pregnant’",AFTER,2025-01-22,02:10:47,Cady,Omg you and Atlanta boy would be ridiculous energy
2025-01-22,Henry Woods,"And then in a few years: ‘you guys are anal only for the moment, I’m gonna get that blown out cunt pregnant’",AFTER,2025-01-22,02:11:01,Cady,Y’all seem quite similar
2025-01-22,Henry Woods,Have you fist me and toy me and invite guys over to gangbang me,BEFORE,2025-01-22,02:48:26,Henry Woods,Fuck I’m thinking about big dick in my ass too now
2025-01-22,Henry Woods,Have you fist me and toy me and invite guys over to gangbang me,BEFORE,2025-01-22,02:48:47,Cady,You’re right baby
2025-01-22,Henry Woods,Have you fist me and toy me and invite guys over to gangbang me,BEFORE,2025-01-22,02:48:49,Henry Woods,Might have to hit up big dick Ashley when I get back
2025-01-22,Henry Woods,Have you fist me and toy me and invite guys over to gangbang me,BEFORE,2025-01-22,02:48:57,Cady,Mmmm yeasss so hot baby
2025-01-22,Henry Woods,Have you fist me and toy me and invite guys over to gangbang me,BEFORE,2025-01-22,02:49:04,Cady,lol curious
2025-01-22,Henry Woods,Have you fist me and toy me and invite guys over to gangbang me,BEFORE,2025-01-22,02:49:10,Henry Woods,Get him to give me a hard battering
2025-01-22,Henry Woods,Have you fist me and toy me and invite guys over to gangbang me,BEFORE,2025-01-22,02:49:28,Cady,Unf that’s so sexy
2025-01-22,Henry Woods,Have you fist me and toy me and invite guys over to gangbang me,BEFORE,2025-01-22,02:51:59,Henry Woods,That’s something I haven’t had a chance to explore yet
2025-01-22,Henry Woods,Have you fist me and toy me and invite guys over to gangbang me,BEFORE,2025-01-22,02:52:27,Cady,However I can support you in this please lmk
2025-01-22,Henry Woods,Have you fist me and toy me and invite guys over to gangbang me,BEFORE,2025-01-22,02:52:35,Cady,Because I support anal for all lol
2025-01-22,Henry Woods,Have you fist me and toy me and invite guys over to gangbang me,TARGET,2025-01-22,02:52:46,Henry Woods,Have you fist me and toy me and invite guys over to gangbang me
2025-01-22,Henry Woods,Have you fist me and toy me and invite guys over to gangbang me,AFTER,2025-01-22,02:52:55,Cady,Omg yes baby
2025-01-22,Henry Woods,Have you fist me and toy me and invite guys over to gangbang me,AFTER,2025-01-22,02:52:58,Cady,Absolutely
2025-01-22,Henry Woods,Have you fist me and toy me and invite guys over to gangbang me,AFTER,2025-01-22,02:54:33,Henry Woods,Heheh you don’t know how loose my ass is yet
2025-01-22,Henry Woods,Have you fist me and toy me and invite guys over to gangbang me,AFTER,2025-01-22,02:54:35,Henry Woods,Last time I was with Ashley I got my fist and his dick up me simultaneously
2025-01-22,Henry Woods,Have you fist me and toy me and invite guys over to gangbang me,AFTER,2025-01-22,02:54:39,Henry Woods,And his dick is HUGE
2025-01-22,Henry Woods,Have you fist me and toy me and invite guys over to gangbang me,AFTER,2025-01-22,02:54:53,Cady,Omg babe you good little slut
2025-01-22,Henry Woods,Have you fist me and toy me and invite guys over to gangbang me,AFTER,2025-01-22,02:55:04,Henry Woods,like three coke cans stacked up
2025-01-22,Henry Woods,Have you fist me and toy me and invite guys over to gangbang me,AFTER,2025-01-22,02:55:22,Cady,Mmmm you good slut
2025-01-22,Henry Woods,Have you fist me and toy me and invite guys over to gangbang me,AFTER,2025-01-22,02:55:34,Cady,This is why I trust you with my ass lol
2025-01-22,Henry Woods,Have you fist me and toy me and invite guys over to gangbang me,AFTER,2025-01-22,02:56:29,Henry Woods,"Fool, I’ve completely ruined mine ð"
2025-01-22,Henry Woods,"All the guys over 9”, Cady still has the biggest dick",BEFORE,2025-01-22,03:07:01,Cady,And I love you more
2025-01-22,Henry Woods,"All the guys over 9”, Cady still has the biggest dick",BEFORE,2025-01-22,03:07:19,Henry Woods,Their surprise when they both slip in it like butter
2025-01-22,Henry Woods,"All the guys over 9”, Cady still has the biggest dick",BEFORE,2025-01-22,03:07:29,Cady,Hehehe
2025-01-22,Henry Woods,"All the guys over 9”, Cady still has the biggest dick",BEFORE,2025-01-22,03:07:35,Henry Woods,‘Oh you ARE a good whore’
2025-01-22,Henry Woods,"All the guys over 9”, Cady still has the biggest dick",BEFORE,2025-01-22,03:07:45,Henry Woods,Hehehe
2025-01-22,Henry Woods,"All the guys over 9”, Cady still has the biggest dick",BEFORE,2025-01-22,03:07:50,Cady,Mmmm
2025-01-22,Henry Woods,"All the guys over 9”, Cady still has the biggest dick",BEFORE,2025-01-22,03:07:58,Henry Woods,Getting gangbanged side by side
2025-01-22,Henry Woods,"All the guys over 9”, Cady still has the biggest dick",BEFORE,2025-01-22,03:08:20,Cady,Just so long as I can be like this for you
2025-01-22,Henry Woods,"All the guys over 9”, Cady still has the biggest dick",BEFORE,2025-01-22,03:08:41,Cady,Stag and hen do lol
2025-01-22,Henry Woods,"All the guys over 9”, Cady still has the biggest dick",BEFORE,2025-01-22,03:10:00,Henry Woods,Hehe yesss
2025-01-22,Henry Woods,"All the guys over 9”, Cady still has the biggest dick",TARGET,2025-01-22,03:10:23,Henry Woods,"All the guys over 9”, Cady still has the biggest dick"
2025-01-22,Henry Woods,"All the guys over 9”, Cady still has the biggest dick",AFTER,2025-01-22,03:10:49,Cady,Hehehe damn right
2025-01-22,Henry Woods,"All the guys over 9”, Cady still has the biggest dick",AFTER,2025-01-22,03:11:07,Henry Woods,I think my huge toy has a vac u lock attachment
2025-01-22,Henry Woods,"All the guys over 9”, Cady still has the biggest dick",AFTER,2025-01-22,03:11:16,Cady,Oh
2025-01-22,Henry Woods,"All the guys over 9”, Cady still has the biggest dick",AFTER,2025-01-22,03:11:43,Henry Woods,You’ll have to help me train to take it balls deep
2025-01-22,Henry Woods,"All the guys over 9”, Cady still has the biggest dick",AFTER,2025-01-22,03:11:52,Henry Woods,I can only get half
2025-01-22,Henry Woods,"All the guys over 9”, Cady still has the biggest dick",AFTER,2025-01-22,03:12:15,Cady,Oooh yay
2025-01-22,Henry Woods,"All the guys over 9”, Cady still has the biggest dick",AFTER,2025-01-22,03:12:19,Cady,We’ll get you there
2025-01-22,Henry Woods,"All the guys over 9”, Cady still has the biggest dick",AFTER,2025-01-22,03:12:47,Cady,What does it do
2025-01-22,Henry Woods,"All the guys over 9”, Cady still has the biggest dick",AFTER,2025-01-22,03:12:48,Henry Woods,Just need a good deep fisting
2025-01-22,Henry Woods,"All the guys over 9”, Cady still has the biggest dick",AFTER,2025-01-22,03:12:55,Henry Woods,Vac u lock?
2025-01-22,Henry Woods,Onlyfans video title ‘gave birth yesterday she can now take two fists jerking my dick of inside her,BEFORE,2025-01-22,03:19:18,Cady,Then go hard but different
2025-01-22,Henry Woods,Onlyfans video title ‘gave birth yesterday she can now take two fists jerking my dick of inside her,BEFORE,2025-01-22,03:19:35,Cady,Then continue going hard hehe
2025-01-22,Henry Woods,Onlyfans video title ‘gave birth yesterday she can now take two fists jerking my dick of inside her,BEFORE,2025-01-22,03:21:33,Henry Woods,If you think that I’m not going to take advantage of a string of slutty nannies or that I’ll let your pussy tighten back up then you’re very mistaken
2025-01-22,Henry Woods,Onlyfans video title ‘gave birth yesterday she can now take two fists jerking my dick of inside her,BEFORE,2025-01-22,03:22:02,Henry Woods,The husband stitch: one extra
2025-01-22,Henry Woods,Onlyfans video title ‘gave birth yesterday she can now take two fists jerking my dick of inside her,BEFORE,2025-01-22,03:22:03,Cady,Oh how nice I hadn’t considered nannies
2025-01-22,Henry Woods,Onlyfans video title ‘gave birth yesterday she can now take two fists jerking my dick of inside her,BEFORE,2025-01-22,03:22:11,Cady,Fuck off
2025-01-22,Henry Woods,Onlyfans video title ‘gave birth yesterday she can now take two fists jerking my dick of inside her,BEFORE,2025-01-22,03:22:13,Henry Woods,The Henry stitch: one fewer
2025-01-22,Henry Woods,Onlyfans video title ‘gave birth yesterday she can now take two fists jerking my dick of inside her,BEFORE,2025-01-22,03:22:24,Cady,Ok good ily
2025-01-22,Henry Woods,Onlyfans video title ‘gave birth yesterday she can now take two fists jerking my dick of inside her,BEFORE,2025-01-22,03:22:53,Cady,Like so nice on so many levels
2025-01-22,Henry Woods,Onlyfans video title ‘gave birth yesterday she can now take two fists jerking my dick of inside her,BEFORE,2025-01-22,03:23:33,Cady,Damn now I’m going to need to search for some related porn
2025-01-22,Henry Woods,Onlyfans video title ‘gave birth yesterday she can now take two fists jerking my dick of inside her,TARGET,2025-01-22,03:24:22,Henry Woods,Onlyfans video title ‘gave birth yesterday she can now take two fists jerking my dick of inside her
2025-01-22,Henry Woods,Onlyfans video title ‘gave birth yesterday she can now take two fists jerking my dick of inside her,AFTER,2025-01-22,03:24:41,Cady,That would be ridiculous
2025-01-22,Henry Woods,Onlyfans video title ‘gave birth yesterday she can now take two fists jerking my dick of inside her,AFTER,2025-01-22,03:24:49,Cady,Would love to make it happen l
2025-01-22,Henry Woods,Onlyfans video title ‘gave birth yesterday she can now take two fists jerking my dick of inside her,AFTER,2025-01-22,03:24:51,Cady,lol
2025-01-22,Henry Woods,Onlyfans video title ‘gave birth yesterday she can now take two fists jerking my dick of inside her,AFTER,2025-01-22,03:24:59,Henry Woods,"And a week later: ‘oops, the nanny jerked me off inside her now she’s pregnant again’"
2025-01-22,Henry Woods,Onlyfans video title ‘gave birth yesterday she can now take two fists jerking my dick of inside her,AFTER,2025-01-22,03:25:13,Cady,Bahahaha
2025-01-22,Henry Woods,Onlyfans video title ‘gave birth yesterday she can now take two fists jerking my dick of inside her,AFTER,2025-01-22,03:25:52,Henry Woods,Newspaper advert:
2025-01-22,Henry Woods,Onlyfans video title ‘gave birth yesterday she can now take two fists jerking my dick of inside her,AFTER,2025-01-22,03:26:06,Cady,Explain
2025-01-22,Henry Woods,Onlyfans video title ‘gave birth yesterday she can now take two fists jerking my dick of inside her,AFTER,2025-01-22,03:26:22,Henry Woods,I don’t want a nanny that doesn’t stretch you
2025-01-22,Henry Woods,Onlyfans video title ‘gave birth yesterday she can now take two fists jerking my dick of inside her,AFTER,2025-01-22,03:26:31,Cady,Ah yes.
2025-01-22,Henry Woods,Onlyfans video title ‘gave birth yesterday she can now take two fists jerking my dick of inside her,AFTER,2025-01-22,03:26:34,Cady,Love it
2025-01-22,Henry Woods,Will have to do my best to make sure they never find the video of their dad getting his asshole caved in by 10 black guys,BEFORE,2025-01-22,03:37:04,Cady,Boy at work who wants to fuck me brought that up last night
2025-01-22,Henry Woods,Will have to do my best to make sure they never find the video of their dad getting his asshole caved in by 10 black guys,BEFORE,2025-01-22,03:37:27,Henry Woods,"lol, he’s trying too hard"
2025-01-22,Henry Woods,Will have to do my best to make sure they never find the video of their dad getting his asshole caved in by 10 black guys,BEFORE,2025-01-22,03:38:12,Henry Woods,I can’t tell if I want you to fuck him or be too busy with better dick to have the time
2025-01-22,Henry Woods,Will have to do my best to make sure they never find the video of their dad getting his asshole caved in by 10 black guys,BEFORE,2025-01-22,03:38:17,Henry Woods,I think the latter
2025-01-22,Henry Woods,Will have to do my best to make sure they never find the video of their dad getting his asshole caved in by 10 black guys,BEFORE,2025-01-22,03:38:25,Cady,True the latter
2025-01-22,Henry Woods,Will have to do my best to make sure they never find the video of their dad getting his asshole caved in by 10 black guys,BEFORE,2025-01-22,03:38:32,Cady,I’m just amused by him
2025-01-22,Henry Woods,Will have to do my best to make sure they never find the video of their dad getting his asshole caved in by 10 black guys,BEFORE,2025-01-22,03:39:29,Henry Woods,Not the best starting point
2025-01-22,Henry Woods,Will have to do my best to make sure they never find the video of their dad getting his asshole caved in by 10 black guys,BEFORE,2025-01-22,03:41:16,Henry Woods,‘What are you doing step-boy.I.grew.up.with.pretending.to.not.know.that.our.parents.fuck
2025-01-22,Henry Woods,Will have to do my best to make sure they never find the video of their dad getting his asshole caved in by 10 black guys,BEFORE,2025-01-22,03:41:28,Cady,Hahahaha
2025-01-22,Henry Woods,Will have to do my best to make sure they never find the video of their dad getting his asshole caved in by 10 black guys,BEFORE,2025-01-22,03:42:25,Cady,I mean just as long as we’re wanting the best for our kids ðð \<This message was edited\>
2025-01-22,Henry Woods,Will have to do my best to make sure they never find the video of their dad getting his asshole caved in by 10 black guys,TARGET,2025-01-22,03:48:22,Henry Woods,Will have to do my best to make sure they never find the video of their dad getting his asshole caved in by 10 black guys
2025-01-22,Henry Woods,Will have to do my best to make sure they never find the video of their dad getting his asshole caved in by 10 black guys,AFTER,2025-01-22,03:48:57,Cady,Heh heh
2025-01-22,Henry Woods,Will have to do my best to make sure they never find the video of their dad getting his asshole caved in by 10 black guys,AFTER,2025-01-22,03:52:55,Henry Woods,Going back to the villa
2025-01-22,Henry Woods,Will have to do my best to make sure they never find the video of their dad getting his asshole caved in by 10 black guys,AFTER,2025-01-22,03:53:06,Cady,Mmmmm
2025-01-22,Henry Woods,Will have to do my best to make sure they never find the video of their dad getting his asshole caved in by 10 black guys,AFTER,2025-01-22,03:53:27,Cady,Time to cum again
2025-01-22,Henry Woods,Will have to do my best to make sure they never find the video of their dad getting his asshole caved in by 10 black guys,AFTER,2025-01-22,03:53:31,Henry Woods,Given Tsun an hour break so I have time to put my hand up my butt on camera for you
2025-01-22,Henry Woods,Will have to do my best to make sure they never find the video of their dad getting his asshole caved in by 10 black guys,AFTER,2025-01-22,03:53:53,Cady,Omg I’m the luckiest girl in the world xx
2025-01-22,Henry Woods,Will have to do my best to make sure they never find the video of their dad getting his asshole caved in by 10 black guys,AFTER,2025-01-22,03:54:00,Henry Woods,ð
2025-01-22,Henry Woods,Will have to do my best to make sure they never find the video of their dad getting his asshole caved in by 10 black guys,AFTER,2025-01-22,03:54:20,Cady,ðð
2025-01-22,Henry Woods,Will have to do my best to make sure they never find the video of their dad getting his asshole caved in by 10 black guys,AFTER,2025-01-22,03:54:25,Henry Woods,I. Love. You. So. Fucking. Much.
2025-01-22,Henry Woods,Will have to do my best to make sure they never find the video of their dad getting his asshole caved in by 10 black guys,AFTER,2025-01-22,03:54:44,Cady,I love you too. So. Goddamn. Much.
2025-01-22,Henry Woods,Unf I think you guys would get on so well,BEFORE,2025-01-22,04:39:58,Henry Woods,I’m gonna cum like 3 times in a row at least
2025-01-22,Henry Woods,Unf I think you guys would get on so well,BEFORE,2025-01-22,04:40:12,Cady,Wish it was down my throat
2025-01-22,Henry Woods,Unf I think you guys would get on so well,BEFORE,2025-01-22,04:40:15,Cady,But very happy for you
2025-01-22,Henry Woods,Unf I think you guys would get on so well,BEFORE,2025-01-22,04:40:40,Henry Woods,Ola not back till late tonight ð­
2025-01-22,Henry Woods,Unf I think you guys would get on so well,BEFORE,2025-01-22,04:40:54,Cady,Awe noo
2025-01-22,Henry Woods,Unf I think you guys would get on so well,BEFORE,2025-01-22,04:40:54,Henry Woods,Need a warm throat to cum down
2025-01-22,Henry Woods,Unf I think you guys would get on so well,BEFORE,2025-01-22,04:41:01,Cady,You do baby
2025-01-22,Henry Woods,Unf I think you guys would get on so well,BEFORE,2025-01-22,04:41:22,Henry Woods,I was talking about you to her last night
2025-01-22,Henry Woods,Unf I think you guys would get on so well,BEFORE,2025-01-22,04:41:36,Cady,Yeah
2025-01-22,Henry Woods,Unf I think you guys would get on so well,BEFORE,2025-01-22,04:41:50,Henry Woods,Gonna broach a call this evening
2025-01-22,Henry Woods,Unf I think you guys would get on so well,TARGET,2025-01-22,04:42:03,Henry Woods,Unf I think you guys would get on so well
2025-01-22,Henry Woods,Unf I think you guys would get on so well,AFTER,2025-01-22,04:42:22,Cady,I’m sure we will in time hehe
2025-01-22,Henry Woods,Unf I think you guys would get on so well,AFTER,2025-01-22,04:42:46,Cady,I’m probably gonna head to bed sometime in the next 30min
2025-01-22,Henry Woods,Unf I think you guys would get on so well,AFTER,2025-01-22,04:43:27,Henry Woods,We’re 40mins from the villa so I’m gonna just miss you
2025-01-22,Henry Woods,Unf I think you guys would get on so well,AFTER,2025-01-22,04:43:45,Cady,Awe maybe I can stay upp
2025-01-22,Henry Woods,Unf I think you guys would get on so well,AFTER,2025-01-22,04:44:09,Henry Woods,Will Amazon you some fun things while I’m still horny so I’m more likely to go overboard
2025-01-22,Henry Woods,Unf I think you guys would get on so well,AFTER,2025-01-22,04:44:23,Cady,Hehe perfect
2025-01-22,Henry Woods,Unf I think you guys would get on so well,AFTER,2025-01-22,04:44:23,Henry Woods,"‘She needs this, and this, aaaaand this’"
2025-01-22,Henry Woods,Unf I think you guys would get on so well,AFTER,2025-01-22,04:44:31,Cady,Do yo thang
2025-01-22,Henry Woods,Unf I think you guys would get on so well,AFTER,2025-01-22,04:46:33,Henry Woods,Wanna do a cum on camera together?
2025-01-22,Henry Woods,Unf I think you guys would get on so well,AFTER,2025-01-22,04:46:40,Cady,Yes
2025-01-22,Henry Woods,Also I’ve mentioned this before but stats for your onlyfans would be fun,BEFORE,2025-01-22,04:50:39,Henry Woods,Nnnnnngstasjenejehuusv I need to cum in itttttt
2025-01-22,Henry Woods,Also I’ve mentioned this before but stats for your onlyfans would be fun,BEFORE,2025-01-22,04:51:04,Cady,Yes yea yes baby
2025-01-22,Henry Woods,Also I’ve mentioned this before but stats for your onlyfans would be fun,BEFORE,2025-01-22,05:21:08,Henry Woods,Getting back
2025-01-22,Henry Woods,Also I’ve mentioned this before but stats for your onlyfans would be fun,BEFORE,2025-01-22,05:21:20,Cady,Yay
2025-01-22,Henry Woods,Also I’ve mentioned this before but stats for your onlyfans would be fun,BEFORE,2025-01-22,05:21:35,Henry Woods,Current thoughts
2025-01-22,Henry Woods,Also I’ve mentioned this before but stats for your onlyfans would be fun,BEFORE,2025-01-22,05:21:51,Cady,Have been watching a gangbang
2025-01-22,Henry Woods,Also I’ve mentioned this before but stats for your onlyfans would be fun,BEFORE,2025-01-22,05:22:09,Cady,Sleepy af
2025-01-22,Henry Woods,Also I’ve mentioned this before but stats for your onlyfans would be fun,BEFORE,2025-01-22,05:22:10,Henry Woods,‘I want to be able to doomscroll for hours through only videos of Cady’
2025-01-22,Henry Woods,Also I’ve mentioned this before but stats for your onlyfans would be fun,BEFORE,2025-01-22,05:22:21,Cady,Hehe yesss
2025-01-22,Henry Woods,Also I’ve mentioned this before but stats for your onlyfans would be fun,BEFORE,2025-01-22,05:23:01,Cady,Soon
2025-01-22,Henry Woods,Also I’ve mentioned this before but stats for your onlyfans would be fun,TARGET,2025-01-22,05:24:02,Henry Woods,Also I’ve mentioned this before but stats for your onlyfans would be fun
2025-01-22,Henry Woods,Also I’ve mentioned this before but stats for your onlyfans would be fun,AFTER,2025-01-22,05:24:30,Henry Woods,/just in general
2025-01-22,Henry Woods,Also I’ve mentioned this before but stats for your onlyfans would be fun,AFTER,2025-01-22,05:25:01,Cady,Yes
2025-01-22,Henry Woods,Also I’ve mentioned this before but stats for your onlyfans would be fun,AFTER,2025-01-22,05:26:49,Henry Woods,"‘764 guys have cum a total of 12,755 times in my mouth, 3478 times in my ass and twice in my pussy by mistake’"
2025-01-22,Henry Woods,Also I’ve mentioned this before but stats for your onlyfans would be fun,AFTER,2025-01-22,05:27:35,Cady,Hehe
2025-01-22,Henry Woods,Also I’ve mentioned this before but stats for your onlyfans would be fun,AFTER,2025-01-22,05:27:41,Cady,Love it
2025-01-22,Henry Woods,Also I’ve mentioned this before but stats for your onlyfans would be fun,AFTER,2025-01-22,05:27:48,Henry Woods,Also it would be fun if more guys had fucked your ass than your pussy
2025-01-22,Henry Woods,Also I’ve mentioned this before but stats for your onlyfans would be fun,AFTER,2025-01-22,05:28:06,Cady,I’ll work on that
2025-01-22,Henry Woods,Also I’ve mentioned this before but stats for your onlyfans would be fun,AFTER,2025-01-22,05:28:08,Henry Woods,"“My pussy is daddy’s, my ass is public”"
2025-01-22,Henry Woods,Also I’ve mentioned this before but stats for your onlyfans would be fun,AFTER,2025-01-22,05:28:17,Cady,Mmmm cute
2025-01-22,Henry Woods,Also I’ve mentioned this before but stats for your onlyfans would be fun,AFTER,2025-01-22,05:28:58,Henry Woods,Walking double from the car to hide my erection ð
2025-01-22,Henry Woods,"‘764 guys have cum a total of 12,755 times in my mouth, 3478 times in my ass and twice in my pussy by mistake’",BEFORE,2025-01-22,05:21:20,Cady,Yay
2025-01-22,Henry Woods,"‘764 guys have cum a total of 12,755 times in my mouth, 3478 times in my ass and twice in my pussy by mistake’",BEFORE,2025-01-22,05:21:35,Henry Woods,Current thoughts
2025-01-22,Henry Woods,"‘764 guys have cum a total of 12,755 times in my mouth, 3478 times in my ass and twice in my pussy by mistake’",BEFORE,2025-01-22,05:21:51,Cady,Have been watching a gangbang
2025-01-22,Henry Woods,"‘764 guys have cum a total of 12,755 times in my mouth, 3478 times in my ass and twice in my pussy by mistake’",BEFORE,2025-01-22,05:22:09,Cady,Sleepy af
2025-01-22,Henry Woods,"‘764 guys have cum a total of 12,755 times in my mouth, 3478 times in my ass and twice in my pussy by mistake’",BEFORE,2025-01-22,05:22:10,Henry Woods,‘I want to be able to doomscroll for hours through only videos of Cady’
2025-01-22,Henry Woods,"‘764 guys have cum a total of 12,755 times in my mouth, 3478 times in my ass and twice in my pussy by mistake’",BEFORE,2025-01-22,05:22:21,Cady,Hehe yesss
2025-01-22,Henry Woods,"‘764 guys have cum a total of 12,755 times in my mouth, 3478 times in my ass and twice in my pussy by mistake’",BEFORE,2025-01-22,05:23:01,Cady,Soon
2025-01-22,Henry Woods,"‘764 guys have cum a total of 12,755 times in my mouth, 3478 times in my ass and twice in my pussy by mistake’",BEFORE,2025-01-22,05:24:02,Henry Woods,Also I’ve mentioned this before but stats for your onlyfans would be fun
2025-01-22,Henry Woods,"‘764 guys have cum a total of 12,755 times in my mouth, 3478 times in my ass and twice in my pussy by mistake’",BEFORE,2025-01-22,05:24:30,Henry Woods,/just in general
2025-01-22,Henry Woods,"‘764 guys have cum a total of 12,755 times in my mouth, 3478 times in my ass and twice in my pussy by mistake’",BEFORE,2025-01-22,05:25:01,Cady,Yes
2025-01-22,Henry Woods,"‘764 guys have cum a total of 12,755 times in my mouth, 3478 times in my ass and twice in my pussy by mistake’",TARGET,2025-01-22,05:26:49,Henry Woods,"‘764 guys have cum a total of 12,755 times in my mouth, 3478 times in my ass and twice in my pussy by mistake’"
2025-01-22,Henry Woods,"‘764 guys have cum a total of 12,755 times in my mouth, 3478 times in my ass and twice in my pussy by mistake’",AFTER,2025-01-22,05:27:35,Cady,Hehe
2025-01-22,Henry Woods,"‘764 guys have cum a total of 12,755 times in my mouth, 3478 times in my ass and twice in my pussy by mistake’",AFTER,2025-01-22,05:27:41,Cady,Love it
2025-01-22,Henry Woods,"‘764 guys have cum a total of 12,755 times in my mouth, 3478 times in my ass and twice in my pussy by mistake’",AFTER,2025-01-22,05:27:48,Henry Woods,Also it would be fun if more guys had fucked your ass than your pussy
2025-01-22,Henry Woods,"‘764 guys have cum a total of 12,755 times in my mouth, 3478 times in my ass and twice in my pussy by mistake’",AFTER,2025-01-22,05:28:06,Cady,I’ll work on that
2025-01-22,Henry Woods,"‘764 guys have cum a total of 12,755 times in my mouth, 3478 times in my ass and twice in my pussy by mistake’",AFTER,2025-01-22,05:28:08,Henry Woods,"“My pussy is daddy’s, my ass is public”"
2025-01-22,Henry Woods,"‘764 guys have cum a total of 12,755 times in my mouth, 3478 times in my ass and twice in my pussy by mistake’",AFTER,2025-01-22,05:28:17,Cady,Mmmm cute
2025-01-22,Henry Woods,"‘764 guys have cum a total of 12,755 times in my mouth, 3478 times in my ass and twice in my pussy by mistake’",AFTER,2025-01-22,05:28:58,Henry Woods,Walking double from the car to hide my erection ð
2025-01-22,Henry Woods,"‘764 guys have cum a total of 12,755 times in my mouth, 3478 times in my ass and twice in my pussy by mistake’",AFTER,2025-01-22,05:29:09,Cady,Blessed lol
2025-01-22,Henry Woods,"‘764 guys have cum a total of 12,755 times in my mouth, 3478 times in my ass and twice in my pussy by mistake’",AFTER,2025-01-22,05:30:22,Henry Woods,"Video call, 10 min"
2025-01-22,Henry Woods,"‘764 guys have cum a total of 12,755 times in my mouth, 3478 times in my ass and twice in my pussy by mistake’",AFTER,2025-01-22,10:01:33,Henry Woods,still in love with you
2025-01-22,Henry Woods,Also it would be fun if more guys had fucked your ass than your pussy,BEFORE,2025-01-22,05:22:09,Cady,Sleepy af
2025-01-22,Henry Woods,Also it would be fun if more guys had fucked your ass than your pussy,BEFORE,2025-01-22,05:22:10,Henry Woods,‘I want to be able to doomscroll for hours through only videos of Cady’
2025-01-22,Henry Woods,Also it would be fun if more guys had fucked your ass than your pussy,BEFORE,2025-01-22,05:22:21,Cady,Hehe yesss
2025-01-22,Henry Woods,Also it would be fun if more guys had fucked your ass than your pussy,BEFORE,2025-01-22,05:23:01,Cady,Soon
2025-01-22,Henry Woods,Also it would be fun if more guys had fucked your ass than your pussy,BEFORE,2025-01-22,05:24:02,Henry Woods,Also I’ve mentioned this before but stats for your onlyfans would be fun
2025-01-22,Henry Woods,Also it would be fun if more guys had fucked your ass than your pussy,BEFORE,2025-01-22,05:24:30,Henry Woods,/just in general
2025-01-22,Henry Woods,Also it would be fun if more guys had fucked your ass than your pussy,BEFORE,2025-01-22,05:25:01,Cady,Yes
2025-01-22,Henry Woods,Also it would be fun if more guys had fucked your ass than your pussy,BEFORE,2025-01-22,05:26:49,Henry Woods,"‘764 guys have cum a total of 12,755 times in my mouth, 3478 times in my ass and twice in my pussy by mistake’"
2025-01-22,Henry Woods,Also it would be fun if more guys had fucked your ass than your pussy,BEFORE,2025-01-22,05:27:35,Cady,Hehe
2025-01-22,Henry Woods,Also it would be fun if more guys had fucked your ass than your pussy,BEFORE,2025-01-22,05:27:41,Cady,Love it
2025-01-22,Henry Woods,Also it would be fun if more guys had fucked your ass than your pussy,TARGET,2025-01-22,05:27:48,Henry Woods,Also it would be fun if more guys had fucked your ass than your pussy
2025-01-22,Henry Woods,Also it would be fun if more guys had fucked your ass than your pussy,AFTER,2025-01-22,05:28:06,Cady,I’ll work on that
2025-01-22,Henry Woods,Also it would be fun if more guys had fucked your ass than your pussy,AFTER,2025-01-22,05:28:08,Henry Woods,"“My pussy is daddy’s, my ass is public”"
2025-01-22,Henry Woods,Also it would be fun if more guys had fucked your ass than your pussy,AFTER,2025-01-22,05:28:17,Cady,Mmmm cute
2025-01-22,Henry Woods,Also it would be fun if more guys had fucked your ass than your pussy,AFTER,2025-01-22,05:28:58,Henry Woods,Walking double from the car to hide my erection ð
2025-01-22,Henry Woods,Also it would be fun if more guys had fucked your ass than your pussy,AFTER,2025-01-22,05:29:09,Cady,Blessed lol
2025-01-22,Henry Woods,Also it would be fun if more guys had fucked your ass than your pussy,AFTER,2025-01-22,05:30:22,Henry Woods,"Video call, 10 min"
2025-01-22,Henry Woods,Also it would be fun if more guys had fucked your ass than your pussy,AFTER,2025-01-22,10:01:33,Henry Woods,still in love with you
2025-01-22,Henry Woods,Also it would be fun if more guys had fucked your ass than your pussy,AFTER,2025-01-22,10:01:58,Cady,Still in love with you back \<This message was edited\>
2025-01-22,Henry Woods,Also it would be fun if more guys had fucked your ass than your pussy,AFTER,2025-01-22,10:02:01,Henry Woods,oops I woke you up ð
2025-01-22,Henry Woods,Also it would be fun if more guys had fucked your ass than your pussy,AFTER,2025-01-22,10:02:09,Cady,Can’t sleep momentarily
2025-01-23,Henry Woods,"“Aww that’s sweet baby, I got you….60 inches of dick packed into 5 men”",BEFORE,2025-01-22,23:58:06,Cady,Yes daddy
2025-01-23,Henry Woods,"“Aww that’s sweet baby, I got you….60 inches of dick packed into 5 men”",BEFORE,2025-01-22,23:58:15,Henry Woods,From dawn till dusk that’s your only purpose
2025-01-23,Henry Woods,"“Aww that’s sweet baby, I got you….60 inches of dick packed into 5 men”",BEFORE,2025-01-22,23:58:50,Henry Woods,"Turn daddy on, find sluts for him to fuck, show off how hard you can take it for him"
2025-01-23,Henry Woods,"“Aww that’s sweet baby, I got you….60 inches of dick packed into 5 men”",BEFORE,2025-01-22,23:59:14,Cady,Unf yes yes yes yes
2025-01-23,Henry Woods,"“Aww that’s sweet baby, I got you….60 inches of dick packed into 5 men”",BEFORE,2025-01-22,23:59:47,Henry Woods,‘Sit back and let this pretty girl I found suck your dick while I get gangbanged for you’
2025-01-23,Henry Woods,"“Aww that’s sweet baby, I got you….60 inches of dick packed into 5 men”",BEFORE,2025-01-23,00:00:01,Cady,So sweet
2025-01-23,Henry Woods,"“Aww that’s sweet baby, I got you….60 inches of dick packed into 5 men”",BEFORE,2025-01-23,00:00:28,Henry Woods,Indeed
2025-01-23,Henry Woods,"“Aww that’s sweet baby, I got you….60 inches of dick packed into 5 men”",BEFORE,2025-01-23,00:01:09,Cady,Gift giving will have never been so much fun
2025-01-23,Henry Woods,"“Aww that’s sweet baby, I got you….60 inches of dick packed into 5 men”",BEFORE,2025-01-23,00:02:06,Henry Woods,‘It’s Christmas\! I got you….18 holes’
2025-01-23,Henry Woods,"“Aww that’s sweet baby, I got you….60 inches of dick packed into 5 men”",BEFORE,2025-01-23,00:02:18,Cady,Tehehe
2025-01-23,Henry Woods,"“Aww that’s sweet baby, I got you….60 inches of dick packed into 5 men”",TARGET,2025-01-23,00:02:26,Henry Woods,"“Aww that’s sweet baby, I got you….60 inches of dick packed into 5 men”"
2025-01-23,Henry Woods,"“Aww that’s sweet baby, I got you….60 inches of dick packed into 5 men”",AFTER,2025-01-23,00:02:53,Cady,Mmmmhm lol damn
2025-01-23,Henry Woods,"“Aww that’s sweet baby, I got you….60 inches of dick packed into 5 men”",AFTER,2025-01-23,00:05:28,Henry Woods,Also back to this:
2025-01-23,Henry Woods,"“Aww that’s sweet baby, I got you….60 inches of dick packed into 5 men”",AFTER,2025-01-23,00:05:46,Cady,Okkk thanks
2025-01-23,Henry Woods,"“Aww that’s sweet baby, I got you….60 inches of dick packed into 5 men”",AFTER,2025-01-23,00:05:59,Cady,That’s what I just did to my ass
2025-01-23,Henry Woods,"“Aww that’s sweet baby, I got you….60 inches of dick packed into 5 men”",AFTER,2025-01-23,00:06:03,Cady,I didn’t record it tho
2025-01-23,Henry Woods,"“Aww that’s sweet baby, I got you….60 inches of dick packed into 5 men”",AFTER,2025-01-23,00:06:06,Henry Woods,Good girl
2025-01-23,Henry Woods,"“Aww that’s sweet baby, I got you….60 inches of dick packed into 5 men”",AFTER,2025-01-23,00:06:12,Henry Woods,Bad girl
2025-01-23,Henry Woods,"“Aww that’s sweet baby, I got you….60 inches of dick packed into 5 men”",AFTER,2025-01-23,00:06:48,Cady,I suppose I could do it again and stretch my pussy
2025-01-23,Henry Woods,"“Aww that’s sweet baby, I got you….60 inches of dick packed into 5 men”",AFTER,2025-01-23,00:06:57,Henry Woods,Yesss
2025-01-23,Henry Woods,"“Aww that’s sweet baby, I got you….60 inches of dick packed into 5 men”",AFTER,2025-01-23,00:07:19,Henry Woods,Treat it like sets
2025-01-23,Henry Woods,"It’ll just be wake up, have you suck me all day, invite guys over in the evening to gangbang you",BEFORE,2025-01-23,00:17:38,Henry Woods,Not sure they’d get it
2025-01-23,Henry Woods,"It’ll just be wake up, have you suck me all day, invite guys over in the evening to gangbang you",BEFORE,2025-01-23,00:17:39,Cady,Hahaha
2025-01-23,Henry Woods,"It’ll just be wake up, have you suck me all day, invite guys over in the evening to gangbang you",BEFORE,2025-01-23,00:18:29,Cady,Yeahhhh no
2025-01-23,Henry Woods,"It’ll just be wake up, have you suck me all day, invite guys over in the evening to gangbang you",BEFORE,2025-01-23,00:22:15,Henry Woods,The only thing currently sustaining me is that if I manage to last a month (and two months after SA) then I literally get you bouncing on my dick 5 times a day for life
2025-01-23,Henry Woods,"It’ll just be wake up, have you suck me all day, invite guys over in the evening to gangbang you",BEFORE,2025-01-23,00:22:35,Cady,Same baby
2025-01-23,Henry Woods,"It’ll just be wake up, have you suck me all day, invite guys over in the evening to gangbang you",BEFORE,2025-01-23,00:23:06,Cady,My head is in the clouds (bouncing on your dick) 95% of the time now lol
2025-01-23,Henry Woods,"It’ll just be wake up, have you suck me all day, invite guys over in the evening to gangbang you",BEFORE,2025-01-23,00:27:46,Henry Woods,Mine too
2025-01-23,Henry Woods,"It’ll just be wake up, have you suck me all day, invite guys over in the evening to gangbang you",BEFORE,2025-01-23,00:28:48,Cady,Mmmm baby but I need to give you head nowwww
2025-01-23,Henry Woods,"It’ll just be wake up, have you suck me all day, invite guys over in the evening to gangbang you",BEFORE,2025-01-23,00:29:47,Henry Woods,Mmmh yes
2025-01-23,Henry Woods,"It’ll just be wake up, have you suck me all day, invite guys over in the evening to gangbang you",BEFORE,2025-01-23,00:31:49,Henry Woods,I won’t have any work over the summer
2025-01-23,Henry Woods,"It’ll just be wake up, have you suck me all day, invite guys over in the evening to gangbang you",TARGET,2025-01-23,00:32:16,Henry Woods,"It’ll just be wake up, have you suck me all day, invite guys over in the evening to gangbang you"
2025-01-23,Henry Woods,"It’ll just be wake up, have you suck me all day, invite guys over in the evening to gangbang you",AFTER,2025-01-23,00:32:29,Cady,Yummy
2025-01-23,Henry Woods,"It’ll just be wake up, have you suck me all day, invite guys over in the evening to gangbang you",AFTER,2025-01-23,00:32:35,Henry Woods,Maybe have a spot of lunch in the middle of that
2025-01-23,Henry Woods,"It’ll just be wake up, have you suck me all day, invite guys over in the evening to gangbang you",AFTER,2025-01-23,00:32:39,Cady,Hahah
2025-01-23,Henry Woods,"It’ll just be wake up, have you suck me all day, invite guys over in the evening to gangbang you",AFTER,2025-01-23,00:33:49,Cady,Unf what fun
2025-01-23,Henry Woods,"It’ll just be wake up, have you suck me all day, invite guys over in the evening to gangbang you",AFTER,2025-01-23,00:34:37,Cady,Will tsun be off?
2025-01-23,Henry Woods,"It’ll just be wake up, have you suck me all day, invite guys over in the evening to gangbang you",AFTER,2025-01-23,00:34:44,Cady,/ will you still have that other flat
2025-01-23,Henry Woods,"It’ll just be wake up, have you suck me all day, invite guys over in the evening to gangbang you",AFTER,2025-01-23,00:37:10,Henry Woods,He will
2025-01-23,Henry Woods,"It’ll just be wake up, have you suck me all day, invite guys over in the evening to gangbang you",AFTER,2025-01-23,00:37:15,Henry Woods,And I’ll be at home
2025-01-23,Henry Woods,"It’ll just be wake up, have you suck me all day, invite guys over in the evening to gangbang you",AFTER,2025-01-23,00:37:27,Henry Woods,Nothing to do except cum in you all day
2025-01-23,Henry Woods,"It’ll just be wake up, have you suck me all day, invite guys over in the evening to gangbang you",AFTER,2025-01-23,00:37:34,Cady,ððð
2025-01-23,Henry Woods,Unf didn’t realise I love the idea of you being a plaything for older guys,BEFORE,2025-01-23,22:14:06,Cady,Hehe
2025-01-23,Henry Woods,Unf didn’t realise I love the idea of you being a plaything for older guys,BEFORE,2025-01-23,22:14:07,Cady,Yes
2025-01-23,Henry Woods,Unf didn’t realise I love the idea of you being a plaything for older guys,BEFORE,2025-01-23,22:14:22,Cady,Just started second shift and now I’m so much more awake
2025-01-23,Henry Woods,Unf didn’t realise I love the idea of you being a plaything for older guys,BEFORE,2025-01-23,22:14:41,Henry Woods,Like every text I we send each other gets me hard
2025-01-23,Henry Woods,Unf didn’t realise I love the idea of you being a plaything for older guys,BEFORE,2025-01-23,22:14:51,Cady,Hehehe ilysm
2025-01-23,Henry Woods,Unf didn’t realise I love the idea of you being a plaything for older guys,BEFORE,2025-01-23,22:14:55,Cady,Now I’m wet
2025-01-23,Henry Woods,Unf didn’t realise I love the idea of you being a plaything for older guys,BEFORE,2025-01-23,22:16:39,Cady,Have another new potential daddy
2025-01-23,Henry Woods,Unf didn’t realise I love the idea of you being a plaything for older guys,BEFORE,2025-01-23,22:16:56,Cady,From New York. Retired military in law school built like a house
2025-01-23,Henry Woods,Unf didn’t realise I love the idea of you being a plaything for older guys,BEFORE,2025-01-23,22:17:18,Cady,Oh he’s the screenshot actually
2025-01-23,Henry Woods,Unf didn’t realise I love the idea of you being a plaything for older guys,BEFORE,2025-01-23,22:17:41,Henry Woods,Fun
2025-01-23,Henry Woods,Unf didn’t realise I love the idea of you being a plaything for older guys,TARGET,2025-01-23,22:19:13,Henry Woods,Unf didn’t realise I love the idea of you being a plaything for older guys
2025-01-23,Henry Woods,Unf didn’t realise I love the idea of you being a plaything for older guys,AFTER,2025-01-23,22:19:37,Henry Woods,Like how hot for him
2025-01-23,Henry Woods,Unf didn’t realise I love the idea of you being a plaything for older guys,AFTER,2025-01-23,22:20:55,Henry Woods,Tight little sex bunny wants to bounce on his dick and do all his fantasies
2025-01-23,Henry Woods,Unf didn’t realise I love the idea of you being a plaything for older guys,AFTER,2025-01-23,22:21:22,Cady,Mmmmhmmm
2025-01-23,Henry Woods,Unf didn’t realise I love the idea of you being a plaything for older guys,AFTER,2025-01-23,22:21:38,Cady,I don’t think he’s that much older actually but yes I also am into older guys lol
2025-01-23,Henry Woods,Unf didn’t realise I love the idea of you being a plaything for older guys,AFTER,2025-01-23,22:21:49,Henry Woods,Fair
2025-01-23,Henry Woods,Unf didn’t realise I love the idea of you being a plaything for older guys,AFTER,2025-01-23,22:21:52,Cady,His dick is massive
2025-01-23,Henry Woods,Unf didn’t realise I love the idea of you being a plaything for older guys,AFTER,2025-01-23,22:22:08,Henry Woods,Retired military made me think mid 40s
2025-01-23,Henry Woods,Unf didn’t realise I love the idea of you being a plaything for older guys,AFTER,2025-01-23,22:22:30,Cady,Makes sense
2025-01-23,Henry Woods,Unf didn’t realise I love the idea of you being a plaything for older guys,AFTER,2025-01-23,22:22:31,Henry Woods,Teeheee
2025-01-23,Henry Woods,Unf didn’t realise I love the idea of you being a plaything for older guys,AFTER,2025-01-23,22:22:39,Cady,Like I’m a little afraid
2025-01-23,Cady,I don’t think he’s that much older actually but yes I also am into older guys lol,BEFORE,2025-01-23,22:14:51,Cady,Hehehe ilysm
2025-01-23,Cady,I don’t think he’s that much older actually but yes I also am into older guys lol,BEFORE,2025-01-23,22:14:55,Cady,Now I’m wet
2025-01-23,Cady,I don’t think he’s that much older actually but yes I also am into older guys lol,BEFORE,2025-01-23,22:16:39,Cady,Have another new potential daddy
2025-01-23,Cady,I don’t think he’s that much older actually but yes I also am into older guys lol,BEFORE,2025-01-23,22:16:56,Cady,From New York. Retired military in law school built like a house
2025-01-23,Cady,I don’t think he’s that much older actually but yes I also am into older guys lol,BEFORE,2025-01-23,22:17:18,Cady,Oh he’s the screenshot actually
2025-01-23,Cady,I don’t think he’s that much older actually but yes I also am into older guys lol,BEFORE,2025-01-23,22:17:41,Henry Woods,Fun
2025-01-23,Cady,I don’t think he’s that much older actually but yes I also am into older guys lol,BEFORE,2025-01-23,22:19:13,Henry Woods,Unf didn’t realise I love the idea of you being a plaything for older guys
2025-01-23,Cady,I don’t think he’s that much older actually but yes I also am into older guys lol,BEFORE,2025-01-23,22:19:37,Henry Woods,Like how hot for him
2025-01-23,Cady,I don’t think he’s that much older actually but yes I also am into older guys lol,BEFORE,2025-01-23,22:20:55,Henry Woods,Tight little sex bunny wants to bounce on his dick and do all his fantasies
2025-01-23,Cady,I don’t think he’s that much older actually but yes I also am into older guys lol,BEFORE,2025-01-23,22:21:22,Cady,Mmmmhmmm
2025-01-23,Cady,I don’t think he’s that much older actually but yes I also am into older guys lol,TARGET,2025-01-23,22:21:38,Cady,I don’t think he’s that much older actually but yes I also am into older guys lol
2025-01-23,Cady,I don’t think he’s that much older actually but yes I also am into older guys lol,AFTER,2025-01-23,22:21:49,Henry Woods,Fair
2025-01-23,Cady,I don’t think he’s that much older actually but yes I also am into older guys lol,AFTER,2025-01-23,22:21:52,Cady,His dick is massive
2025-01-23,Cady,I don’t think he’s that much older actually but yes I also am into older guys lol,AFTER,2025-01-23,22:22:08,Henry Woods,Retired military made me think mid 40s
2025-01-23,Cady,I don’t think he’s that much older actually but yes I also am into older guys lol,AFTER,2025-01-23,22:22:30,Cady,Makes sense
2025-01-23,Cady,I don’t think he’s that much older actually but yes I also am into older guys lol,AFTER,2025-01-23,22:22:31,Henry Woods,Teeheee
2025-01-23,Cady,I don’t think he’s that much older actually but yes I also am into older guys lol,AFTER,2025-01-23,22:22:39,Cady,Like I’m a little afraid
2025-01-23,Cady,I don’t think he’s that much older actually but yes I also am into older guys lol,AFTER,2025-01-23,22:22:48,Henry Woods,Gonna stretch you so good
2025-01-23,Cady,I don’t think he’s that much older actually but yes I also am into older guys lol,AFTER,2025-01-23,22:23:17,Henry Woods,Can’t be brave without fear
2025-01-23,Cady,I don’t think he’s that much older actually but yes I also am into older guys lol,AFTER,2025-01-23,22:23:28,Cady,Oh I like that quote
2025-01-23,Cady,I don’t think he’s that much older actually but yes I also am into older guys lol,AFTER,2025-01-23,22:23:34,Cady,I’ll be brave
2025-01-23,Henry Woods,Getting turned on for like 5 different guys no wonder you’re such a melty horny mess,BEFORE,2025-01-23,23:00:24,Henry Woods,But I don’t need to ð¥²
2025-01-23,Henry Woods,Getting turned on for like 5 different guys no wonder you’re such a melty horny mess,BEFORE,2025-01-23,23:00:28,Henry Woods,So proud of you
2025-01-23,Henry Woods,Getting turned on for like 5 different guys no wonder you’re such a melty horny mess,BEFORE,2025-01-23,23:01:00,Cady,Heheh
2025-01-23,Henry Woods,Getting turned on for like 5 different guys no wonder you’re such a melty horny mess,BEFORE,2025-01-23,23:01:04,Cady,Thanks daddy
2025-01-23,Henry Woods,Getting turned on for like 5 different guys no wonder you’re such a melty horny mess,BEFORE,2025-01-23,23:01:14,Cady,God I love making you proud
2025-01-23,Henry Woods,Getting turned on for like 5 different guys no wonder you’re such a melty horny mess,BEFORE,2025-01-23,23:01:19,Henry Woods,Wants to cum in all your slutty holes
2025-01-23,Henry Woods,Getting turned on for like 5 different guys no wonder you’re such a melty horny mess,BEFORE,2025-01-23,23:01:27,Henry Woods,Hehe I bet that turns you on too
2025-01-23,Henry Woods,Getting turned on for like 5 different guys no wonder you’re such a melty horny mess,BEFORE,2025-01-23,23:01:30,Cady,Mmhm exactly
2025-01-23,Henry Woods,Getting turned on for like 5 different guys no wonder you’re such a melty horny mess,BEFORE,2025-01-23,23:01:37,Cady,It does very much so
2025-01-23,Henry Woods,Getting turned on for like 5 different guys no wonder you’re such a melty horny mess,BEFORE,2025-01-23,23:02:11,Cady,He sent me some voice notes today and he’s super sexy
2025-01-23,Henry Woods,Getting turned on for like 5 different guys no wonder you’re such a melty horny mess,TARGET,2025-01-23,23:02:13,Henry Woods,Getting turned on for like 5 different guys no wonder you’re such a melty horny mess
2025-01-23,Henry Woods,Getting turned on for like 5 different guys no wonder you’re such a melty horny mess,AFTER,2025-01-23,23:02:19,Cady,Hehehehe
2025-01-23,Henry Woods,Getting turned on for like 5 different guys no wonder you’re such a melty horny mess,AFTER,2025-01-23,23:02:19,Henry Woods,Hehehe
2025-01-23,Henry Woods,Getting turned on for like 5 different guys no wonder you’re such a melty horny mess,AFTER,2025-01-23,23:02:27,Cady,Working this shift with Kurt
2025-01-23,Henry Woods,Getting turned on for like 5 different guys no wonder you’re such a melty horny mess,AFTER,2025-01-23,23:02:34,Henry Woods,lol
2025-01-23,Henry Woods,Getting turned on for like 5 different guys no wonder you’re such a melty horny mess,AFTER,2025-01-23,23:02:42,Cady,It’s making me laugh
2025-01-23,Henry Woods,Getting turned on for like 5 different guys no wonder you’re such a melty horny mess,AFTER,2025-01-23,23:03:48,Henry Woods,Comparing him with super sexy huge dick military daddy?
2025-01-23,Henry Woods,Getting turned on for like 5 different guys no wonder you’re such a melty horny mess,AFTER,2025-01-23,23:04:20,Cady,Yes and he’s smaller
2025-01-23,Henry Woods,Getting turned on for like 5 different guys no wonder you’re such a melty horny mess,AFTER,2025-01-23,23:04:25,Cady,Teehee
2025-01-23,Henry Woods,Getting turned on for like 5 different guys no wonder you’re such a melty horny mess,AFTER,2025-01-23,23:05:18,Henry Woods,Well I guessed that from your opening description
2025-01-23,Henry Woods,Getting turned on for like 5 different guys no wonder you’re such a melty horny mess,AFTER,2025-01-23,23:05:43,Cady,Oh lol
2025-01-23,Cady,The newest guys have really big dicks \<This message was edited\>,BEFORE,2025-01-23,23:04:20,Cady,Yes and he’s smaller
2025-01-23,Cady,The newest guys have really big dicks \<This message was edited\>,BEFORE,2025-01-23,23:04:25,Cady,Teehee
2025-01-23,Cady,The newest guys have really big dicks \<This message was edited\>,BEFORE,2025-01-23,23:05:18,Henry Woods,Well I guessed that from your opening description
2025-01-23,Cady,The newest guys have really big dicks \<This message was edited\>,BEFORE,2025-01-23,23:05:43,Cady,Oh lol
2025-01-23,Cady,The newest guys have really big dicks \<This message was edited\>,BEFORE,2025-01-23,23:05:43,Henry Woods,Or do you mean ‘smaller in all respects’
2025-01-23,Cady,The newest guys have really big dicks \<This message was edited\>,BEFORE,2025-01-23,23:06:03,Cady,Just his dick lol
2025-01-23,Cady,The newest guys have really big dicks \<This message was edited\>,BEFORE,2025-01-23,23:06:15,Henry Woods,Fair
2025-01-23,Cady,The newest guys have really big dicks \<This message was edited\>,BEFORE,2025-01-23,23:06:28,Henry Woods,Why was Kurt also pretty hung?
2025-01-23,Cady,The newest guys have really big dicks \<This message was edited\>,BEFORE,2025-01-23,23:06:39,Cady,No he wasn’t
2025-01-23,Cady,The newest guys have really big dicks \<This message was edited\>,BEFORE,2025-01-23,23:06:49,Cady,Sorry I’m confised
2025-01-23,Cady,The newest guys have really big dicks \<This message was edited\>,TARGET,2025-01-23,23:06:55,Cady,The newest guys have really big dicks \<This message was edited\>
2025-01-23,Cady,The newest guys have really big dicks \<This message was edited\>,AFTER,2025-01-23,23:07:01,Henry Woods,Yes
2025-01-23,Cady,The newest guys have really big dicks \<This message was edited\>,AFTER,2025-01-23,23:07:47,Henry Woods,So you said you were working this shift with Kurt
2025-01-23,Cady,The newest guys have really big dicks \<This message was edited\>,AFTER,2025-01-23,23:07:50,Henry Woods,And I was imagining you standing next to him thinking about your new guys and laughing
2025-01-23,Cady,The newest guys have really big dicks \<This message was edited\>,AFTER,2025-01-23,23:07:59,Cady,Oh yes you’re imagining correctly
2025-01-23,Cady,The newest guys have really big dicks \<This message was edited\>,AFTER,2025-01-23,23:08:34,Henry Woods,But not only comparing dick size
2025-01-23,Cady,The newest guys have really big dicks \<This message was edited\>,AFTER,2025-01-23,23:08:38,Henry Woods,Like attitude and everything as well
2025-01-23,Cady,The newest guys have really big dicks \<This message was edited\>,AFTER,2025-01-23,23:08:47,Cady,Oh I seeee
2025-01-23,Cady,The newest guys have really big dicks \<This message was edited\>,AFTER,2025-01-23,23:08:49,Henry Woods,But also dick size ð
2025-01-23,Cady,The newest guys have really big dicks \<This message was edited\>,AFTER,2025-01-23,23:09:10,Cady,Yes
2025-01-23,Cady,The newest guys have really big dicks \<This message was edited\>,AFTER,2025-01-23,23:11:49,Henry Woods,Fun
2025-01-23,Henry Woods,And I was imagining you standing next to him thinking about your new guys and laughing,BEFORE,2025-01-23,23:05:43,Cady,Oh lol
2025-01-23,Henry Woods,And I was imagining you standing next to him thinking about your new guys and laughing,BEFORE,2025-01-23,23:05:43,Henry Woods,Or do you mean ‘smaller in all respects’
2025-01-23,Henry Woods,And I was imagining you standing next to him thinking about your new guys and laughing,BEFORE,2025-01-23,23:06:03,Cady,Just his dick lol
2025-01-23,Henry Woods,And I was imagining you standing next to him thinking about your new guys and laughing,BEFORE,2025-01-23,23:06:15,Henry Woods,Fair
2025-01-23,Henry Woods,And I was imagining you standing next to him thinking about your new guys and laughing,BEFORE,2025-01-23,23:06:28,Henry Woods,Why was Kurt also pretty hung?
2025-01-23,Henry Woods,And I was imagining you standing next to him thinking about your new guys and laughing,BEFORE,2025-01-23,23:06:39,Cady,No he wasn’t
2025-01-23,Henry Woods,And I was imagining you standing next to him thinking about your new guys and laughing,BEFORE,2025-01-23,23:06:49,Cady,Sorry I’m confised
2025-01-23,Henry Woods,And I was imagining you standing next to him thinking about your new guys and laughing,BEFORE,2025-01-23,23:06:55,Cady,The newest guys have really big dicks \<This message was edited\>
2025-01-23,Henry Woods,And I was imagining you standing next to him thinking about your new guys and laughing,BEFORE,2025-01-23,23:07:01,Henry Woods,Yes
2025-01-23,Henry Woods,And I was imagining you standing next to him thinking about your new guys and laughing,BEFORE,2025-01-23,23:07:47,Henry Woods,So you said you were working this shift with Kurt
2025-01-23,Henry Woods,And I was imagining you standing next to him thinking about your new guys and laughing,TARGET,2025-01-23,23:07:50,Henry Woods,And I was imagining you standing next to him thinking about your new guys and laughing
2025-01-23,Henry Woods,And I was imagining you standing next to him thinking about your new guys and laughing,AFTER,2025-01-23,23:07:59,Cady,Oh yes you’re imagining correctly
2025-01-23,Henry Woods,And I was imagining you standing next to him thinking about your new guys and laughing,AFTER,2025-01-23,23:08:34,Henry Woods,But not only comparing dick size
2025-01-23,Henry Woods,And I was imagining you standing next to him thinking about your new guys and laughing,AFTER,2025-01-23,23:08:38,Henry Woods,Like attitude and everything as well
2025-01-23,Henry Woods,And I was imagining you standing next to him thinking about your new guys and laughing,AFTER,2025-01-23,23:08:47,Cady,Oh I seeee
2025-01-23,Henry Woods,And I was imagining you standing next to him thinking about your new guys and laughing,AFTER,2025-01-23,23:08:49,Henry Woods,But also dick size ð
2025-01-23,Henry Woods,And I was imagining you standing next to him thinking about your new guys and laughing,AFTER,2025-01-23,23:09:10,Cady,Yes
2025-01-23,Henry Woods,And I was imagining you standing next to him thinking about your new guys and laughing,AFTER,2025-01-23,23:11:49,Henry Woods,Fun
2025-01-23,Henry Woods,And I was imagining you standing next to him thinking about your new guys and laughing,AFTER,2025-01-23,23:11:58,Henry Woods,You’re so evil
2025-01-23,Henry Woods,And I was imagining you standing next to him thinking about your new guys and laughing,AFTER,2025-01-23,23:12:01,Cady,Hehe Monday night says yes to filming
2025-01-23,Henry Woods,And I was imagining you standing next to him thinking about your new guys and laughing,AFTER,2025-01-23,23:12:27,Henry Woods,Unf I wish I was there to pass you around with all these fun guys ð¢
2025-01-23,Henry Woods,Unf I wish I was there to pass you around with all these fun guys ð¢,BEFORE,2025-01-23,23:07:50,Henry Woods,And I was imagining you standing next to him thinking about your new guys and laughing
2025-01-23,Henry Woods,Unf I wish I was there to pass you around with all these fun guys ð¢,BEFORE,2025-01-23,23:07:59,Cady,Oh yes you’re imagining correctly
2025-01-23,Henry Woods,Unf I wish I was there to pass you around with all these fun guys ð¢,BEFORE,2025-01-23,23:08:34,Henry Woods,But not only comparing dick size
2025-01-23,Henry Woods,Unf I wish I was there to pass you around with all these fun guys ð¢,BEFORE,2025-01-23,23:08:38,Henry Woods,Like attitude and everything as well
2025-01-23,Henry Woods,Unf I wish I was there to pass you around with all these fun guys ð¢,BEFORE,2025-01-23,23:08:47,Cady,Oh I seeee
2025-01-23,Henry Woods,Unf I wish I was there to pass you around with all these fun guys ð¢,BEFORE,2025-01-23,23:08:49,Henry Woods,But also dick size ð
2025-01-23,Henry Woods,Unf I wish I was there to pass you around with all these fun guys ð¢,BEFORE,2025-01-23,23:09:10,Cady,Yes
2025-01-23,Henry Woods,Unf I wish I was there to pass you around with all these fun guys ð¢,BEFORE,2025-01-23,23:11:49,Henry Woods,Fun
2025-01-23,Henry Woods,Unf I wish I was there to pass you around with all these fun guys ð¢,BEFORE,2025-01-23,23:11:58,Henry Woods,You’re so evil
2025-01-23,Henry Woods,Unf I wish I was there to pass you around with all these fun guys ð¢,BEFORE,2025-01-23,23:12:01,Cady,Hehe Monday night says yes to filming
2025-01-23,Henry Woods,Unf I wish I was there to pass you around with all these fun guys ð¢,TARGET,2025-01-23,23:12:27,Henry Woods,Unf I wish I was there to pass you around with all these fun guys ð¢
2025-01-23,Henry Woods,Unf I wish I was there to pass you around with all these fun guys ð¢,AFTER,2025-01-23,23:12:36,Cady,I knowwwww
2025-01-23,Henry Woods,Unf I wish I was there to pass you around with all these fun guys ð¢,AFTER,2025-01-23,23:12:42,Henry Woods,Wanna hold your legs open for them ð­
2025-01-23,Henry Woods,Unf I wish I was there to pass you around with all these fun guys ð¢,AFTER,2025-01-23,23:12:43,Cady,I just want to be with you period
2025-01-23,Henry Woods,Unf I wish I was there to pass you around with all these fun guys ð¢,AFTER,2025-01-23,23:12:49,Cady,Mmmmmmm
2025-01-23,Henry Woods,Unf I wish I was there to pass you around with all these fun guys ð¢,AFTER,2025-01-23,23:12:52,Cady,That would be so hot
2025-01-23,Henry Woods,Unf I wish I was there to pass you around with all these fun guys ð¢,AFTER,2025-01-23,23:13:01,Cady,I think I would cry tears of happiness and joy
2025-01-23,Henry Woods,Unf I wish I was there to pass you around with all these fun guys ð¢,AFTER,2025-01-23,23:13:20,Henry Woods,And also tears of ‘I’m being split open by a 10” dick’
2025-01-23,Henry Woods,Unf I wish I was there to pass you around with all these fun guys ð¢,AFTER,2025-01-23,23:13:29,Cady,Yes
2025-01-23,Henry Woods,Unf I wish I was there to pass you around with all these fun guys ð¢,AFTER,2025-01-23,23:13:38,Cady,I think Monday night is like that size
2025-01-23,Henry Woods,Unf I wish I was there to pass you around with all these fun guys ð¢,AFTER,2025-01-23,23:13:39,Henry Woods,But mainly the first two
2025-01-23,Henry Woods,But I means for the guys,BEFORE,2025-01-23,23:19:00,Henry Woods,Basically there’s both your rectum and colon. And if he’s that big then you’re gonna have to take him past the second hole into your colon if you wanna get him balls deep
2025-01-23,Henry Woods,But I means for the guys,BEFORE,2025-01-23,23:19:09,Cady,Oh
2025-01-23,Henry Woods,But I means for the guys,BEFORE,2025-01-23,23:19:10,Henry Woods,And you wanna get him balls deep
2025-01-23,Henry Woods,But I means for the guys,BEFORE,2025-01-23,23:19:12,Cady,Owww
2025-01-23,Henry Woods,But I means for the guys,BEFORE,2025-01-23,23:19:14,Cady,Yes I do
2025-01-23,Henry Woods,But I means for the guys,BEFORE,2025-01-23,23:19:16,Henry Woods,Also apparently it feels amazing
2025-01-23,Henry Woods,But I means for the guys,BEFORE,2025-01-23,23:19:30,Henry Woods,Fucking a second asshole at like 8” in ð
2025-01-23,Henry Woods,But I means for the guys,BEFORE,2025-01-23,23:19:35,Cady,Ouhh damn
2025-01-23,Henry Woods,But I means for the guys,BEFORE,2025-01-23,23:19:46,Cady,lol wouldn’t you know?
2025-01-23,Henry Woods,But I means for the guys,BEFORE,2025-01-23,23:19:53,Henry Woods,Well it feels amazing for me too
2025-01-23,Henry Woods,But I means for the guys,TARGET,2025-01-23,23:20:08,Henry Woods,But I means for the guys
2025-01-23,Henry Woods,But I means for the guys,AFTER,2025-01-23,23:20:18,Cady,Yes
2025-01-23,Henry Woods,But I means for the guys,AFTER,2025-01-23,23:20:27,Cady,I get it
2025-01-23,Henry Woods,But I means for the guys,AFTER,2025-01-23,23:20:27,Henry Woods,"There’s your first hole, and then a second one on the tip"
2025-01-23,Henry Woods,But I means for the guys,AFTER,2025-01-23,23:20:33,Cady,Sorry doing two things at once
2025-01-23,Henry Woods,But I means for the guys,AFTER,2025-01-23,23:20:38,Henry Woods,All good
2025-01-23,Henry Woods,But I means for the guys,AFTER,2025-01-23,23:21:17,Henry Woods,Aha I’m not that big
2025-01-23,Henry Woods,But I means for the guys,AFTER,2025-01-23,23:21:24,Cady,Unf but daddy I want you to be ruining my asshole rn
2025-01-23,Henry Woods,But I means for the guys,AFTER,2025-01-23,23:21:36,Henry Woods,Me too
2025-01-23,Henry Woods,But I means for the guys,AFTER,2025-01-23,23:21:38,Cady,I was confused when I sent that haha
2025-01-23,Henry Woods,But I means for the guys,AFTER,2025-01-23,23:22:03,Henry Woods,All good
2025-01-23,Cady,You’re going to have so much content of me,BEFORE,2025-01-23,23:24:01,Cady,That
2025-01-23,Cady,You’re going to have so much content of me,BEFORE,2025-01-23,23:24:03,Cady,I want that
2025-01-23,Cady,You’re going to have so much content of me,BEFORE,2025-01-23,23:24:31,Henry Woods,Hehehe
2025-01-23,Cady,You’re going to have so much content of me,BEFORE,2025-01-23,23:24:41,Henry Woods,I’ll start you out gently solo
2025-01-23,Cady,You’re going to have so much content of me,BEFORE,2025-01-23,23:24:48,Henry Woods,And then South Africa we’ll work on it
2025-01-23,Cady,You’re going to have so much content of me,BEFORE,2025-01-23,23:25:17,Henry Woods,So you can take 10” dicks to the base with abandon
2025-01-23,Cady,You’re going to have so much content of me,BEFORE,2025-01-23,23:25:20,Cady,Mmmmm
2025-01-23,Cady,You’re going to have so much content of me,BEFORE,2025-01-23,23:25:25,Cady,Yessssbabe
2025-01-23,Cady,You’re going to have so much content of me,BEFORE,2025-01-23,23:25:34,Cady,Great plan haha
2025-01-23,Cady,You’re going to have so much content of me,BEFORE,2025-01-23,23:25:49,Henry Woods,And then film it for me ð
2025-01-23,Cady,You’re going to have so much content of me,TARGET,2025-01-23,23:26:06,Cady,You’re going to have so much content of me
2025-01-23,Cady,You’re going to have so much content of me,AFTER,2025-01-23,23:26:17,Cady,Ok about to go pass out food whilst thinking of all this
2025-01-23,Cady,You’re going to have so much content of me,AFTER,2025-01-23,23:26:54,Henry Woods,And then I can lie you against the edge of the bed with all your stretched holes spread and open and see if I can get my cum in you from a distance
2025-01-23,Cady,You’re going to have so much content of me,AFTER,2025-01-23,23:34:08,Henry Woods,I’m imagining Kurt as like a sad meme character with ‘can’t handle dating sluts - dates the biggest slut he’ll ever meet’ as the caption
2025-01-23,Cady,You’re going to have so much content of me,AFTER,2025-01-23,23:45:04,Cady,Ily
2025-01-23,Cady,You’re going to have so much content of me,AFTER,2025-01-23,23:45:35,Henry Woods,You know the position
2025-01-23,Cady,You’re going to have so much content of me,AFTER,2025-01-23,23:45:53,Cady,Mmhm
2025-01-23,Cady,You’re going to have so much content of me,AFTER,2025-01-23,23:45:54,Henry Woods,Ass up against the bed
2025-01-23,Cady,You’re going to have so much content of me,AFTER,2025-01-23,23:45:58,Henry Woods,Legs on the floor
2025-01-23,Cady,You’re going to have so much content of me,AFTER,2025-01-23,23:46:02,Cady,Band is good singing country
2025-01-23,Cady,You’re going to have so much content of me,AFTER,2025-01-23,23:46:04,Cady,Yesss
2025-01-24,Henry Woods,had a little time to write your onlyfans bio:,BEFORE,2025-01-24,01:10:37,Cady,I just can’t believe our dynamic I love it so much
2025-01-24,Henry Woods,had a little time to write your onlyfans bio:,BEFORE,2025-01-24,05:13:41,Henry Woods,hehehehe
2025-01-24,Henry Woods,had a little time to write your onlyfans bio:,BEFORE,2025-01-24,05:13:44,Henry Woods,yessss
2025-01-24,Henry Woods,had a little time to write your onlyfans bio:,BEFORE,2025-01-24,05:13:46,Henry Woods,both?
2025-01-24,Henry Woods,had a little time to write your onlyfans bio:,BEFORE,2025-01-24,05:18:07,Henry Woods,just got back from an amazing dive
2025-01-24,Henry Woods,had a little time to write your onlyfans bio:,BEFORE,2025-01-24,05:18:52,Henry Woods,but I was literally underwater thinking ‘unf I can’t wait to fuck Cady’s stretched post gangbang ass’
2025-01-24,Henry Woods,had a little time to write your onlyfans bio:,BEFORE,2025-01-24,05:19:30,Henry Woods,I love it
2025-01-24,Henry Woods,had a little time to write your onlyfans bio:,BEFORE,2025-01-24,05:19:34,Henry Woods,me too
2025-01-24,Henry Woods,had a little time to write your onlyfans bio:,BEFORE,2025-01-24,05:25:28,Henry Woods,unf I love you
2025-01-24,Henry Woods,had a little time to write your onlyfans bio:,BEFORE,2025-01-24,05:26:12,Henry Woods,and I love that I’m going to spend the rest of my life in this just general fug of constant horniness
2025-01-24,Henry Woods,had a little time to write your onlyfans bio:,TARGET,2025-01-24,06:07:06,Henry Woods,had a little time to write your onlyfans bio:
2025-01-24,Henry Woods,had a little time to write your onlyfans bio:,AFTER,2025-01-24,07:10:06,Henry Woods,"oh also can you connect Ron and me? Not always necessary but could be fun, plus he needs to know who’s in charge and I wouldn’t be doing my due diligence properly if I didn’t read him the riot act seeing as he’s big and hung enough to hurt you"
2025-01-24,Henry Woods,had a little time to write your onlyfans bio:,AFTER,2025-01-24,08:15:29,Henry Woods,"don’t worry, most of it will also be about how to maximise usage of you"
2025-01-24,Henry Woods,had a little time to write your onlyfans bio:,AFTER,2025-01-24,12:36:41,Cady,Morning :)
2025-01-24,Henry Woods,had a little time to write your onlyfans bio:,AFTER,2025-01-24,12:36:53,Cady,Oooo I would love to connect you
2025-01-24,Henry Woods,had a little time to write your onlyfans bio:,AFTER,2025-01-24,12:38:19,Henry Woods,Morning
2025-01-24,Henry Woods,had a little time to write your onlyfans bio:,AFTER,2025-01-24,12:38:23,Henry Woods,Yay
2025-01-24,Henry Woods,had a little time to write your onlyfans bio:,AFTER,2025-01-24,12:38:37,Cady,Will ask him later
2025-01-24,Henry Woods,had a little time to write your onlyfans bio:,AFTER,2025-01-24,12:38:45,Cady,Love
2025-01-24,Henry Woods,had a little time to write your onlyfans bio:,AFTER,2025-01-24,12:39:03,Cady,Hehe love you
2025-01-24,Henry Woods,had a little time to write your onlyfans bio:,AFTER,2025-01-24,12:39:15,Cady,And love you
2025-01-24,Henry Woods,There are more than enough guys that you don’t have to deal with that \<This message was edited\>,BEFORE,2025-01-24,15:36:43,Cady,Really wanted to piss on me
2025-01-24,Henry Woods,There are more than enough guys that you don’t have to deal with that \<This message was edited\>,BEFORE,2025-01-24,15:36:50,Cady,And like not hearing me say I’m not into it
2025-01-24,Henry Woods,There are more than enough guys that you don’t have to deal with that \<This message was edited\>,BEFORE,2025-01-24,15:37:27,Cady,Asking a lot of weird questions me making me think he’s racist
2025-01-24,Henry Woods,There are more than enough guys that you don’t have to deal with that \<This message was edited\>,BEFORE,2025-01-24,15:37:54,Henry Woods,Yep
2025-01-24,Henry Woods,There are more than enough guys that you don’t have to deal with that \<This message was edited\>,BEFORE,2025-01-24,15:38:01,Henry Woods,100% bin
2025-01-24,Henry Woods,There are more than enough guys that you don’t have to deal with that \<This message was edited\>,BEFORE,2025-01-24,15:39:16,Cady,Really objectifying of me I felt
2025-01-24,Henry Woods,There are more than enough guys that you don’t have to deal with that \<This message was edited\>,BEFORE,2025-01-24,15:39:26,Henry Woods,Yeah
2025-01-24,Henry Woods,There are more than enough guys that you don’t have to deal with that \<This message was edited\>,BEFORE,2025-01-24,15:39:31,Cady,Like here I am wanting to present myself to you but have some respect
2025-01-24,Henry Woods,There are more than enough guys that you don’t have to deal with that \<This message was edited\>,BEFORE,2025-01-24,15:39:53,Henry Woods,The objectification is fantasy
2025-01-24,Henry Woods,There are more than enough guys that you don’t have to deal with that \<This message was edited\>,BEFORE,2025-01-24,15:40:06,Cady,Right
2025-01-24,Henry Woods,There are more than enough guys that you don’t have to deal with that \<This message was edited\>,TARGET,2025-01-24,15:42:09,Henry Woods,There are more than enough guys that you don’t have to deal with that \<This message was edited\>
2025-01-24,Henry Woods,There are more than enough guys that you don’t have to deal with that \<This message was edited\>,AFTER,2025-01-24,15:44:45,Cady,Exacto
2025-01-24,Henry Woods,There are more than enough guys that you don’t have to deal with that \<This message was edited\>,AFTER,2025-01-24,15:44:48,Cady,Ugh I love you
2025-01-24,Henry Woods,There are more than enough guys that you don’t have to deal with that \<This message was edited\>,AFTER,2025-01-24,15:45:06,Henry Woods,Likewise
2025-01-24,Henry Woods,There are more than enough guys that you don’t have to deal with that \<This message was edited\>,AFTER,2025-01-24,15:45:21,Henry Woods,But also yes even if for no reason your spidey sense is tingling bin them
2025-01-24,Henry Woods,There are more than enough guys that you don’t have to deal with that \<This message was edited\>,AFTER,2025-01-24,15:45:52,Henry Woods,"Actually if you’d like, telling them they have to connect with me is a good acid test"
2025-01-24,Henry Woods,There are more than enough guys that you don’t have to deal with that \<This message was edited\>,AFTER,2025-01-24,15:58:27,Cady,Ooooh yes
2025-01-24,Henry Woods,There are more than enough guys that you don’t have to deal with that \<This message was edited\>,AFTER,2025-01-24,15:58:35,Cady,Thanks for the support I just love you
2025-01-24,Henry Woods,There are more than enough guys that you don’t have to deal with that \<This message was edited\>,AFTER,2025-01-24,16:24:50,Henry Woods,And me too
2025-01-24,Henry Woods,There are more than enough guys that you don’t have to deal with that \<This message was edited\>,AFTER,2025-01-24,16:25:07,Henry Woods,Unf like everywhere I turn I fall for you again
2025-01-24,Henry Woods,There are more than enough guys that you don’t have to deal with that \<This message was edited\>,AFTER,2025-01-24,16:25:11,Cady,Like it means something to feel safe to be a slut
2025-01-25,Henry Woods,"I know you’ve been a good boy and gotten tested, make sure you share the results with her (or here even better) as it’s happened before that guys have assured me they’ve been tested and are just lying",BEFORE,2025-01-25,00:57:10,Henry Woods,"Hi Ron, just been told I need to expedite anything I want to say so forgive the unpolished vibe. Firstly thanks for agreeing to connect, it’s a good acid test of someone’s maturity and you passed with flying colours so congrats :)"
2025-01-25,Henry Woods,"I know you’ve been a good boy and gotten tested, make sure you share the results with her (or here even better) as it’s happened before that guys have assured me they’ve been tested and are just lying",BEFORE,2025-01-25,00:57:36,Cady,Love it
2025-01-25,Henry Woods,"I know you’ve been a good boy and gotten tested, make sure you share the results with her (or here even better) as it’s happened before that guys have assured me they’ve been tested and are just lying",BEFORE,2025-01-25,00:57:38,Cady,Love you
2025-01-25,Henry Woods,"I know you’ve been a good boy and gotten tested, make sure you share the results with her (or here even better) as it’s happened before that guys have assured me they’ve been tested and are just lying",BEFORE,2025-01-25,01:06:40,Henry Woods,"I know she has already mentioned the training program I’m drip-feeding her, and by the end of it the aim is for her to be able to take any combination of massive dicks with wild abandon but, for the moment, she’s not quite there yet.  From what she’s told me you represent the kind of guy she is aiming for by the end so she’s gonna have to learn ‘on the job’ so to speak.  Listen to her and her body: sore and stretched from a huge cock up her ass ✅, sharp painð«.  If she says stop during anal then stop, but don’t pull out fast as that can hurt her more. Ask her."
2025-01-25,Henry Woods,"I know you’ve been a good boy and gotten tested, make sure you share the results with her (or here even better) as it’s happened before that guys have assured me they’ve been tested and are just lying",BEFORE,2025-01-25,01:07:11,Cady,Ugh I love you
2025-01-25,Henry Woods,"I know you’ve been a good boy and gotten tested, make sure you share the results with her (or here even better) as it’s happened before that guys have assured me they’ve been tested and are just lying",BEFORE,2025-01-25,01:14:38,Cady,I’m just sitting at the host stand for this shift
2025-01-25,Henry Woods,"I know you’ve been a good boy and gotten tested, make sure you share the results with her (or here even better) as it’s happened before that guys have assured me they’ve been tested and are just lying",BEFORE,2025-01-25,01:20:57,Henry Woods,"No piss, no scat, no overly foot-based stuff.  Other than that she’s no allowed to say no to anything so just tell her what to do, no asking.  Make sure she says thank you for anything you do to her. Her purpose is to serve and sluts are a dime-a-dozen so she should be grateful that you’ve chosen her holes to use.  On that note, going forward she’s also not allowed to refuse sex, should this be the case then refer her to me.  If she’s busy she should suggest an alternative time at her earliest convenience.  If this becomes a regular issue then I can look at subsidising her restaurant income so silly things like her job don’t get in the way of her true purpose. \<This message was edited\>"
2025-01-25,Henry Woods,"I know you’ve been a good boy and gotten tested, make sure you share the results with her (or here even better) as it’s happened before that guys have assured me they’ve been tested and are just lying",BEFORE,2025-01-25,01:21:06,Henry Woods,so you can message more freely ð
2025-01-25,Henry Woods,"I know you’ve been a good boy and gotten tested, make sure you share the results with her (or here even better) as it’s happened before that guys have assured me they’ve been tested and are just lying",BEFORE,2025-01-25,01:22:01,Cady,Exactly
2025-01-25,Henry Woods,"I know you’ve been a good boy and gotten tested, make sure you share the results with her (or here even better) as it’s happened before that guys have assured me they’ve been tested and are just lying",BEFORE,2025-01-25,01:22:05,Cady,Love it unfffffff
2025-01-25,Henry Woods,"I know you’ve been a good boy and gotten tested, make sure you share the results with her (or here even better) as it’s happened before that guys have assured me they’ve been tested and are just lying",TARGET,2025-01-25,01:32:09,Henry Woods,"I know you’ve been a good boy and gotten tested, make sure you share the results with her (or here even better) as it’s happened before that guys have assured me they’ve been tested and are just lying.  I’ll be following this up.  If the results aren’t back I’ll leave it to her discretion whether she wants to use protection (we both know what the answer will be ð) but once they are she doesn’t get a choice.  Up her asshole, in her eyes, on the floor and make her lick it up while you toy her cunt, she will do it and she’ll say thank you for reminding her of her place, or she’ll have me to contend with. \<This message was edited\>"
2025-01-25,Henry Woods,"I know you’ve been a good boy and gotten tested, make sure you share the results with her (or here even better) as it’s happened before that guys have assured me they’ve been tested and are just lying",AFTER,2025-01-25,01:33:08,Cady,Mmmmmmmm
2025-01-25,Henry Woods,"I know you’ve been a good boy and gotten tested, make sure you share the results with her (or here even better) as it’s happened before that guys have assured me they’ve been tested and are just lying",AFTER,2025-01-25,01:37:17,Henry Woods,"Finally although we chat a big game and like some pretty hard-hitting CNC stuff, obviously you know that it’s all fantasy and if she actually needs to break the forth wall and have a breather then she needs it and you should be kind and gentle.  Push her slowly and she’ll go as far as you want her to, shove her and she won’t come back."
2025-01-25,Henry Woods,"I know you’ve been a good boy and gotten tested, make sure you share the results with her (or here even better) as it’s happened before that guys have assured me they’ve been tested and are just lying",AFTER,2025-01-25,01:37:36,Cady,True
2025-01-25,Henry Woods,"I know you’ve been a good boy and gotten tested, make sure you share the results with her (or here even better) as it’s happened before that guys have assured me they’ve been tested and are just lying",AFTER,2025-01-25,01:38:18,Henry Woods,"P.S. gently but firmly massaging the neck \> actual choking, youre welcome"
2025-01-25,Henry Woods,"I know you’ve been a good boy and gotten tested, make sure you share the results with her (or here even better) as it’s happened before that guys have assured me they’ve been tested and are just lying",AFTER,2025-01-25,01:38:34,Cady,:))))
2025-01-25,Henry Woods,"I know you’ve been a good boy and gotten tested, make sure you share the results with her (or here even better) as it’s happened before that guys have assured me they’ve been tested and are just lying",AFTER,2025-01-25,01:38:43,Cady,Mmmmmm now I’m getting turned on
2025-01-25,Henry Woods,"I know you’ve been a good boy and gotten tested, make sure you share the results with her (or here even better) as it’s happened before that guys have assured me they’ve been tested and are just lying",AFTER,2025-01-25,01:39:58,Henry Woods,hehehe
2025-01-25,Henry Woods,"I know you’ve been a good boy and gotten tested, make sure you share the results with her (or here even better) as it’s happened before that guys have assured me they’ve been tested and are just lying",AFTER,2025-01-25,01:40:01,Henry Woods,I was hoping so
2025-01-25,Henry Woods,"I know you’ve been a good boy and gotten tested, make sure you share the results with her (or here even better) as it’s happened before that guys have assured me they’ve been tested and are just lying",AFTER,2025-01-25,01:40:23,Henry Woods,nice and wet so huge dick slides nicely up you
2025-01-25,Henry Woods,"I know you’ve been a good boy and gotten tested, make sure you share the results with her (or here even better) as it’s happened before that guys have assured me they’ve been tested and are just lying",AFTER,2025-01-25,01:40:28,Cady,Mmmm yes
2025-01-26,Cady,Unf we’re having a uni football recruiting event at the restaurant. So many huge guys,BEFORE,2025-01-25,18:13:08,Cady,mmmmmf
2025-01-26,Cady,Unf we’re having a uni football recruiting event at the restaurant. So many huge guys,BEFORE,2025-01-25,18:17:47,Henry Woods,"Video call, Answered on other device"
2025-01-26,Cady,Unf we’re having a uni football recruiting event at the restaurant. So many huge guys,BEFORE,2025-01-25,20:38:27,Henry Woods,"Video call, Answered on other device"
2025-01-26,Cady,Unf we’re having a uni football recruiting event at the restaurant. So many huge guys,BEFORE,2025-01-25,20:45:47,Cady,my sis in law is pregnant\!\!\!\!
2025-01-26,Cady,Unf we’re having a uni football recruiting event at the restaurant. So many huge guys,BEFORE,2025-01-25,20:56:50,Cady,Unf love you sm that call was really great
2025-01-26,Cady,Unf we’re having a uni football recruiting event at the restaurant. So many huge guys,BEFORE,2025-01-25,21:00:53,Henry Woods,Came here to say exactly the same
2025-01-26,Cady,Unf we’re having a uni football recruiting event at the restaurant. So many huge guys,BEFORE,2025-01-25,21:00:58,Henry Woods,"Adore you, you’re the love of my life"
2025-01-26,Cady,Unf we’re having a uni football recruiting event at the restaurant. So many huge guys,BEFORE,2025-01-25,21:01:08,Henry Woods,Have been from day 1
2025-01-26,Cady,Unf we’re having a uni football recruiting event at the restaurant. So many huge guys,BEFORE,2025-01-25,21:01:25,Cady,mmmm you make me smile
2025-01-26,Cady,Unf we’re having a uni football recruiting event at the restaurant. So many huge guys,BEFORE,2025-01-25,21:01:36,Cady,youre absolutely the love of my life since day 1
2025-01-26,Cady,Unf we’re having a uni football recruiting event at the restaurant. So many huge guys,TARGET,2025-01-26,00:10:04,Cady,Unf we’re having a uni football recruiting event at the restaurant. So many huge guys
2025-01-26,Cady,Unf we’re having a uni football recruiting event at the restaurant. So many huge guys,AFTER,2025-01-26,00:17:04,Cady,Kurt has turned out to be very amicable post fucking which I love especially because he lets me control the aux at work
2025-01-26,Cady,Unf we’re having a uni football recruiting event at the restaurant. So many huge guys,AFTER,2025-01-26,01:20:04,Henry Woods,Challenge: take 2 home
2025-01-26,Cady,Unf we’re having a uni football recruiting event at the restaurant. So many huge guys,AFTER,2025-01-26,01:20:30,Cady,Hehehe you’re thinking like me
2025-01-26,Cady,Unf we’re having a uni football recruiting event at the restaurant. So many huge guys,AFTER,2025-01-26,01:20:48,Cady,That was my goal but I don’t think it’s on
2025-01-26,Cady,Unf we’re having a uni football recruiting event at the restaurant. So many huge guys,AFTER,2025-01-26,01:21:03,Cady,God I loveeeee you
2025-01-26,Cady,Unf we’re having a uni football recruiting event at the restaurant. So many huge guys,AFTER,2025-01-26,01:21:47,Henry Woods,No one you like been flirting with you?
2025-01-26,Cady,Unf we’re having a uni football recruiting event at the restaurant. So many huge guys,AFTER,2025-01-26,01:21:56,Cady,Theyre on the other side of the building sadly
2025-01-26,Cady,Unf we’re having a uni football recruiting event at the restaurant. So many huge guys,AFTER,2025-01-26,01:22:01,Cady,One left his scooter by me
2025-01-26,Cady,Unf we’re having a uni football recruiting event at the restaurant. So many huge guys,AFTER,2025-01-26,01:22:06,Cady,I should ask him for his number
2025-01-26,Cady,Unf we’re having a uni football recruiting event at the restaurant. So many huge guys,AFTER,2025-01-26,01:23:52,Cady,Did you get enough sleep baby
2025-01-26,Henry Woods,like I want there to be a whole bunch of guys walking around in the world telling people the story of the cute waitress who blew them in the parking lot on her break,BEFORE,2025-01-26,03:15:41,Cady,Yes
2025-01-26,Henry Woods,like I want there to be a whole bunch of guys walking around in the world telling people the story of the cute waitress who blew them in the parking lot on her break,BEFORE,2025-01-26,03:16:08,Henry Woods,get you to the stage where you’re not even bothering with numbers
2025-01-26,Henry Woods,like I want there to be a whole bunch of guys walking around in the world telling people the story of the cute waitress who blew them in the parking lot on her break,BEFORE,2025-01-26,03:16:17,Cady,lol
2025-01-26,Henry Woods,like I want there to be a whole bunch of guys walking around in the world telling people the story of the cute waitress who blew them in the parking lot on her break,BEFORE,2025-01-26,03:16:19,Henry Woods,"‘my shift ends in 30mins, will you be around?'"
2025-01-26,Henry Woods,like I want there to be a whole bunch of guys walking around in the world telling people the story of the cute waitress who blew them in the parking lot on her break,BEFORE,2025-01-26,03:16:33,Cady,I mean that’s kinda where my head was at
2025-01-26,Henry Woods,like I want there to be a whole bunch of guys walking around in the world telling people the story of the cute waitress who blew them in the parking lot on her break,BEFORE,2025-01-26,03:16:43,Cady,…would you like a blowjob lol
2025-01-26,Henry Woods,like I want there to be a whole bunch of guys walking around in the world telling people the story of the cute waitress who blew them in the parking lot on her break,BEFORE,2025-01-26,03:16:49,Henry Woods,mmmmh
2025-01-26,Henry Woods,like I want there to be a whole bunch of guys walking around in the world telling people the story of the cute waitress who blew them in the parking lot on her break,BEFORE,2025-01-26,03:16:51,Henry Woods,yes
2025-01-26,Henry Woods,like I want there to be a whole bunch of guys walking around in the world telling people the story of the cute waitress who blew them in the parking lot on her break,BEFORE,2025-01-26,03:17:10,Henry Woods,"or ‘I go on break in 20mins, meet me by my car?'"
2025-01-26,Henry Woods,like I want there to be a whole bunch of guys walking around in the world telling people the story of the cute waitress who blew them in the parking lot on her break,BEFORE,2025-01-26,03:17:19,Cady,Hehe
2025-01-26,Henry Woods,like I want there to be a whole bunch of guys walking around in the world telling people the story of the cute waitress who blew them in the parking lot on her break,TARGET,2025-01-26,03:18:01,Henry Woods,like I want there to be a whole bunch of guys walking around in the world telling people the story of the cute waitress who blew them in the parking lot on her break
2025-01-26,Henry Woods,like I want there to be a whole bunch of guys walking around in the world telling people the story of the cute waitress who blew them in the parking lot on her break,AFTER,2025-01-26,03:18:32,Cady,Hehehehe
2025-01-26,Henry Woods,like I want there to be a whole bunch of guys walking around in the world telling people the story of the cute waitress who blew them in the parking lot on her break,AFTER,2025-01-26,03:18:45,Henry Woods,Fulfilling lots of fantasies
2025-01-26,Henry Woods,like I want there to be a whole bunch of guys walking around in the world telling people the story of the cute waitress who blew them in the parking lot on her break,AFTER,2025-01-26,03:18:46,Cady,Yesss
2025-01-26,Henry Woods,like I want there to be a whole bunch of guys walking around in the world telling people the story of the cute waitress who blew them in the parking lot on her break,AFTER,2025-01-26,03:20:00,Cady,I’ll work my way there
2025-01-26,Henry Woods,like I want there to be a whole bunch of guys walking around in the world telling people the story of the cute waitress who blew them in the parking lot on her break,AFTER,2025-01-26,03:20:42,Henry Woods,Like have them reminiscing back and you come to mind every time
2025-01-26,Henry Woods,like I want there to be a whole bunch of guys walking around in the world telling people the story of the cute waitress who blew them in the parking lot on her break,AFTER,2025-01-26,03:21:05,Cady,Yes
2025-01-26,Henry Woods,like I want there to be a whole bunch of guys walking around in the world telling people the story of the cute waitress who blew them in the parking lot on her break,AFTER,2025-01-26,03:21:12,Cady,A heavy weight to carry
2025-01-26,Henry Woods,like I want there to be a whole bunch of guys walking around in the world telling people the story of the cute waitress who blew them in the parking lot on her break,AFTER,2025-01-26,03:21:19,Cady,Blowing so many minds
2025-01-26,Henry Woods,like I want there to be a whole bunch of guys walking around in the world telling people the story of the cute waitress who blew them in the parking lot on her break,AFTER,2025-01-26,03:21:22,Henry Woods,And I get the filthy horny waitress every day
2025-01-26,Henry Woods,like I want there to be a whole bunch of guys walking around in the world telling people the story of the cute waitress who blew them in the parking lot on her break,AFTER,2025-01-26,03:21:34,Henry Woods,‘I wonder what she’s up to now?’
2025-01-27,Cady,I wish I could get onlyfans going quickly so I can quit the restaurant,BEFORE,2025-01-26,23:56:54,Henry Woods,Unf it’s gonna be the best
2025-01-27,Cady,I wish I could get onlyfans going quickly so I can quit the restaurant,BEFORE,2025-01-26,23:57:02,Cady,Unf I know
2025-01-27,Cady,I wish I could get onlyfans going quickly so I can quit the restaurant,BEFORE,2025-01-26,23:57:33,Cady,Like damn all I wanna do is serve you and make you happy
2025-01-27,Cady,I wish I could get onlyfans going quickly so I can quit the restaurant,BEFORE,2025-01-26,23:58:36,Henry Woods,Just a whole lifetime of mutual love and support and 24/7 dom-sub control
2025-01-27,Cady,I wish I could get onlyfans going quickly so I can quit the restaurant,BEFORE,2025-01-27,00:00:13,Cady,Perfection
2025-01-27,Cady,I wish I could get onlyfans going quickly so I can quit the restaurant,BEFORE,2025-01-27,00:01:12,Cady,Unf babe I love you so much
2025-01-27,Cady,I wish I could get onlyfans going quickly so I can quit the restaurant,BEFORE,2025-01-27,00:01:45,Henry Woods,Enjoying the fruits of turning you into my custom sex toy
2025-01-27,Cady,I wish I could get onlyfans going quickly so I can quit the restaurant,BEFORE,2025-01-27,00:01:49,Henry Woods,I love you too
2025-01-27,Cady,I wish I could get onlyfans going quickly so I can quit the restaurant,BEFORE,2025-01-27,00:02:04,Cady,I will daddy
2025-01-27,Cady,I wish I could get onlyfans going quickly so I can quit the restaurant,BEFORE,2025-01-27,00:02:13,Cady,Hehe
2025-01-27,Cady,I wish I could get onlyfans going quickly so I can quit the restaurant,TARGET,2025-01-27,00:04:47,Cady,I wish I could get onlyfans going quickly so I can quit the restaurant
2025-01-27,Cady,I wish I could get onlyfans going quickly so I can quit the restaurant,AFTER,2025-01-27,00:04:54,Cady,I think that’s gonna be my new goal
2025-01-27,Cady,I wish I could get onlyfans going quickly so I can quit the restaurant,AFTER,2025-01-27,00:04:58,Henry Woods,Supporting my babygirl but also pushing her to constantly be more slutty
2025-01-27,Cady,I wish I could get onlyfans going quickly so I can quit the restaurant,AFTER,2025-01-27,00:05:09,Cady,Unf now you’re making me wet
2025-01-27,Cady,I wish I could get onlyfans going quickly so I can quit the restaurant,AFTER,2025-01-27,00:05:44,Henry Woods,Wanna do mainstream porn as well?
2025-01-27,Cady,I wish I could get onlyfans going quickly so I can quit the restaurant,AFTER,2025-01-27,00:05:54,Cady,Haha do you want me to?
2025-01-27,Cady,I wish I could get onlyfans going quickly so I can quit the restaurant,AFTER,2025-01-27,00:06:00,Henry Woods,Kinda
2025-01-27,Cady,I wish I could get onlyfans going quickly so I can quit the restaurant,AFTER,2025-01-27,00:06:03,Henry Woods,Still deciding
2025-01-27,Cady,I wish I could get onlyfans going quickly so I can quit the restaurant,AFTER,2025-01-27,00:06:15,Cady,Yeah same
2025-01-27,Cady,I wish I could get onlyfans going quickly so I can quit the restaurant,AFTER,2025-01-27,00:06:32,Henry Woods,/working out the possibility of playground taunts
2025-01-27,Cady,I wish I could get onlyfans going quickly so I can quit the restaurant,AFTER,2025-01-27,00:06:45,Cady,What does that mean
2025-01-27,Henry Woods,"But equally you don’t get to choose your parents, and they might resent having to scroll past the video of their mum having 20 guys cum on her face",BEFORE,2025-01-27,00:06:32,Henry Woods,/working out the possibility of playground taunts
2025-01-27,Henry Woods,"But equally you don’t get to choose your parents, and they might resent having to scroll past the video of their mum having 20 guys cum on her face",BEFORE,2025-01-27,00:06:45,Cady,What does that mean
2025-01-27,Henry Woods,"But equally you don’t get to choose your parents, and they might resent having to scroll past the video of their mum having 20 guys cum on her face",BEFORE,2025-01-27,00:11:04,Cady,Unf there’s a really hot bartender who I work with and he just complimented me
2025-01-27,Henry Woods,"But equally you don’t get to choose your parents, and they might resent having to scroll past the video of their mum having 20 guys cum on her face",BEFORE,2025-01-27,00:11:09,Cady,I’m totally gonna fuck him
2025-01-27,Henry Woods,"But equally you don’t get to choose your parents, and they might resent having to scroll past the video of their mum having 20 guys cum on her face",BEFORE,2025-01-27,00:13:09,Henry Woods,Like how likely is it to be something that our kids get bullied for
2025-01-27,Henry Woods,"But equally you don’t get to choose your parents, and they might resent having to scroll past the video of their mum having 20 guys cum on her face",BEFORE,2025-01-27,00:13:28,Cady,Oh I see
2025-01-27,Henry Woods,"But equally you don’t get to choose your parents, and they might resent having to scroll past the video of their mum having 20 guys cum on her face",BEFORE,2025-01-27,00:13:40,Cady,Yeah that’s what I’m thinking too
2025-01-27,Henry Woods,"But equally you don’t get to choose your parents, and they might resent having to scroll past the video of their mum having 20 guys cum on her face",BEFORE,2025-01-27,00:15:11,Henry Woods,"I’d hope we’d raise them to be confident, resilient people who are okay with that"
2025-01-27,Henry Woods,"But equally you don’t get to choose your parents, and they might resent having to scroll past the video of their mum having 20 guys cum on her face",BEFORE,2025-01-27,00:15:52,Cady,Yes agreed
2025-01-27,Henry Woods,"But equally you don’t get to choose your parents, and they might resent having to scroll past the video of their mum having 20 guys cum on her face",BEFORE,2025-01-27,00:16:07,Cady,I mean I’m gonna be like the mom on sex education at least
2025-01-27,Henry Woods,"But equally you don’t get to choose your parents, and they might resent having to scroll past the video of their mum having 20 guys cum on her face",TARGET,2025-01-27,00:16:12,Henry Woods,"But equally you don’t get to choose your parents, and they might resent having to scroll past the video of their mum having 20 guys cum on her face"
2025-01-27,Henry Woods,"But equally you don’t get to choose your parents, and they might resent having to scroll past the video of their mum having 20 guys cum on her face",AFTER,2025-01-27,00:16:22,Cady,Yeah
2025-01-27,Henry Woods,"But equally you don’t get to choose your parents, and they might resent having to scroll past the video of their mum having 20 guys cum on her face",AFTER,2025-01-27,00:16:58,Henry Woods,But also the pride I’d feel when they have to make a new AVN award for ‘biggest slut’
2025-01-27,Henry Woods,"But equally you don’t get to choose your parents, and they might resent having to scroll past the video of their mum having 20 guys cum on her face",AFTER,2025-01-27,00:17:09,Cady,Hehehe
2025-01-27,Henry Woods,"But equally you don’t get to choose your parents, and they might resent having to scroll past the video of their mum having 20 guys cum on her face",AFTER,2025-01-27,00:17:19,Cady,We got time to figure it out
2025-01-27,Henry Woods,"But equally you don’t get to choose your parents, and they might resent having to scroll past the video of their mum having 20 guys cum on her face",AFTER,2025-01-27,00:18:35,Henry Woods,"‘This award goes to Candy Cadence, for recording two professional all-anal gangbangs in one day and then having a third in the evening just for her’"
2025-01-27,Henry Woods,"But equally you don’t get to choose your parents, and they might resent having to scroll past the video of their mum having 20 guys cum on her face",AFTER,2025-01-27,00:19:37,Cady,Hehehehehehe
2025-01-27,Henry Woods,"But equally you don’t get to choose your parents, and they might resent having to scroll past the video of their mum having 20 guys cum on her face",AFTER,2025-01-27,00:19:39,Cady,Goals
2025-01-27,Henry Woods,"But equally you don’t get to choose your parents, and they might resent having to scroll past the video of their mum having 20 guys cum on her face",AFTER,2025-01-27,00:23:19,Henry Woods,"‘Oh, I’m just being informed that her lucky husband is going to be collecting the award, as she was seen going into the men’s bathroom 5 mins after arrival and hasn’t come out yet’"
2025-01-27,Henry Woods,"But equally you don’t get to choose your parents, and they might resent having to scroll past the video of their mum having 20 guys cum on her face",AFTER,2025-01-27,00:23:33,Cady,Hehehe
2025-01-27,Henry Woods,"But equally you don’t get to choose your parents, and they might resent having to scroll past the video of their mum having 20 guys cum on her face",AFTER,2025-01-27,00:23:42,Cady,Oxford dictionary has to redefine insatiable
2025-01-27,Henry Woods,"‘Oh, I’m just being informed that her lucky husband is going to be collecting the award, as she was seen going into the men’s bathroom 5 mins after arrival and hasn’t come out yet’",BEFORE,2025-01-27,00:15:52,Cady,Yes agreed
2025-01-27,Henry Woods,"‘Oh, I’m just being informed that her lucky husband is going to be collecting the award, as she was seen going into the men’s bathroom 5 mins after arrival and hasn’t come out yet’",BEFORE,2025-01-27,00:16:07,Cady,I mean I’m gonna be like the mom on sex education at least
2025-01-27,Henry Woods,"‘Oh, I’m just being informed that her lucky husband is going to be collecting the award, as she was seen going into the men’s bathroom 5 mins after arrival and hasn’t come out yet’",BEFORE,2025-01-27,00:16:12,Henry Woods,"But equally you don’t get to choose your parents, and they might resent having to scroll past the video of their mum having 20 guys cum on her face"
2025-01-27,Henry Woods,"‘Oh, I’m just being informed that her lucky husband is going to be collecting the award, as she was seen going into the men’s bathroom 5 mins after arrival and hasn’t come out yet’",BEFORE,2025-01-27,00:16:22,Cady,Yeah
2025-01-27,Henry Woods,"‘Oh, I’m just being informed that her lucky husband is going to be collecting the award, as she was seen going into the men’s bathroom 5 mins after arrival and hasn’t come out yet’",BEFORE,2025-01-27,00:16:58,Henry Woods,But also the pride I’d feel when they have to make a new AVN award for ‘biggest slut’
2025-01-27,Henry Woods,"‘Oh, I’m just being informed that her lucky husband is going to be collecting the award, as she was seen going into the men’s bathroom 5 mins after arrival and hasn’t come out yet’",BEFORE,2025-01-27,00:17:09,Cady,Hehehe
2025-01-27,Henry Woods,"‘Oh, I’m just being informed that her lucky husband is going to be collecting the award, as she was seen going into the men’s bathroom 5 mins after arrival and hasn’t come out yet’",BEFORE,2025-01-27,00:17:19,Cady,We got time to figure it out
2025-01-27,Henry Woods,"‘Oh, I’m just being informed that her lucky husband is going to be collecting the award, as she was seen going into the men’s bathroom 5 mins after arrival and hasn’t come out yet’",BEFORE,2025-01-27,00:18:35,Henry Woods,"‘This award goes to Candy Cadence, for recording two professional all-anal gangbangs in one day and then having a third in the evening just for her’"
2025-01-27,Henry Woods,"‘Oh, I’m just being informed that her lucky husband is going to be collecting the award, as she was seen going into the men’s bathroom 5 mins after arrival and hasn’t come out yet’",BEFORE,2025-01-27,00:19:37,Cady,Hehehehehehe
2025-01-27,Henry Woods,"‘Oh, I’m just being informed that her lucky husband is going to be collecting the award, as she was seen going into the men’s bathroom 5 mins after arrival and hasn’t come out yet’",BEFORE,2025-01-27,00:19:39,Cady,Goals
2025-01-27,Henry Woods,"‘Oh, I’m just being informed that her lucky husband is going to be collecting the award, as she was seen going into the men’s bathroom 5 mins after arrival and hasn’t come out yet’",TARGET,2025-01-27,00:23:19,Henry Woods,"‘Oh, I’m just being informed that her lucky husband is going to be collecting the award, as she was seen going into the men’s bathroom 5 mins after arrival and hasn’t come out yet’"
2025-01-27,Henry Woods,"‘Oh, I’m just being informed that her lucky husband is going to be collecting the award, as she was seen going into the men’s bathroom 5 mins after arrival and hasn’t come out yet’",AFTER,2025-01-27,00:23:33,Cady,Hehehe
2025-01-27,Henry Woods,"‘Oh, I’m just being informed that her lucky husband is going to be collecting the award, as she was seen going into the men’s bathroom 5 mins after arrival and hasn’t come out yet’",AFTER,2025-01-27,00:23:42,Cady,Oxford dictionary has to redefine insatiable
2025-01-27,Henry Woods,"‘Oh, I’m just being informed that her lucky husband is going to be collecting the award, as she was seen going into the men’s bathroom 5 mins after arrival and hasn’t come out yet’",AFTER,2025-01-27,00:23:51,Cady,With a link to this lol
2025-01-27,Henry Woods,"‘Oh, I’m just being informed that her lucky husband is going to be collecting the award, as she was seen going into the men’s bathroom 5 mins after arrival and hasn’t come out yet’",AFTER,2025-01-27,00:24:13,Henry Woods,ð
2025-01-27,Henry Woods,"‘Oh, I’m just being informed that her lucky husband is going to be collecting the award, as she was seen going into the men’s bathroom 5 mins after arrival and hasn’t come out yet’",AFTER,2025-01-27,00:24:27,Henry Woods,Also this
2025-01-27,Henry Woods,"‘Oh, I’m just being informed that her lucky husband is going to be collecting the award, as she was seen going into the men’s bathroom 5 mins after arrival and hasn’t come out yet’",AFTER,2025-01-27,00:24:54,Cady,He makes me so nervous but I need to go for it
2025-01-27,Henry Woods,"‘Oh, I’m just being informed that her lucky husband is going to be collecting the award, as she was seen going into the men’s bathroom 5 mins after arrival and hasn’t come out yet’",AFTER,2025-01-27,00:24:58,Cady,He’s very quiet
2025-01-27,Henry Woods,"‘Oh, I’m just being informed that her lucky husband is going to be collecting the award, as she was seen going into the men’s bathroom 5 mins after arrival and hasn’t come out yet’",AFTER,2025-01-27,00:25:43,Henry Woods,I absolutely love being in a position to support and encourage this and make sure you get the best of both sides of being single and coupled
2025-01-27,Henry Woods,"‘Oh, I’m just being informed that her lucky husband is going to be collecting the award, as she was seen going into the men’s bathroom 5 mins after arrival and hasn’t come out yet’",AFTER,2025-01-27,00:26:39,Henry Woods,"You can go back to your Mississippi Sunday school teacher and tell her that when sellotape gets used repeatedly, turns out it actually gets really good at sticking"
2025-01-27,Henry Woods,"‘Oh, I’m just being informed that her lucky husband is going to be collecting the award, as she was seen going into the men’s bathroom 5 mins after arrival and hasn’t come out yet’",AFTER,2025-01-27,00:27:24,Cady,Hehehe
2025-01-27,Henry Woods,Hmm I can’t think the content is gonna make much difference,BEFORE,2025-01-27,00:55:39,Henry Woods,ð
2025-01-27,Henry Woods,Hmm I can’t think the content is gonna make much difference,BEFORE,2025-01-27,00:55:45,Henry Woods,Did the teacher meet him?
2025-01-27,Henry Woods,Hmm I can’t think the content is gonna make much difference,BEFORE,2025-01-27,00:55:47,Cady,So far no jealousy other than wanting to be there with you
2025-01-27,Henry Woods,Hmm I can’t think the content is gonna make much difference,BEFORE,2025-01-27,00:55:52,Cady,I’m gonna go ask him
2025-01-27,Henry Woods,Hmm I can’t think the content is gonna make much difference,BEFORE,2025-01-27,00:56:13,Henry Woods,Maybe pass him a note later
2025-01-27,Henry Woods,Hmm I can’t think the content is gonna make much difference,BEFORE,2025-01-27,00:56:17,Henry Woods,That might be your in
2025-01-27,Henry Woods,Hmm I can’t think the content is gonna make much difference,BEFORE,2025-01-27,00:56:28,Cady,Hehehe
2025-01-27,Henry Woods,Hmm I can’t think the content is gonna make much difference,BEFORE,2025-01-27,00:57:57,Cady,“If you still wanna get with the teacher…”
2025-01-27,Henry Woods,Hmm I can’t think the content is gonna make much difference,BEFORE,2025-01-27,01:10:29,Cady,Give me ideas
2025-01-27,Henry Woods,Hmm I can’t think the content is gonna make much difference,BEFORE,2025-01-27,02:41:19,Henry Woods,Love it
2025-01-27,Henry Woods,Hmm I can’t think the content is gonna make much difference,TARGET,2025-01-27,02:45:26,Henry Woods,Hmm I can’t think the content is gonna make much difference
2025-01-27,Henry Woods,Hmm I can’t think the content is gonna make much difference,AFTER,2025-01-27,02:46:41,Henry Woods,But this is a pretty damn good one
2025-01-27,Henry Woods,Hmm I can’t think the content is gonna make much difference,AFTER,2025-01-27,02:49:30,Henry Woods,‘On behalf of miss xxx…what time’
2025-01-27,Henry Woods,Hmm I can’t think the content is gonna make much difference,AFTER,2025-01-27,02:50:01,Henry Woods,"‘If you still wanna get with the teacher, I know a much better place than the bleachers’"
2025-01-27,Henry Woods,Hmm I can’t think the content is gonna make much difference,AFTER,2025-01-27,02:50:18,Cady,Hehehe
2025-01-27,Henry Woods,Hmm I can’t think the content is gonna make much difference,AFTER,2025-01-27,02:50:24,Cady,Kelvin is great
2025-01-27,Henry Woods,Hmm I can’t think the content is gonna make much difference,AFTER,2025-01-27,02:50:29,Cady,Gonna take his anal virginity
2025-01-27,Henry Woods,Hmm I can’t think the content is gonna make much difference,AFTER,2025-01-27,02:50:39,Henry Woods,Yesss
2025-01-27,Henry Woods,Hmm I can’t think the content is gonna make much difference,AFTER,2025-01-27,02:50:45,Henry Woods,Unf you lucky girl
2025-01-27,Henry Woods,Hmm I can’t think the content is gonna make much difference,AFTER,2025-01-27,02:50:53,Henry Woods,He’s gonna remember you forever
2025-01-27,Henry Woods,Hmm I can’t think the content is gonna make much difference,AFTER,2025-01-27,02:51:16,Henry Woods,Good thing my wetsuit’s thick
2025-01-27,Henry Woods,A white girl that exclusively fucks black guys,BEFORE,2025-01-27,03:05:29,Henry Woods,Also lol is Kelvin black too?
2025-01-27,Henry Woods,A white girl that exclusively fucks black guys,BEFORE,2025-01-27,03:05:34,Henry Woods,You might have a type ð
2025-01-27,Henry Woods,A white girl that exclusively fucks black guys,BEFORE,2025-01-27,03:05:54,Cady,Photo sending?
2025-01-27,Henry Woods,A white girl that exclusively fucks black guys,BEFORE,2025-01-27,03:05:57,Cady,Haha he is
2025-01-27,Henry Woods,A white girl that exclusively fucks black guys,BEFORE,2025-01-27,03:05:57,Henry Woods,Perhaps we’ll get you a QOS tattoo
2025-01-27,Henry Woods,A white girl that exclusively fucks black guys,BEFORE,2025-01-27,03:06:03,Henry Woods,Nothing come through
2025-01-27,Henry Woods,A white girl that exclusively fucks black guys,BEFORE,2025-01-27,03:06:08,Cady,What’s that mean
2025-01-27,Henry Woods,A white girl that exclusively fucks black guys,BEFORE,2025-01-27,03:06:12,Cady,Oh I didn’t take a pic
2025-01-27,Henry Woods,A white girl that exclusively fucks black guys,BEFORE,2025-01-27,03:06:34,Henry Woods,Queen of spades
2025-01-27,Henry Woods,A white girl that exclusively fucks black guys,BEFORE,2025-01-27,03:06:42,Cady,I just said if you still wanna get with the teacher…lemme know
2025-01-27,Henry Woods,A white girl that exclusively fucks black guys,TARGET,2025-01-27,03:07:20,Henry Woods,A white girl that exclusively fucks black guys
2025-01-27,Henry Woods,A white girl that exclusively fucks black guys,AFTER,2025-01-27,03:07:28,Cady,lol
2025-01-27,Henry Woods,A white girl that exclusively fucks black guys,AFTER,2025-01-27,03:07:35,Cady,Just making up for lost time
2025-01-27,Henry Woods,A white girl that exclusively fucks black guys,AFTER,2025-01-27,03:07:39,Cady,I don’t think I have a type
2025-01-27,Henry Woods,A white girl that exclusively fucks black guys,AFTER,2025-01-27,03:07:47,Henry Woods,Fair
2025-01-27,Henry Woods,A white girl that exclusively fucks black guys,AFTER,2025-01-27,03:08:34,Henry Woods,Though you weren’t UNexcited but the idea of being the centre of an interracial gangbang
2025-01-27,Henry Woods,A white girl that exclusively fucks black guys,AFTER,2025-01-27,03:09:05,Henry Woods,ð
2025-01-27,Henry Woods,A white girl that exclusively fucks black guys,AFTER,2025-01-27,03:09:06,Cady,Hehehe I fucking love it
2025-01-27,Henry Woods,A white girl that exclusively fucks black guys,AFTER,2025-01-27,03:09:30,Cady,I feel like
2025-01-27,Henry Woods,A white girl that exclusively fucks black guys,AFTER,2025-01-27,03:09:32,Henry Woods,Tiny little white girl surrounded by a whole bunch of bbc
2025-01-27,Henry Woods,A white girl that exclusively fucks black guys,AFTER,2025-01-27,03:09:41,Cady,It’s just something I must do
2025-01-27,Cady,Hehehe nice guys,BEFORE,2025-01-27,12:41:15,Cady,Oooooh baby you get ola again I’m so happpy
2025-01-27,Cady,Hehehe nice guys,BEFORE,2025-01-27,12:41:51,Cady,He’s a good boy and has been tested recently
2025-01-27,Cady,Hehehe nice guys,BEFORE,2025-01-27,12:45:43,Cady,Damn pharaoh is big and he fucked me so we’ll
2025-01-27,Cady,Hehehe nice guys,BEFORE,2025-01-27,12:45:51,Cady,It was so hot to wake up to
2025-01-27,Cady,Hehehe nice guys,BEFORE,2025-01-27,13:41:42,Henry Woods,You okay?
2025-01-27,Cady,Hehehe nice guys,BEFORE,2025-01-27,13:43:28,Henry Woods,Yummy
2025-01-27,Cady,Hehehe nice guys,BEFORE,2025-01-27,13:52:45,Henry Woods,4 times so far
2025-01-27,Cady,Hehehe nice guys,BEFORE,2025-01-27,15:25:57,Henry Woods,5th incoming
2025-01-27,Cady,Hehehe nice guys,BEFORE,2025-01-27,15:26:11,Henry Woods,but we’re too full of pancakes for the immediate moment
2025-01-27,Cady,Hehehe nice guys,BEFORE,2025-01-27,16:22:41,Cady,Yeah I’m just exhausted
2025-01-27,Cady,Hehehe nice guys,TARGET,2025-01-27,16:22:46,Cady,Hehehe nice guys
2025-01-27,Cady,Hehehe nice guys,AFTER,2025-01-27,16:23:31,Cady,Pharaoh went to town on my ass with his huge cock \<This message was edited\>
2025-01-27,Cady,Hehehe nice guys,AFTER,2025-01-27,16:23:44,Cady,Then wrecked my pussy
2025-01-27,Cady,Hehehe nice guys,AFTER,2025-01-27,20:15:13,Cady,Hehehe just put my vibrator on my pussy
2025-01-27,Cady,Hehehe nice guys,AFTER,2025-01-27,20:15:23,Henry Woods,Mmh
2025-01-27,Cady,Hehehe nice guys,AFTER,2025-01-27,20:15:31,Henry Woods,All sore and sensitive?
2025-01-27,Cady,Hehehe nice guys,AFTER,2025-01-27,20:15:41,Cady,Mmm yes
2025-01-27,Cady,Hehehe nice guys,AFTER,2025-01-27,20:16:12,Henry Woods,Like this order
2025-01-27,Cady,Hehehe nice guys,AFTER,2025-01-27,20:16:39,Cady,Yesss
2025-01-27,Cady,Hehehe nice guys,AFTER,2025-01-27,20:16:43,Cady,He was yummy
2025-01-27,Cady,Hehehe nice guys,AFTER,2025-01-27,20:16:44,Henry Woods,Hehehe
2025-01-28,Henry Woods,Getting fucked raw by 3 guys in2 days,BEFORE,2025-01-28,21:56:20,Cady,You’re right
2025-01-28,Henry Woods,Getting fucked raw by 3 guys in2 days,BEFORE,2025-01-28,21:56:23,Cady,I was so scared
2025-01-28,Henry Woods,Getting fucked raw by 3 guys in2 days,BEFORE,2025-01-28,21:56:23,Henry Woods,It becomes an addiction
2025-01-28,Henry Woods,Getting fucked raw by 3 guys in2 days,BEFORE,2025-01-28,21:56:26,Cady,Yes \<This message was edited\>
2025-01-28,Henry Woods,Getting fucked raw by 3 guys in2 days,BEFORE,2025-01-28,21:56:38,Cady,I want anal now and i had it all night and morning
2025-01-28,Henry Woods,Getting fucked raw by 3 guys in2 days,BEFORE,2025-01-28,21:56:46,Cady,It just feels sooo good
2025-01-28,Henry Woods,Getting fucked raw by 3 guys in2 days,BEFORE,2025-01-28,21:57:31,Henry Woods,Unf thisssss is how I want you
2025-01-28,Henry Woods,Getting fucked raw by 3 guys in2 days,BEFORE,2025-01-28,21:58:22,Henry Woods,Hehe ð
2025-01-28,Henry Woods,Getting fucked raw by 3 guys in2 days,BEFORE,2025-01-28,21:58:30,Henry Woods,Not something you can claim ð
2025-01-28,Henry Woods,Getting fucked raw by 3 guys in2 days,BEFORE,2025-01-28,21:58:38,Cady,We’re doing so well with the long distance but damn I need you to be my daddy now
2025-01-28,Henry Woods,Getting fucked raw by 3 guys in2 days,TARGET,2025-01-28,21:58:41,Henry Woods,Getting fucked raw by 3 guys in2 days
2025-01-28,Henry Woods,Getting fucked raw by 3 guys in2 days,AFTER,2025-01-28,21:58:46,Cady,Hehehehe
2025-01-28,Henry Woods,Getting fucked raw by 3 guys in2 days,AFTER,2025-01-28,21:58:54,Henry Woods,Such a fucking whore
2025-01-28,Henry Woods,Getting fucked raw by 3 guys in2 days,AFTER,2025-01-28,21:58:59,Cady,Yeah his gf makes him use condoms
2025-01-28,Henry Woods,Getting fucked raw by 3 guys in2 days,AFTER,2025-01-28,21:59:06,Cady,He likes you and thinks your funny af
2025-01-28,Henry Woods,Getting fucked raw by 3 guys in2 days,AFTER,2025-01-28,21:59:29,Cady,I told him about the other guy pulling the race card and he was like lol no
2025-01-28,Henry Woods,Getting fucked raw by 3 guys in2 days,AFTER,2025-01-28,22:02:12,Henry Woods,I had another think about this: I think the most logical conclusion is he lied about getting tested and wants to avoid getting called out
2025-01-28,Henry Woods,Getting fucked raw by 3 guys in2 days,AFTER,2025-01-28,22:02:38,Cady,yeah
2025-01-28,Henry Woods,Getting fucked raw by 3 guys in2 days,AFTER,2025-01-28,22:02:49,Cady,i’ll get another test soon
2025-01-28,Henry Woods,Getting fucked raw by 3 guys in2 days,AFTER,2025-01-28,22:02:52,Henry Woods,We live and we learn
2025-01-28,Henry Woods,Getting fucked raw by 3 guys in2 days,AFTER,2025-01-28,22:03:03,Henry Woods,Maybe insist on seeing the receipt next time
2025-01-28,Henry Woods,Men can be trash,BEFORE,2025-01-28,21:58:59,Cady,Yeah his gf makes him use condoms
2025-01-28,Henry Woods,Men can be trash,BEFORE,2025-01-28,21:59:06,Cady,He likes you and thinks your funny af
2025-01-28,Henry Woods,Men can be trash,BEFORE,2025-01-28,21:59:29,Cady,I told him about the other guy pulling the race card and he was like lol no
2025-01-28,Henry Woods,Men can be trash,BEFORE,2025-01-28,22:02:12,Henry Woods,I had another think about this: I think the most logical conclusion is he lied about getting tested and wants to avoid getting called out
2025-01-28,Henry Woods,Men can be trash,BEFORE,2025-01-28,22:02:38,Cady,yeah
2025-01-28,Henry Woods,Men can be trash,BEFORE,2025-01-28,22:02:49,Cady,i’ll get another test soon
2025-01-28,Henry Woods,Men can be trash,BEFORE,2025-01-28,22:02:52,Henry Woods,We live and we learn
2025-01-28,Henry Woods,Men can be trash,BEFORE,2025-01-28,22:03:03,Henry Woods,Maybe insist on seeing the receipt next time
2025-01-28,Henry Woods,Men can be trash,BEFORE,2025-01-28,22:03:06,Cady,need to figure out where the most efficient place is around here
2025-01-28,Henry Woods,Men can be trash,BEFORE,2025-01-28,22:03:11,Cady,yeah
2025-01-28,Henry Woods,Men can be trash,TARGET,2025-01-28,22:03:11,Henry Woods,Men can be trash
2025-01-28,Henry Woods,Men can be trash,AFTER,2025-01-28,22:03:17,Cady,they sure can
2025-01-28,Henry Woods,Men can be trash,AFTER,2025-01-28,22:03:28,Cady,Pharaoh is asleep btw
2025-01-28,Henry Woods,Men can be trash,AFTER,2025-01-28,22:03:36,Cady,about to introduce you to lee whos name is actually rob
2025-01-28,Henry Woods,Men can be trash,AFTER,2025-01-28,22:03:57,Henry Woods,But they can also have huge dicks and the stature to really work them up your ass ð
2025-01-28,Henry Woods,Men can be trash,AFTER,2025-01-28,22:04:22,Cady,what are you doing feb 18-21? i can have the week off school
2025-01-28,Henry Woods,Men can be trash,AFTER,2025-01-28,22:04:38,Cady,worth sorting through to find the gems ð
2025-01-28,Henry Woods,Men can be trash,AFTER,2025-01-28,22:04:48,Cady,i’m just loving blowing mens minds right now lol
2025-01-28,Henry Woods,Men can be trash,AFTER,2025-01-28,22:05:06,Henry Woods,I’m definitely needed in Oxford to work with Tsun
2025-01-28,Henry Woods,Men can be trash,AFTER,2025-01-28,22:05:14,Cady,fair
2025-01-28,Henry Woods,Men can be trash,AFTER,2025-01-28,22:05:17,Henry Woods,Especially taking 2 weeks in South Africa
2025-01-28,Henry Woods,"‘Being consent focussed is in your interest lads, if they feel safe they will blow your minds’",BEFORE,2025-01-28,22:08:40,Henry Woods,Well I think it’s probably a combination of things
2025-01-28,Henry Woods,"‘Being consent focussed is in your interest lads, if they feel safe they will blow your minds’",BEFORE,2025-01-28,22:08:46,Henry Woods,Excited that I’m excited
2025-01-28,Henry Woods,"‘Being consent focussed is in your interest lads, if they feel safe they will blow your minds’",BEFORE,2025-01-28,22:08:51,Cady,yes
2025-01-28,Henry Woods,"‘Being consent focussed is in your interest lads, if they feel safe they will blow your minds’",BEFORE,2025-01-28,22:09:35,Henry Woods,Feeling more safe and secure cause they’re less likely to pull some weird shit if there’s overwatch
2025-01-28,Henry Woods,"‘Being consent focussed is in your interest lads, if they feel safe they will blow your minds’",BEFORE,2025-01-28,22:09:41,Cady,yes
2025-01-28,Henry Woods,"‘Being consent focussed is in your interest lads, if they feel safe they will blow your minds’",BEFORE,2025-01-28,22:10:00,Henry Woods,And paradoxically you can then be even more slutty
2025-01-28,Henry Woods,"‘Being consent focussed is in your interest lads, if they feel safe they will blow your minds’",BEFORE,2025-01-28,22:10:20,Henry Woods,Like this is want my whole seminar on consent to be partially focussed on
2025-01-28,Henry Woods,"‘Being consent focussed is in your interest lads, if they feel safe they will blow your minds’",BEFORE,2025-01-28,22:10:21,Cady,i think its still blowing my mind that i can have a partner who encourages me to be slutty in general
2025-01-28,Henry Woods,"‘Being consent focussed is in your interest lads, if they feel safe they will blow your minds’",BEFORE,2025-01-28,22:10:26,Cady,yes
2025-01-28,Henry Woods,"‘Being consent focussed is in your interest lads, if they feel safe they will blow your minds’",BEFORE,2025-01-28,22:10:31,Cady,yes
2025-01-28,Henry Woods,"‘Being consent focussed is in your interest lads, if they feel safe they will blow your minds’",TARGET,2025-01-28,22:10:56,Henry Woods,"‘Being consent focussed is in your interest lads, if they feel safe they will blow your minds’"
2025-01-28,Henry Woods,"‘Being consent focussed is in your interest lads, if they feel safe they will blow your minds’",AFTER,2025-01-28,22:11:02,Cady,hehehe yes
2025-01-28,Henry Woods,"‘Being consent focussed is in your interest lads, if they feel safe they will blow your minds’",AFTER,2025-01-28,22:11:20,Cady,"i think i’ve been saying “if you take the time to vibe with me a little, i’ll give you all my holes”"
2025-01-28,Henry Woods,"‘Being consent focussed is in your interest lads, if they feel safe they will blow your minds’",AFTER,2025-01-28,22:12:47,Henry Woods,"‘Do you want one night of mediocre drunk sex where you wake up thinking maybe you shouldn’t have done that, or do you want someone waterfalling all over you going, “thanks for insisting on just cuddling, I was a bit out of it. Which hole would you like first?”"
2025-01-28,Henry Woods,"‘Being consent focussed is in your interest lads, if they feel safe they will blow your minds’",AFTER,2025-01-28,22:13:01,Cady,exactly
2025-01-28,Henry Woods,"‘Being consent focussed is in your interest lads, if they feel safe they will blow your minds’",AFTER,2025-01-28,22:13:21,Cady,youre so wise babe
2025-01-28,Henry Woods,"‘Being consent focussed is in your interest lads, if they feel safe they will blow your minds’",AFTER,2025-01-28,22:14:02,Henry Woods,I think I must have been the Buddha in a past life
2025-01-28,Henry Woods,"‘Being consent focussed is in your interest lads, if they feel safe they will blow your minds’",AFTER,2025-01-28,22:14:19,Henry Woods,Both because I’m so wise and because it’s the only way I could have enough karma to live my current one
2025-01-28,Henry Woods,"‘Being consent focussed is in your interest lads, if they feel safe they will blow your minds’",AFTER,2025-01-28,22:14:26,Henry Woods,ðð
2025-01-28,Henry Woods,"‘Being consent focussed is in your interest lads, if they feel safe they will blow your minds’",AFTER,2025-01-28,22:14:32,Cady,hehe you certainly gained a shit ton of karma
2025-01-28,Henry Woods,"‘Being consent focussed is in your interest lads, if they feel safe they will blow your minds’",AFTER,2025-01-28,22:14:44,Cady,text rob back lol
2025-01-28,Henry Woods,Wearing white with three different guys cum leaking around her plug,BEFORE,2025-01-28,22:35:58,Henry Woods,Cause I don’t think I could hold myself together seeing you in white
2025-01-28,Henry Woods,Wearing white with three different guys cum leaking around her plug,BEFORE,2025-01-28,22:36:07,Henry Woods,lol is it actually?
2025-01-28,Henry Woods,Wearing white with three different guys cum leaking around her plug,BEFORE,2025-01-28,22:36:11,Cady,probably pink
2025-01-28,Henry Woods,Wearing white with three different guys cum leaking around her plug,BEFORE,2025-01-28,22:36:15,Henry Woods,love it
2025-01-28,Henry Woods,Wearing white with three different guys cum leaking around her plug,BEFORE,2025-01-28,22:36:17,Cady,with a red jacket
2025-01-28,Henry Woods,Wearing white with three different guys cum leaking around her plug,BEFORE,2025-01-28,22:36:29,Cady,i thought about doing a scarlet a but probably too much
2025-01-28,Henry Woods,Wearing white with three different guys cum leaking around her plug,BEFORE,2025-01-28,22:36:58,Cady,awe
2025-01-28,Henry Woods,Wearing white with three different guys cum leaking around her plug,BEFORE,2025-01-28,22:37:30,Henry Woods,No as in ‘loll that ship has very much sailed’
2025-01-28,Henry Woods,Wearing white with three different guys cum leaking around her plug,BEFORE,2025-01-28,22:37:39,Cady,hahaha yeah
2025-01-28,Henry Woods,Wearing white with three different guys cum leaking around her plug,BEFORE,2025-01-28,22:37:59,Cady,i couldn’t do it it just makes me laugh to think about wearing white
2025-01-28,Henry Woods,Wearing white with three different guys cum leaking around her plug,TARGET,2025-01-28,22:38:00,Henry Woods,Wearing white with three different guys cum leaking around her plug
2025-01-28,Henry Woods,Wearing white with three different guys cum leaking around her plug,AFTER,2025-01-28,22:38:05,Cady,hahahahahahaha
2025-01-28,Henry Woods,Wearing white with three different guys cum leaking around her plug,AFTER,2025-01-28,22:38:19,Henry Woods,Exactly
2025-01-28,Henry Woods,Wearing white with three different guys cum leaking around her plug,AFTER,2025-01-28,22:38:34,Cady,maybe i should go red instead of pink though
2025-01-28,Henry Woods,Wearing white with three different guys cum leaking around her plug,AFTER,2025-01-28,22:39:39,Cady,fun fact
2025-01-28,Henry Woods,Wearing white with three different guys cum leaking around her plug,AFTER,2025-01-28,22:39:47,Cady,when i’m bored… i just work on my vows
2025-01-28,Henry Woods,Wearing white with three different guys cum leaking around her plug,AFTER,2025-01-28,22:40:04,Cady,i like have to try to put my love into words cause it’s blowing my mind so much
2025-01-28,Henry Woods,Wearing white with three different guys cum leaking around her plug,AFTER,2025-01-28,22:40:13,Henry Woods,Red for the real one?
2025-01-28,Henry Woods,Wearing white with three different guys cum leaking around her plug,AFTER,2025-01-28,22:40:22,Cady,yeah
2025-01-28,Henry Woods,Wearing white with three different guys cum leaking around her plug,AFTER,2025-01-28,22:41:48,Henry Woods,Also not to burst your bubble but I’d prefer to make it as least weddingy as possible
2025-01-28,Henry Woods,Wearing white with three different guys cum leaking around her plug,AFTER,2025-01-28,22:41:55,Cady,no same
2025-01-28,Cady,when i had my onlyfans active last time i dated someone who did all of this for me so idk what all is posted,BEFORE,2025-01-28,22:45:09,Cady,and i need a visa lol
2025-01-28,Cady,when i had my onlyfans active last time i dated someone who did all of this for me so idk what all is posted,BEFORE,2025-01-28,22:45:13,Henry Woods,"Anal then oral, that’s my style too"
2025-01-28,Cady,when i had my onlyfans active last time i dated someone who did all of this for me so idk what all is posted,BEFORE,2025-01-28,22:45:17,Cady,hehehe
2025-01-28,Cady,when i had my onlyfans active last time i dated someone who did all of this for me so idk what all is posted,BEFORE,2025-01-28,22:45:19,Cady,god
2025-01-28,Cady,when i had my onlyfans active last time i dated someone who did all of this for me so idk what all is posted,BEFORE,2025-01-28,22:45:21,Cady,love you
2025-01-28,Cady,when i had my onlyfans active last time i dated someone who did all of this for me so idk what all is posted,BEFORE,2025-01-28,22:45:28,Cady,i’m having so much trouble posting to reddit
2025-01-28,Cady,when i had my onlyfans active last time i dated someone who did all of this for me so idk what all is posted,BEFORE,2025-01-28,22:45:41,Cady,can you help me get started with that if i give you my login?
2025-01-28,Cady,when i had my onlyfans active last time i dated someone who did all of this for me so idk what all is posted,BEFORE,2025-01-28,22:45:47,Henry Woods,Sure thing
2025-01-28,Cady,when i had my onlyfans active last time i dated someone who did all of this for me so idk what all is posted,BEFORE,2025-01-28,22:46:40,Cady,cadyherring@icloud.com
2025-01-28,Cady,when i had my onlyfans active last time i dated someone who did all of this for me so idk what all is posted,BEFORE,2025-01-28,22:47:56,Cady,like i need to find the right subreddits and figure out how to get approved to contribute
2025-01-28,Cady,when i had my onlyfans active last time i dated someone who did all of this for me so idk what all is posted,TARGET,2025-01-28,22:48:15,Cady,when i had my onlyfans active last time i dated someone who did all of this for me so idk what all is posted
2025-01-28,Cady,when i had my onlyfans active last time i dated someone who did all of this for me so idk what all is posted,AFTER,2025-01-28,22:53:41,Cady,unf i cant wait to make content with my new toys
2025-01-28,Cady,when i had my onlyfans active last time i dated someone who did all of this for me so idk what all is posted,AFTER,2025-01-28,22:54:36,Cady,and
2025-01-28,Cady,when i had my onlyfans active last time i dated someone who did all of this for me so idk what all is posted,AFTER,2025-01-28,22:54:42,Cady,"""You will need to give notice in your local registration district. If you and your partner live in different areas, you will each need to give notice in your own district.  If you or your partner are subject to immigration control you must both give notice together in the district in which one or both of you live."
2025-01-28,Cady,when i had my onlyfans active last time i dated someone who did all of this for me so idk what all is posted,AFTER,2025-01-28,22:54:54,Cady,https://www.oxfordshire.gov.uk/residents/community-and-living/births-deaths-and-ceremonies/celebrate-your-special-day/marriages/legal-formalities
2025-01-28,Cady,when i had my onlyfans active last time i dated someone who did all of this for me so idk what all is posted,AFTER,2025-01-28,23:14:52,Cady,I can’t wait to make you into the best nudes photographer
2025-01-28,Cady,when i had my onlyfans active last time i dated someone who did all of this for me so idk what all is posted,AFTER,2025-01-28,23:23:58,Henry Woods,Will read through
2025-01-28,Cady,when i had my onlyfans active last time i dated someone who did all of this for me so idk what all is posted,AFTER,2025-01-28,23:24:04,Henry Woods,Mmmh me neither
2025-01-28,Cady,when i had my onlyfans active last time i dated someone who did all of this for me so idk what all is posted,AFTER,2025-01-28,23:24:07,Cady,Kk
2025-01-28,Cady,when i had my onlyfans active last time i dated someone who did all of this for me so idk what all is posted,AFTER,2025-01-28,23:24:17,Henry Woods,Both artsy nudes and so much content
2025-01-28,Cady,when i had my onlyfans active last time i dated someone who did all of this for me so idk what all is posted,AFTER,2025-01-28,23:24:23,Cady,Yeah
2025-01-28,Cady,unf i cant wait to make content with my new toys,BEFORE,2025-01-28,22:45:13,Henry Woods,"Anal then oral, that’s my style too"
2025-01-28,Cady,unf i cant wait to make content with my new toys,BEFORE,2025-01-28,22:45:17,Cady,hehehe
2025-01-28,Cady,unf i cant wait to make content with my new toys,BEFORE,2025-01-28,22:45:19,Cady,god
2025-01-28,Cady,unf i cant wait to make content with my new toys,BEFORE,2025-01-28,22:45:21,Cady,love you
2025-01-28,Cady,unf i cant wait to make content with my new toys,BEFORE,2025-01-28,22:45:28,Cady,i’m having so much trouble posting to reddit
2025-01-28,Cady,unf i cant wait to make content with my new toys,BEFORE,2025-01-28,22:45:41,Cady,can you help me get started with that if i give you my login?
2025-01-28,Cady,unf i cant wait to make content with my new toys,BEFORE,2025-01-28,22:45:47,Henry Woods,Sure thing
2025-01-28,Cady,unf i cant wait to make content with my new toys,BEFORE,2025-01-28,22:46:40,Cady,cadyherring@icloud.com
2025-01-28,Cady,unf i cant wait to make content with my new toys,BEFORE,2025-01-28,22:47:56,Cady,like i need to find the right subreddits and figure out how to get approved to contribute
2025-01-28,Cady,unf i cant wait to make content with my new toys,BEFORE,2025-01-28,22:48:15,Cady,when i had my onlyfans active last time i dated someone who did all of this for me so idk what all is posted
2025-01-28,Cady,unf i cant wait to make content with my new toys,TARGET,2025-01-28,22:53:41,Cady,unf i cant wait to make content with my new toys
2025-01-28,Cady,unf i cant wait to make content with my new toys,AFTER,2025-01-28,22:54:36,Cady,and
2025-01-28,Cady,unf i cant wait to make content with my new toys,AFTER,2025-01-28,22:54:42,Cady,"""You will need to give notice in your local registration district. If you and your partner live in different areas, you will each need to give notice in your own district.  If you or your partner are subject to immigration control you must both give notice together in the district in which one or both of you live."
2025-01-28,Cady,unf i cant wait to make content with my new toys,AFTER,2025-01-28,22:54:54,Cady,https://www.oxfordshire.gov.uk/residents/community-and-living/births-deaths-and-ceremonies/celebrate-your-special-day/marriages/legal-formalities
2025-01-28,Cady,unf i cant wait to make content with my new toys,AFTER,2025-01-28,23:14:52,Cady,I can’t wait to make you into the best nudes photographer
2025-01-28,Cady,unf i cant wait to make content with my new toys,AFTER,2025-01-28,23:23:58,Henry Woods,Will read through
2025-01-28,Cady,unf i cant wait to make content with my new toys,AFTER,2025-01-28,23:24:04,Henry Woods,Mmmh me neither
2025-01-28,Cady,unf i cant wait to make content with my new toys,AFTER,2025-01-28,23:24:07,Cady,Kk
2025-01-28,Cady,unf i cant wait to make content with my new toys,AFTER,2025-01-28,23:24:17,Henry Woods,Both artsy nudes and so much content
2025-01-28,Cady,unf i cant wait to make content with my new toys,AFTER,2025-01-28,23:24:23,Cady,Yeah
2025-01-28,Cady,unf i cant wait to make content with my new toys,AFTER,2025-01-28,23:24:31,Henry Woods,Oh also on that note we’ll need a name for me for Onlyfans
2025-01-28,Henry Woods,Both artsy nudes and so much content,BEFORE,2025-01-28,22:47:56,Cady,like i need to find the right subreddits and figure out how to get approved to contribute
2025-01-28,Henry Woods,Both artsy nudes and so much content,BEFORE,2025-01-28,22:48:15,Cady,when i had my onlyfans active last time i dated someone who did all of this for me so idk what all is posted
2025-01-28,Henry Woods,Both artsy nudes and so much content,BEFORE,2025-01-28,22:53:41,Cady,unf i cant wait to make content with my new toys
2025-01-28,Henry Woods,Both artsy nudes and so much content,BEFORE,2025-01-28,22:54:36,Cady,and
2025-01-28,Henry Woods,Both artsy nudes and so much content,BEFORE,2025-01-28,22:54:42,Cady,"""You will need to give notice in your local registration district. If you and your partner live in different areas, you will each need to give notice in your own district.  If you or your partner are subject to immigration control you must both give notice together in the district in which one or both of you live."
2025-01-28,Henry Woods,Both artsy nudes and so much content,BEFORE,2025-01-28,22:54:54,Cady,https://www.oxfordshire.gov.uk/residents/community-and-living/births-deaths-and-ceremonies/celebrate-your-special-day/marriages/legal-formalities
2025-01-28,Henry Woods,Both artsy nudes and so much content,BEFORE,2025-01-28,23:14:52,Cady,I can’t wait to make you into the best nudes photographer
2025-01-28,Henry Woods,Both artsy nudes and so much content,BEFORE,2025-01-28,23:23:58,Henry Woods,Will read through
2025-01-28,Henry Woods,Both artsy nudes and so much content,BEFORE,2025-01-28,23:24:04,Henry Woods,Mmmh me neither
2025-01-28,Henry Woods,Both artsy nudes and so much content,BEFORE,2025-01-28,23:24:07,Cady,Kk
2025-01-28,Henry Woods,Both artsy nudes and so much content,TARGET,2025-01-28,23:24:17,Henry Woods,Both artsy nudes and so much content
2025-01-28,Henry Woods,Both artsy nudes and so much content,AFTER,2025-01-28,23:24:23,Cady,Yeah
2025-01-28,Henry Woods,Both artsy nudes and so much content,AFTER,2025-01-28,23:24:31,Henry Woods,Oh also on that note we’ll need a name for me for Onlyfans
2025-01-28,Henry Woods,Both artsy nudes and so much content,AFTER,2025-01-28,23:24:39,Cady,Yes
2025-01-28,Henry Woods,Both artsy nudes and so much content,AFTER,2025-01-28,23:24:53,Cady,You’ll need to have an account as a creator
2025-01-28,Henry Woods,Both artsy nudes and so much content,AFTER,2025-01-28,23:25:06,Cady,Pharaoh has one and was telling me about the process
2025-01-28,Henry Woods,Both artsy nudes and so much content,AFTER,2025-01-28,23:25:06,Henry Woods,Also now that you have your tattoo - there are no pornstars I could find called Candy Sins…
2025-01-28,Henry Woods,Both artsy nudes and so much content,AFTER,2025-01-28,23:25:12,Cady,Hehehe
2025-01-28,Henry Woods,Both artsy nudes and so much content,AFTER,2025-01-28,23:25:14,Henry Woods,Ooooh
2025-01-28,Henry Woods,Both artsy nudes and so much content,AFTER,2025-01-28,23:25:14,Cady,Oh I love that
2025-01-28,Henry Woods,Both artsy nudes and so much content,AFTER,2025-01-28,23:25:29,Henry Woods,So you’ll definitely have to collab then
2025-01-28,Henry Woods,Oh also on that note we’ll need a name for me for Onlyfans,BEFORE,2025-01-28,22:53:41,Cady,unf i cant wait to make content with my new toys
2025-01-28,Henry Woods,Oh also on that note we’ll need a name for me for Onlyfans,BEFORE,2025-01-28,22:54:36,Cady,and
2025-01-28,Henry Woods,Oh also on that note we’ll need a name for me for Onlyfans,BEFORE,2025-01-28,22:54:42,Cady,"""You will need to give notice in your local registration district. If you and your partner live in different areas, you will each need to give notice in your own district.  If you or your partner are subject to immigration control you must both give notice together in the district in which one or both of you live."
2025-01-28,Henry Woods,Oh also on that note we’ll need a name for me for Onlyfans,BEFORE,2025-01-28,22:54:54,Cady,https://www.oxfordshire.gov.uk/residents/community-and-living/births-deaths-and-ceremonies/celebrate-your-special-day/marriages/legal-formalities
2025-01-28,Henry Woods,Oh also on that note we’ll need a name for me for Onlyfans,BEFORE,2025-01-28,23:14:52,Cady,I can’t wait to make you into the best nudes photographer
2025-01-28,Henry Woods,Oh also on that note we’ll need a name for me for Onlyfans,BEFORE,2025-01-28,23:23:58,Henry Woods,Will read through
2025-01-28,Henry Woods,Oh also on that note we’ll need a name for me for Onlyfans,BEFORE,2025-01-28,23:24:04,Henry Woods,Mmmh me neither
2025-01-28,Henry Woods,Oh also on that note we’ll need a name for me for Onlyfans,BEFORE,2025-01-28,23:24:07,Cady,Kk
2025-01-28,Henry Woods,Oh also on that note we’ll need a name for me for Onlyfans,BEFORE,2025-01-28,23:24:17,Henry Woods,Both artsy nudes and so much content
2025-01-28,Henry Woods,Oh also on that note we’ll need a name for me for Onlyfans,BEFORE,2025-01-28,23:24:23,Cady,Yeah
2025-01-28,Henry Woods,Oh also on that note we’ll need a name for me for Onlyfans,TARGET,2025-01-28,23:24:31,Henry Woods,Oh also on that note we’ll need a name for me for Onlyfans
2025-01-28,Henry Woods,Oh also on that note we’ll need a name for me for Onlyfans,AFTER,2025-01-28,23:24:39,Cady,Yes
2025-01-28,Henry Woods,Oh also on that note we’ll need a name for me for Onlyfans,AFTER,2025-01-28,23:24:53,Cady,You’ll need to have an account as a creator
2025-01-28,Henry Woods,Oh also on that note we’ll need a name for me for Onlyfans,AFTER,2025-01-28,23:25:06,Cady,Pharaoh has one and was telling me about the process
2025-01-28,Henry Woods,Oh also on that note we’ll need a name for me for Onlyfans,AFTER,2025-01-28,23:25:06,Henry Woods,Also now that you have your tattoo - there are no pornstars I could find called Candy Sins…
2025-01-28,Henry Woods,Oh also on that note we’ll need a name for me for Onlyfans,AFTER,2025-01-28,23:25:12,Cady,Hehehe
2025-01-28,Henry Woods,Oh also on that note we’ll need a name for me for Onlyfans,AFTER,2025-01-28,23:25:14,Henry Woods,Ooooh
2025-01-28,Henry Woods,Oh also on that note we’ll need a name for me for Onlyfans,AFTER,2025-01-28,23:25:14,Cady,Oh I love that
2025-01-28,Henry Woods,Oh also on that note we’ll need a name for me for Onlyfans,AFTER,2025-01-28,23:25:29,Henry Woods,So you’ll definitely have to collab then
2025-01-28,Henry Woods,Oh also on that note we’ll need a name for me for Onlyfans,AFTER,2025-01-28,23:25:37,Cady,You deleted this message.
2025-01-28,Henry Woods,Oh also on that note we’ll need a name for me for Onlyfans,AFTER,2025-01-28,23:25:48,Cady,Yes we were talking about that this morning
2025-01-29,Henry Woods,just a constant stream of guys turning up to dp you with me,BEFORE,2025-01-29,00:07:26,Henry Woods,"‘Atlanta daddy, meet Oxford daddy'"
2025-01-29,Henry Woods,just a constant stream of guys turning up to dp you with me,BEFORE,2025-01-29,00:07:35,Cady,hehe i’ll make the group chat?
2025-01-29,Henry Woods,just a constant stream of guys turning up to dp you with me,BEFORE,2025-01-29,00:07:41,Henry Woods,sure
2025-01-29,Henry Woods,just a constant stream of guys turning up to dp you with me,BEFORE,2025-01-29,00:07:54,Henry Woods,might have to make a copy paste intro
2025-01-29,Henry Woods,just a constant stream of guys turning up to dp you with me,BEFORE,2025-01-29,00:08:04,Henry Woods,can’t keep up with your constant whoring ❤️
2025-01-29,Henry Woods,just a constant stream of guys turning up to dp you with me,BEFORE,2025-01-29,00:08:12,Cady,yes lol
2025-01-29,Henry Woods,just a constant stream of guys turning up to dp you with me,BEFORE,2025-01-29,00:08:14,Cady,i was thinking that
2025-01-29,Henry Woods,just a constant stream of guys turning up to dp you with me,BEFORE,2025-01-29,00:08:23,Henry Woods,unf I love you
2025-01-29,Henry Woods,just a constant stream of guys turning up to dp you with me,BEFORE,2025-01-29,00:08:30,Cady,i love you baby
2025-01-29,Henry Woods,just a constant stream of guys turning up to dp you with me,BEFORE,2025-01-29,00:08:42,Henry Woods,can’t wait for Oxford
2025-01-29,Henry Woods,just a constant stream of guys turning up to dp you with me,TARGET,2025-01-29,00:09:10,Henry Woods,just a constant stream of guys turning up to dp you with me
2025-01-29,Henry Woods,just a constant stream of guys turning up to dp you with me,AFTER,2025-01-29,00:09:16,Cady,hehehehe
2025-01-29,Henry Woods,just a constant stream of guys turning up to dp you with me,AFTER,2025-01-29,00:09:19,Cady,yes baby
2025-01-29,Henry Woods,just a constant stream of guys turning up to dp you with me,AFTER,2025-01-29,00:09:23,Cady,unf
2025-01-29,Henry Woods,just a constant stream of guys turning up to dp you with me,AFTER,2025-01-29,00:09:30,Henry Woods,Cady in a university town = like a rich kid in a candy shop
2025-01-29,Henry Woods,just a constant stream of guys turning up to dp you with me,AFTER,2025-01-29,00:09:43,Cady,i’m on the phone with my dad helping him get a visa for inda and i’m really struggling to not get wet
2025-01-29,Henry Woods,just a constant stream of guys turning up to dp you with me,AFTER,2025-01-29,00:09:56,Cady,i think about how excited i am for this like once a day
2025-01-29,Henry Woods,just a constant stream of guys turning up to dp you with me,AFTER,2025-01-29,00:10:10,Henry Woods,"like also picture 5, 10 years time"
2025-01-29,Henry Woods,just a constant stream of guys turning up to dp you with me,AFTER,2025-01-29,00:10:11,Cady,i went through a period where i felt like uni boys are too young
2025-01-29,Henry Woods,just a constant stream of guys turning up to dp you with me,AFTER,2025-01-29,00:10:19,Cady,but i’ve changed
2025-01-29,Henry Woods,just a constant stream of guys turning up to dp you with me,AFTER,2025-01-29,00:10:22,Henry Woods,heheh
2025-01-29,Henry Woods,"Sorry, but this is a bit of a red flag for us if guys aren’t comfortable introducing themselves. To be honest I don’t think this is a good match anymore.",BEFORE,2025-01-29,00:09:56,Cady,i think about how excited i am for this like once a day
2025-01-29,Henry Woods,"Sorry, but this is a bit of a red flag for us if guys aren’t comfortable introducing themselves. To be honest I don’t think this is a good match anymore.",BEFORE,2025-01-29,00:10:10,Henry Woods,"like also picture 5, 10 years time"
2025-01-29,Henry Woods,"Sorry, but this is a bit of a red flag for us if guys aren’t comfortable introducing themselves. To be honest I don’t think this is a good match anymore.",BEFORE,2025-01-29,00:10:11,Cady,i went through a period where i felt like uni boys are too young
2025-01-29,Henry Woods,"Sorry, but this is a bit of a red flag for us if guys aren’t comfortable introducing themselves. To be honest I don’t think this is a good match anymore.",BEFORE,2025-01-29,00:10:19,Cady,but i’ve changed
2025-01-29,Henry Woods,"Sorry, but this is a bit of a red flag for us if guys aren’t comfortable introducing themselves. To be honest I don’t think this is a good match anymore.",BEFORE,2025-01-29,00:10:22,Henry Woods,heheh
2025-01-29,Henry Woods,"Sorry, but this is a bit of a red flag for us if guys aren’t comfortable introducing themselves. To be honest I don’t think this is a good match anymore.",BEFORE,2025-01-29,00:10:36,Cady,ooooh atlanta daddy says no to the group chat
2025-01-29,Henry Woods,"Sorry, but this is a bit of a red flag for us if guys aren’t comfortable introducing themselves. To be honest I don’t think this is a good match anymore.",BEFORE,2025-01-29,00:10:43,Cady,how should i let him down?
2025-01-29,Henry Woods,"Sorry, but this is a bit of a red flag for us if guys aren’t comfortable introducing themselves. To be honest I don’t think this is a good match anymore.",BEFORE,2025-01-29,00:11:00,Cady,“kinda a dealbreaker for me” ?
2025-01-29,Henry Woods,"Sorry, but this is a bit of a red flag for us if guys aren’t comfortable introducing themselves. To be honest I don’t think this is a good match anymore.",BEFORE,2025-01-29,00:11:34,Henry Woods,imagining them going back to their college and waxing lyrical about the hot milf who just blew their minds
2025-01-29,Henry Woods,"Sorry, but this is a bit of a red flag for us if guys aren’t comfortable introducing themselves. To be honest I don’t think this is a good match anymore.",BEFORE,2025-01-29,00:11:40,Cady,hehehehe
2025-01-29,Henry Woods,"Sorry, but this is a bit of a red flag for us if guys aren’t comfortable introducing themselves. To be honest I don’t think this is a good match anymore.",TARGET,2025-01-29,00:13:25,Henry Woods,"Sorry, but this is a bit of a red flag for us if guys aren’t comfortable introducing themselves. To be honest I don’t think this is a good match anymore."
2025-01-29,Henry Woods,"Sorry, but this is a bit of a red flag for us if guys aren’t comfortable introducing themselves. To be honest I don’t think this is a good match anymore.",AFTER,2025-01-29,00:13:31,Henry Woods,"like for me, he’s had his chance"
2025-01-29,Henry Woods,"Sorry, but this is a bit of a red flag for us if guys aren’t comfortable introducing themselves. To be honest I don’t think this is a good match anymore.",AFTER,2025-01-29,00:13:48,Henry Woods,"even if he backtracks, that red flag is still there"
2025-01-29,Henry Woods,"Sorry, but this is a bit of a red flag for us if guys aren’t comfortable introducing themselves. To be honest I don’t think this is a good match anymore.",AFTER,2025-01-29,00:13:58,Cady,deal
2025-01-29,Henry Woods,"Sorry, but this is a bit of a red flag for us if guys aren’t comfortable introducing themselves. To be honest I don’t think this is a good match anymore.",AFTER,2025-01-29,00:14:18,Cady,i dont need to give anyone second chances lol
2025-01-29,Henry Woods,"Sorry, but this is a bit of a red flag for us if guys aren’t comfortable introducing themselves. To be honest I don’t think this is a good match anymore.",AFTER,2025-01-29,00:14:58,Henry Woods,"yeah exactly, not like you’re desperate for the numbers"
2025-01-29,Henry Woods,"Sorry, but this is a bit of a red flag for us if guys aren’t comfortable introducing themselves. To be honest I don’t think this is a good match anymore.",AFTER,2025-01-29,00:15:07,Cady,lol
2025-01-29,Henry Woods,"Sorry, but this is a bit of a red flag for us if guys aren’t comfortable introducing themselves. To be honest I don’t think this is a good match anymore.",AFTER,2025-01-29,00:15:07,Henry Woods,\*just desperate for cock
2025-01-29,Henry Woods,"Sorry, but this is a bit of a red flag for us if guys aren’t comfortable introducing themselves. To be honest I don’t think this is a good match anymore.",AFTER,2025-01-29,00:15:20,Cady,my roster is filling up nicely i’m pleased
2025-01-29,Henry Woods,"Sorry, but this is a bit of a red flag for us if guys aren’t comfortable introducing themselves. To be honest I don’t think this is a good match anymore.",AFTER,2025-01-29,00:15:53,Henry Woods,"more Pharaohs, no weirdos"
2025-01-29,Henry Woods,"Sorry, but this is a bit of a red flag for us if guys aren’t comfortable introducing themselves. To be honest I don’t think this is a good match anymore.",AFTER,2025-01-29,00:16:00,Cady,hehe yes
2025-01-29,Henry Woods,"I have this image of you going out with your girlfriends, picking up guys, giving them the best night of their lives then melting into the mist \<This message was edited\>",BEFORE,2025-01-29,00:16:50,Henry Woods,yummy
2025-01-29,Henry Woods,"I have this image of you going out with your girlfriends, picking up guys, giving them the best night of their lives then melting into the mist \<This message was edited\>",BEFORE,2025-01-29,00:16:56,Henry Woods,yeah exactly
2025-01-29,Henry Woods,"I have this image of you going out with your girlfriends, picking up guys, giving them the best night of their lives then melting into the mist \<This message was edited\>",BEFORE,2025-01-29,00:17:03,Henry Woods,Kelvin and Pharaoh super cool
2025-01-29,Henry Woods,"I have this image of you going out with your girlfriends, picking up guys, giving them the best night of their lives then melting into the mist \<This message was edited\>",BEFORE,2025-01-29,00:17:38,Cady,talking to more —there’s a sexy older couple who want to come to the restaurant
2025-01-29,Henry Woods,"I have this image of you going out with your girlfriends, picking up guys, giving them the best night of their lives then melting into the mist \<This message was edited\>",BEFORE,2025-01-29,00:17:48,Cady,they’ll be down for a group chat i’m sure
2025-01-29,Henry Woods,"I have this image of you going out with your girlfriends, picking up guys, giving them the best night of their lives then melting into the mist \<This message was edited\>",BEFORE,2025-01-29,00:18:00,Henry Woods,yummy
2025-01-29,Henry Woods,"I have this image of you going out with your girlfriends, picking up guys, giving them the best night of their lives then melting into the mist \<This message was edited\>",BEFORE,2025-01-29,00:19:31,Henry Woods,lol
2025-01-29,Henry Woods,"I have this image of you going out with your girlfriends, picking up guys, giving them the best night of their lives then melting into the mist \<This message was edited\>",BEFORE,2025-01-29,00:21:16,Henry Woods,yummmmmm
2025-01-29,Henry Woods,"I have this image of you going out with your girlfriends, picking up guys, giving them the best night of their lives then melting into the mist \<This message was edited\>",BEFORE,2025-01-29,00:22:20,Henry Woods,fun
2025-01-29,Henry Woods,"I have this image of you going out with your girlfriends, picking up guys, giving them the best night of their lives then melting into the mist \<This message was edited\>",BEFORE,2025-01-29,00:22:47,Henry Woods,but yeah also more women
2025-01-29,Henry Woods,"I have this image of you going out with your girlfriends, picking up guys, giving them the best night of their lives then melting into the mist \<This message was edited\>",TARGET,2025-01-29,00:23:57,Henry Woods,"I have this image of you going out with your girlfriends, picking up guys, giving them the best night of their lives then melting into the mist \<This message was edited\>"
2025-01-29,Henry Woods,"I have this image of you going out with your girlfriends, picking up guys, giving them the best night of their lives then melting into the mist \<This message was edited\>",AFTER,2025-01-29,00:25:09,Henry Woods,"also fucking them, but then they can’t go again so it ends up just you and the girlfriend carrying on fucking each other’s brains out and they’re relegated to the sofa"
2025-01-29,Henry Woods,"I have this image of you going out with your girlfriends, picking up guys, giving them the best night of their lives then melting into the mist \<This message was edited\>",AFTER,2025-01-29,00:26:36,Henry Woods,C U Next Tuesday will all be about focussing on the cunt
2025-01-29,Henry Woods,"I have this image of you going out with your girlfriends, picking up guys, giving them the best night of their lives then melting into the mist \<This message was edited\>",AFTER,2025-01-29,00:28:30,Henry Woods,"also, it would be super unfair for you to hog all those huge dicks to yourself"
2025-01-29,Henry Woods,"I have this image of you going out with your girlfriends, picking up guys, giving them the best night of their lives then melting into the mist \<This message was edited\>",AFTER,2025-01-29,00:29:06,Henry Woods,thank god the delicious women of Alabama have you/us to screen guys for them
2025-01-29,Henry Woods,"I have this image of you going out with your girlfriends, picking up guys, giving them the best night of their lives then melting into the mist \<This message was edited\>",AFTER,2025-01-29,00:29:28,Cady,hehehehehe
2025-01-29,Henry Woods,"I have this image of you going out with your girlfriends, picking up guys, giving them the best night of their lives then melting into the mist \<This message was edited\>",AFTER,2025-01-29,00:29:39,Cady,yes baby to all of this
2025-01-29,Henry Woods,"I have this image of you going out with your girlfriends, picking up guys, giving them the best night of their lives then melting into the mist \<This message was edited\>",AFTER,2025-01-29,00:29:39,Henry Woods,"equally, nice guys finish all over two pretty faces"
2025-01-29,Henry Woods,"I have this image of you going out with your girlfriends, picking up guys, giving them the best night of their lives then melting into the mist \<This message was edited\>",AFTER,2025-01-29,00:29:43,Cady,unf i love you
2025-01-29,Henry Woods,"I have this image of you going out with your girlfriends, picking up guys, giving them the best night of their lives then melting into the mist \<This message was edited\>",AFTER,2025-01-29,00:29:44,Cady,yes
2025-01-29,Henry Woods,"I have this image of you going out with your girlfriends, picking up guys, giving them the best night of their lives then melting into the mist \<This message was edited\>",AFTER,2025-01-29,00:30:41,Henry Woods,"‘thanks for being so cool, here is a menu of sluts to choose from as your reward'"
2025-01-29,Henry Woods,thank god the delicious women of Alabama have you/us to screen guys for them,BEFORE,2025-01-29,00:17:48,Cady,they’ll be down for a group chat i’m sure
2025-01-29,Henry Woods,thank god the delicious women of Alabama have you/us to screen guys for them,BEFORE,2025-01-29,00:18:00,Henry Woods,yummy
2025-01-29,Henry Woods,thank god the delicious women of Alabama have you/us to screen guys for them,BEFORE,2025-01-29,00:19:31,Henry Woods,lol
2025-01-29,Henry Woods,thank god the delicious women of Alabama have you/us to screen guys for them,BEFORE,2025-01-29,00:21:16,Henry Woods,yummmmmm
2025-01-29,Henry Woods,thank god the delicious women of Alabama have you/us to screen guys for them,BEFORE,2025-01-29,00:22:20,Henry Woods,fun
2025-01-29,Henry Woods,thank god the delicious women of Alabama have you/us to screen guys for them,BEFORE,2025-01-29,00:22:47,Henry Woods,but yeah also more women
2025-01-29,Henry Woods,thank god the delicious women of Alabama have you/us to screen guys for them,BEFORE,2025-01-29,00:23:57,Henry Woods,"I have this image of you going out with your girlfriends, picking up guys, giving them the best night of their lives then melting into the mist \<This message was edited\>"
2025-01-29,Henry Woods,thank god the delicious women of Alabama have you/us to screen guys for them,BEFORE,2025-01-29,00:25:09,Henry Woods,"also fucking them, but then they can’t go again so it ends up just you and the girlfriend carrying on fucking each other’s brains out and they’re relegated to the sofa"
2025-01-29,Henry Woods,thank god the delicious women of Alabama have you/us to screen guys for them,BEFORE,2025-01-29,00:26:36,Henry Woods,C U Next Tuesday will all be about focussing on the cunt
2025-01-29,Henry Woods,thank god the delicious women of Alabama have you/us to screen guys for them,BEFORE,2025-01-29,00:28:30,Henry Woods,"also, it would be super unfair for you to hog all those huge dicks to yourself"
2025-01-29,Henry Woods,thank god the delicious women of Alabama have you/us to screen guys for them,TARGET,2025-01-29,00:29:06,Henry Woods,thank god the delicious women of Alabama have you/us to screen guys for them
2025-01-29,Henry Woods,thank god the delicious women of Alabama have you/us to screen guys for them,AFTER,2025-01-29,00:29:28,Cady,hehehehehe
2025-01-29,Henry Woods,thank god the delicious women of Alabama have you/us to screen guys for them,AFTER,2025-01-29,00:29:39,Cady,yes baby to all of this
2025-01-29,Henry Woods,thank god the delicious women of Alabama have you/us to screen guys for them,AFTER,2025-01-29,00:29:39,Henry Woods,"equally, nice guys finish all over two pretty faces"
2025-01-29,Henry Woods,thank god the delicious women of Alabama have you/us to screen guys for them,AFTER,2025-01-29,00:29:43,Cady,unf i love you
2025-01-29,Henry Woods,thank god the delicious women of Alabama have you/us to screen guys for them,AFTER,2025-01-29,00:29:44,Cady,yes
2025-01-29,Henry Woods,thank god the delicious women of Alabama have you/us to screen guys for them,AFTER,2025-01-29,00:30:41,Henry Woods,"‘thanks for being so cool, here is a menu of sluts to choose from as your reward'"
2025-01-29,Henry Woods,thank god the delicious women of Alabama have you/us to screen guys for them,AFTER,2025-01-29,00:30:51,Cady,hehe exactly
2025-01-29,Henry Woods,thank god the delicious women of Alabama have you/us to screen guys for them,AFTER,2025-01-29,00:31:00,Cady,what kind of sex would you like today my darling
2025-01-29,Henry Woods,thank god the delicious women of Alabama have you/us to screen guys for them,AFTER,2025-01-29,00:31:12,Henry Woods,‘yes'
2025-01-29,Henry Woods,thank god the delicious women of Alabama have you/us to screen guys for them,AFTER,2025-02-14,17:11:57,Cady,Hahahaha omg
2025-01-29,Henry Woods,"equally, nice guys finish all over two pretty faces",BEFORE,2025-01-29,00:21:16,Henry Woods,yummmmmm
2025-01-29,Henry Woods,"equally, nice guys finish all over two pretty faces",BEFORE,2025-01-29,00:22:20,Henry Woods,fun
2025-01-29,Henry Woods,"equally, nice guys finish all over two pretty faces",BEFORE,2025-01-29,00:22:47,Henry Woods,but yeah also more women
2025-01-29,Henry Woods,"equally, nice guys finish all over two pretty faces",BEFORE,2025-01-29,00:23:57,Henry Woods,"I have this image of you going out with your girlfriends, picking up guys, giving them the best night of their lives then melting into the mist \<This message was edited\>"
2025-01-29,Henry Woods,"equally, nice guys finish all over two pretty faces",BEFORE,2025-01-29,00:25:09,Henry Woods,"also fucking them, but then they can’t go again so it ends up just you and the girlfriend carrying on fucking each other’s brains out and they’re relegated to the sofa"
2025-01-29,Henry Woods,"equally, nice guys finish all over two pretty faces",BEFORE,2025-01-29,00:26:36,Henry Woods,C U Next Tuesday will all be about focussing on the cunt
2025-01-29,Henry Woods,"equally, nice guys finish all over two pretty faces",BEFORE,2025-01-29,00:28:30,Henry Woods,"also, it would be super unfair for you to hog all those huge dicks to yourself"
2025-01-29,Henry Woods,"equally, nice guys finish all over two pretty faces",BEFORE,2025-01-29,00:29:06,Henry Woods,thank god the delicious women of Alabama have you/us to screen guys for them
2025-01-29,Henry Woods,"equally, nice guys finish all over two pretty faces",BEFORE,2025-01-29,00:29:28,Cady,hehehehehe
2025-01-29,Henry Woods,"equally, nice guys finish all over two pretty faces",BEFORE,2025-01-29,00:29:39,Cady,yes baby to all of this
2025-01-29,Henry Woods,"equally, nice guys finish all over two pretty faces",TARGET,2025-01-29,00:29:39,Henry Woods,"equally, nice guys finish all over two pretty faces"
2025-01-29,Henry Woods,"equally, nice guys finish all over two pretty faces",AFTER,2025-01-29,00:29:43,Cady,unf i love you
2025-01-29,Henry Woods,"equally, nice guys finish all over two pretty faces",AFTER,2025-01-29,00:29:44,Cady,yes
2025-01-29,Henry Woods,"equally, nice guys finish all over two pretty faces",AFTER,2025-01-29,00:30:41,Henry Woods,"‘thanks for being so cool, here is a menu of sluts to choose from as your reward'"
2025-01-29,Henry Woods,"equally, nice guys finish all over two pretty faces",AFTER,2025-01-29,00:30:51,Cady,hehe exactly
2025-01-29,Henry Woods,"equally, nice guys finish all over two pretty faces",AFTER,2025-01-29,00:31:00,Cady,what kind of sex would you like today my darling
2025-01-29,Henry Woods,"equally, nice guys finish all over two pretty faces",AFTER,2025-01-29,00:31:12,Henry Woods,‘yes'
2025-01-29,Henry Woods,"equally, nice guys finish all over two pretty faces",AFTER,2025-02-14,17:11:57,Cady,Hahahaha omg
2025-01-29,Henry Woods,"equally, nice guys finish all over two pretty faces",AFTER,2025-02-14,17:12:53,Cady,Lol think my dad will think it’s strange if I start calling him daddy again?
2025-01-29,Henry Woods,"equally, nice guys finish all over two pretty faces",AFTER,2025-02-14,17:13:04,Henry Woods,Yeah me too
2025-01-29,Henry Woods,"equally, nice guys finish all over two pretty faces",AFTER,2025-02-14,17:13:13,Henry Woods,Still funny
2025-02-17,Henry Woods,"One or two have come close, but when I said ‘you should be more of a slut’ and you came back with ‘these are all the guys I’m fucking’ within a day still blows my mind",BEFORE,2025-02-17,20:21:45,Henry Woods,‘Henry’s seeing someone sweet and innocent’ is not a phrase in common vernacular
2025-02-17,Henry Woods,"One or two have come close, but when I said ‘you should be more of a slut’ and you came back with ‘these are all the guys I’m fucking’ within a day still blows my mind",BEFORE,2025-02-17,20:21:58,Cady,Hahaha true
2025-02-17,Henry Woods,"One or two have come close, but when I said ‘you should be more of a slut’ and you came back with ‘these are all the guys I’m fucking’ within a day still blows my mind",BEFORE,2025-02-17,20:25:06,Henry Woods,But yeah they probably don’t know quite how much of a slut I’m gonna turn you into
2025-02-17,Henry Woods,"One or two have come close, but when I said ‘you should be more of a slut’ and you came back with ‘these are all the guys I’m fucking’ within a day still blows my mind",BEFORE,2025-02-17,20:25:23,Cady,ð
2025-02-17,Henry Woods,"One or two have come close, but when I said ‘you should be more of a slut’ and you came back with ‘these are all the guys I’m fucking’ within a day still blows my mind",BEFORE,2025-02-17,20:25:32,Henry Woods,She’s easily the biggest slut in a long line of delicious sluts I’ve had the pleasure of meeting
2025-02-17,Henry Woods,"One or two have come close, but when I said ‘you should be more of a slut’ and you came back with ‘these are all the guys I’m fucking’ within a day still blows my mind",BEFORE,2025-02-17,20:25:41,Cady,Heheh I love that line
2025-02-17,Henry Woods,"One or two have come close, but when I said ‘you should be more of a slut’ and you came back with ‘these are all the guys I’m fucking’ within a day still blows my mind",BEFORE,2025-02-17,20:25:41,Henry Woods,This is no exaggeration
2025-02-17,Henry Woods,"One or two have come close, but when I said ‘you should be more of a slut’ and you came back with ‘these are all the guys I’m fucking’ within a day still blows my mind",BEFORE,2025-02-17,20:25:47,Cady,Like really
2025-02-17,Henry Woods,"One or two have come close, but when I said ‘you should be more of a slut’ and you came back with ‘these are all the guys I’m fucking’ within a day still blows my mind",BEFORE,2025-02-17,20:26:03,Cady,I still find it hard to believe lol
2025-02-17,Henry Woods,"One or two have come close, but when I said ‘you should be more of a slut’ and you came back with ‘these are all the guys I’m fucking’ within a day still blows my mind",BEFORE,2025-02-17,20:27:33,Henry Woods,No one else has jumped in so hard
2025-02-17,Henry Woods,"One or two have come close, but when I said ‘you should be more of a slut’ and you came back with ‘these are all the guys I’m fucking’ within a day still blows my mind",TARGET,2025-02-17,20:36:24,Henry Woods,"One or two have come close, but when I said ‘you should be more of a slut’ and you came back with ‘these are all the guys I’m fucking’ within a day still blows my mind"
2025-02-17,Henry Woods,"One or two have come close, but when I said ‘you should be more of a slut’ and you came back with ‘these are all the guys I’m fucking’ within a day still blows my mind",AFTER,2025-02-17,21:24:20,Cady,Heheh
2025-02-17,Henry Woods,"One or two have come close, but when I said ‘you should be more of a slut’ and you came back with ‘these are all the guys I’m fucking’ within a day still blows my mind",AFTER,2025-02-17,21:24:21,Cady,Yay
2025-02-17,Henry Woods,"One or two have come close, but when I said ‘you should be more of a slut’ and you came back with ‘these are all the guys I’m fucking’ within a day still blows my mind",AFTER,2025-02-17,21:41:19,Cady,Lol I fell asleep at Nathan’s I came so much
2025-02-17,Henry Woods,"One or two have come close, but when I said ‘you should be more of a slut’ and you came back with ‘these are all the guys I’m fucking’ within a day still blows my mind",AFTER,2025-02-17,22:03:24,Henry Woods,What was this about by the way?
2025-02-17,Henry Woods,"One or two have come close, but when I said ‘you should be more of a slut’ and you came back with ‘these are all the guys I’m fucking’ within a day still blows my mind",AFTER,2025-02-17,22:03:37,Henry Woods,"(Not ignoring the video, it’s just taking a while to download)"
2025-02-17,Henry Woods,"One or two have come close, but when I said ‘you should be more of a slut’ and you came back with ‘these are all the guys I’m fucking’ within a day still blows my mind",AFTER,2025-02-17,22:03:41,Cady,Oh
2025-02-17,Henry Woods,"One or two have come close, but when I said ‘you should be more of a slut’ and you came back with ‘these are all the guys I’m fucking’ within a day still blows my mind",AFTER,2025-02-17,22:04:51,Henry Woods,Hmm strange
2025-02-17,Henry Woods,"One or two have come close, but when I said ‘you should be more of a slut’ and you came back with ‘these are all the guys I’m fucking’ within a day still blows my mind",AFTER,2025-02-17,22:05:01,Henry Woods,Like not specific
2025-02-17,Henry Woods,"One or two have come close, but when I said ‘you should be more of a slut’ and you came back with ‘these are all the guys I’m fucking’ within a day still blows my mind",AFTER,2025-02-17,22:05:04,Cady,Curious to see how he is tonight
2025-02-17,Henry Woods,"One or two have come close, but when I said ‘you should be more of a slut’ and you came back with ‘these are all the guys I’m fucking’ within a day still blows my mind",AFTER,2025-02-17,22:05:08,Cady,Yeah
2025-02-18,Cady,I’m trying to work on onlyfans stuff,BEFORE,2025-02-18,19:47:00,Cady,booo
2025-02-18,Cady,I’m trying to work on onlyfans stuff,BEFORE,2025-02-18,19:47:00,Cady,good
2025-02-18,Cady,I’m trying to work on onlyfans stuff,BEFORE,2025-02-18,19:47:44,Cady,i need you to help me install it on my phoneeee
2025-02-18,Cady,I’m trying to work on onlyfans stuff,BEFORE,2025-02-18,19:47:58,Cady,lol what are yall talking about
2025-02-18,Cady,I’m trying to work on onlyfans stuff,BEFORE,2025-02-18,19:48:00,Henry Woods,I shall
2025-02-18,Cady,I’m trying to work on onlyfans stuff,BEFORE,2025-02-18,19:48:16,Henry Woods,Mostly just life stories at the moment
2025-02-18,Cady,I’m trying to work on onlyfans stuff,BEFORE,2025-02-18,19:48:23,Cady,oh dear
2025-02-18,Cady,I’m trying to work on onlyfans stuff,BEFORE,2025-02-18,19:48:27,Henry Woods,Nah all good
2025-02-18,Cady,I’m trying to work on onlyfans stuff,BEFORE,2025-02-18,19:48:39,Henry Woods,They’re boring to you cause you’ve heard them 100 times
2025-02-18,Cady,I’m trying to work on onlyfans stuff,BEFORE,2025-02-18,19:50:20,Cady,ðð
2025-02-18,Cady,I’m trying to work on onlyfans stuff,TARGET,2025-02-18,19:51:43,Cady,I’m trying to work on onlyfans stuff
2025-02-18,Cady,I’m trying to work on onlyfans stuff,AFTER,2025-02-18,19:51:52,Cady,I don’t feel super sexy rn so it’s hard to make content
2025-02-18,Cady,I’m trying to work on onlyfans stuff,AFTER,2025-02-18,21:03:36,Henry Woods,Awww my darling you’re super sexy
2025-02-18,Cady,I’m trying to work on onlyfans stuff,AFTER,2025-02-18,21:03:51,Henry Woods,Can’t wait to be there to hype you
2025-02-18,Cady,I’m trying to work on onlyfans stuff,AFTER,2025-02-18,21:03:57,Cady,thank you babyyyyy
2025-02-18,Cady,I’m trying to work on onlyfans stuff,AFTER,2025-02-18,21:04:10,Henry Woods,Walking back now
2025-02-18,Cady,I’m trying to work on onlyfans stuff,AFTER,2025-02-18,21:04:30,Henry Woods,I’ll give you a bell in a minute
2025-02-18,Cady,I’m trying to work on onlyfans stuff,AFTER,2025-02-18,21:04:34,Henry Woods,Dad was lovely
2025-02-18,Cady,I’m trying to work on onlyfans stuff,AFTER,2025-02-18,21:05:35,Henry Woods,"Gotta go back and do my invoices and reports, and I’m already half cut"
2025-02-18,Cady,I’m trying to work on onlyfans stuff,AFTER,2025-02-18,21:08:23,Cady,Okiii
2025-02-18,Cady,I’m trying to work on onlyfans stuff,AFTER,2025-02-18,21:08:25,Cady,Whatever you need
2025-02-18,Cady,I don’t feel super sexy rn so it’s hard to make content,BEFORE,2025-02-18,19:47:00,Cady,good
2025-02-18,Cady,I don’t feel super sexy rn so it’s hard to make content,BEFORE,2025-02-18,19:47:44,Cady,i need you to help me install it on my phoneeee
2025-02-18,Cady,I don’t feel super sexy rn so it’s hard to make content,BEFORE,2025-02-18,19:47:58,Cady,lol what are yall talking about
2025-02-18,Cady,I don’t feel super sexy rn so it’s hard to make content,BEFORE,2025-02-18,19:48:00,Henry Woods,I shall
2025-02-18,Cady,I don’t feel super sexy rn so it’s hard to make content,BEFORE,2025-02-18,19:48:16,Henry Woods,Mostly just life stories at the moment
2025-02-18,Cady,I don’t feel super sexy rn so it’s hard to make content,BEFORE,2025-02-18,19:48:23,Cady,oh dear
2025-02-18,Cady,I don’t feel super sexy rn so it’s hard to make content,BEFORE,2025-02-18,19:48:27,Henry Woods,Nah all good
2025-02-18,Cady,I don’t feel super sexy rn so it’s hard to make content,BEFORE,2025-02-18,19:48:39,Henry Woods,They’re boring to you cause you’ve heard them 100 times
2025-02-18,Cady,I don’t feel super sexy rn so it’s hard to make content,BEFORE,2025-02-18,19:50:20,Cady,ðð
2025-02-18,Cady,I don’t feel super sexy rn so it’s hard to make content,BEFORE,2025-02-18,19:51:43,Cady,I’m trying to work on onlyfans stuff
2025-02-18,Cady,I don’t feel super sexy rn so it’s hard to make content,TARGET,2025-02-18,19:51:52,Cady,I don’t feel super sexy rn so it’s hard to make content
2025-02-18,Cady,I don’t feel super sexy rn so it’s hard to make content,AFTER,2025-02-18,21:03:36,Henry Woods,Awww my darling you’re super sexy
2025-02-18,Cady,I don’t feel super sexy rn so it’s hard to make content,AFTER,2025-02-18,21:03:51,Henry Woods,Can’t wait to be there to hype you
2025-02-18,Cady,I don’t feel super sexy rn so it’s hard to make content,AFTER,2025-02-18,21:03:57,Cady,thank you babyyyyy
2025-02-18,Cady,I don’t feel super sexy rn so it’s hard to make content,AFTER,2025-02-18,21:04:10,Henry Woods,Walking back now
2025-02-18,Cady,I don’t feel super sexy rn so it’s hard to make content,AFTER,2025-02-18,21:04:30,Henry Woods,I’ll give you a bell in a minute
2025-02-18,Cady,I don’t feel super sexy rn so it’s hard to make content,AFTER,2025-02-18,21:04:34,Henry Woods,Dad was lovely
2025-02-18,Cady,I don’t feel super sexy rn so it’s hard to make content,AFTER,2025-02-18,21:05:35,Henry Woods,"Gotta go back and do my invoices and reports, and I’m already half cut"
2025-02-18,Cady,I don’t feel super sexy rn so it’s hard to make content,AFTER,2025-02-18,21:08:23,Cady,Okiii
2025-02-18,Cady,I don’t feel super sexy rn so it’s hard to make content,AFTER,2025-02-18,21:08:25,Cady,Whatever you need
2025-02-18,Cady,I don’t feel super sexy rn so it’s hard to make content,AFTER,2025-02-18,21:24:30,Henry Woods,"Video call, Answered on other device"
2025-02-19,Cady,eeee just got my first onlyfans paycheck,BEFORE,2025-02-19,16:59:04,Cady,Heard
2025-02-19,Cady,eeee just got my first onlyfans paycheck,BEFORE,2025-02-19,16:59:12,Cady,I think I remember another kind of bar
2025-02-19,Cady,eeee just got my first onlyfans paycheck,BEFORE,2025-02-19,16:59:14,Cady,But idk
2025-02-19,Cady,eeee just got my first onlyfans paycheck,BEFORE,2025-02-19,17:04:16,Henry Woods,ohh I think there might be another on the grass
2025-02-19,Cady,eeee just got my first onlyfans paycheck,BEFORE,2025-02-19,17:04:36,Henry Woods,which is a barbell that broke
2025-02-19,Cady,eeee just got my first onlyfans paycheck,BEFORE,2025-02-19,17:04:44,Cady,lol
2025-02-19,Cady,eeee just got my first onlyfans paycheck,BEFORE,2025-02-19,17:04:45,Henry Woods,but I have nowhere else to put it
2025-02-19,Cady,eeee just got my first onlyfans paycheck,BEFORE,2025-02-19,17:04:54,Cady,ð
2025-02-19,Cady,eeee just got my first onlyfans paycheck,BEFORE,2025-02-19,17:05:03,Henry Woods,and don’t wan to throw away in case the metal bar is useful
2025-02-19,Cady,eeee just got my first onlyfans paycheck,BEFORE,2025-02-19,17:05:13,Cady,Obviously lol
2025-02-19,Cady,eeee just got my first onlyfans paycheck,TARGET,2025-02-19,18:18:19,Cady,eeee just got my first onlyfans paycheck
2025-02-19,Cady,eeee just got my first onlyfans paycheck,AFTER,2025-02-19,18:18:25,Cady,just $43 but like easy money
2025-02-19,Cady,eeee just got my first onlyfans paycheck,AFTER,2025-02-19,18:18:42,Henry Woods,teeheeee
2025-02-19,Cady,eeee just got my first onlyfans paycheck,AFTER,2025-02-19,18:18:49,Henry Woods,only gonna go up too
2025-02-19,Cady,eeee just got my first onlyfans paycheck,AFTER,2025-02-19,18:18:54,Cady,yep
2025-02-19,Cady,eeee just got my first onlyfans paycheck,AFTER,2025-02-19,18:19:00,Cady,exponentially i hope
2025-02-19,Cady,eeee just got my first onlyfans paycheck,AFTER,2025-02-19,18:19:01,Henry Woods,that’s so exciting though
2025-02-19,Cady,eeee just got my first onlyfans paycheck,AFTER,2025-02-19,18:19:10,Cady,i’m quite happy with how its growing
2025-02-19,Cady,eeee just got my first onlyfans paycheck,AFTER,2025-02-19,18:19:17,Cady,its slow but thats what i expected
2025-02-19,Cady,eeee just got my first onlyfans paycheck,AFTER,2025-02-19,19:14:16,Cady,Can you give me some feedback on these
2025-02-19,Cady,eeee just got my first onlyfans paycheck,AFTER,2025-02-19,19:14:25,Cady,I’m still feeling like everything I’m doing isn’t sexy
2025-02-20,Henry Woods,"but like, only with guys you fancy",BEFORE,2025-02-20,16:58:31,Henry Woods,"as I quoted at the start, she asked me to start a group chat"
2025-02-20,Henry Woods,"but like, only with guys you fancy",BEFORE,2025-02-20,16:58:40,Cady,All good :)
2025-02-20,Henry Woods,"but like, only with guys you fancy",BEFORE,2025-02-20,17:00:27,Cady,I really do love it
2025-02-20,Henry Woods,"but like, only with guys you fancy",BEFORE,2025-02-20,17:00:42,Cady,I found this escort on instagram and I’ve been watching allll her vids
2025-02-20,Henry Woods,"but like, only with guys you fancy",BEFORE,2025-02-20,17:00:50,Cady,Inspiring the shit out of me
2025-02-20,Henry Woods,"but like, only with guys you fancy",BEFORE,2025-02-20,17:00:50,Henry Woods,hehe
2025-02-20,Henry Woods,"but like, only with guys you fancy",BEFORE,2025-02-20,17:01:06,Henry Woods,gonna start whoring properly?
2025-02-20,Henry Woods,"but like, only with guys you fancy",BEFORE,2025-02-20,17:01:12,Cady,I want to
2025-02-20,Henry Woods,"but like, only with guys you fancy",BEFORE,2025-02-20,17:01:16,Cady,When I get to Oxford
2025-02-20,Henry Woods,"but like, only with guys you fancy",BEFORE,2025-02-20,17:01:17,Henry Woods,yum
2025-02-20,Henry Woods,"but like, only with guys you fancy",TARGET,2025-02-20,17:01:28,Henry Woods,"but like, only with guys you fancy"
2025-02-20,Henry Woods,"but like, only with guys you fancy",AFTER,2025-02-20,17:01:33,Cady,Yeah
2025-02-20,Henry Woods,"but like, only with guys you fancy",AFTER,2025-02-20,17:01:47,Henry Woods,"‘I would fuck you anyway, but I’d also fuck all these other guys so start the bidding...'"
2025-02-20,Henry Woods,"but like, only with guys you fancy",AFTER,2025-02-20,17:01:49,Cady,She’s really firm on boundaries and only doing what she wants. She doesn’t do doggy style lol
2025-02-20,Henry Woods,"but like, only with guys you fancy",AFTER,2025-02-20,17:01:54,Cady,Like that’s so hot
2025-02-20,Henry Woods,"but like, only with guys you fancy",AFTER,2025-02-20,17:02:03,Cady,What you just said
2025-02-20,Henry Woods,"but like, only with guys you fancy",AFTER,2025-02-20,17:02:09,Henry Woods,exactly
2025-02-20,Henry Woods,"but like, only with guys you fancy",AFTER,2025-02-20,17:02:16,Henry Woods,yeah that’s the dream
2025-02-20,Henry Woods,"but like, only with guys you fancy",AFTER,2025-02-20,17:02:31,Henry Woods,but yeah not just randomers only for the money
2025-02-20,Henry Woods,"but like, only with guys you fancy",AFTER,2025-02-20,17:02:37,Cady,Yeah
2025-02-20,Henry Woods,"but like, only with guys you fancy",AFTER,2025-02-20,17:02:40,Henry Woods,but also maybe I will make you do that a little
2025-02-20,Henry Woods,"‘I would fuck you anyway, but I’d also fuck all these other guys so start the bidding...'",BEFORE,2025-02-20,17:00:27,Cady,I really do love it
2025-02-20,Henry Woods,"‘I would fuck you anyway, but I’d also fuck all these other guys so start the bidding...'",BEFORE,2025-02-20,17:00:42,Cady,I found this escort on instagram and I’ve been watching allll her vids
2025-02-20,Henry Woods,"‘I would fuck you anyway, but I’d also fuck all these other guys so start the bidding...'",BEFORE,2025-02-20,17:00:50,Cady,Inspiring the shit out of me
2025-02-20,Henry Woods,"‘I would fuck you anyway, but I’d also fuck all these other guys so start the bidding...'",BEFORE,2025-02-20,17:00:50,Henry Woods,hehe
2025-02-20,Henry Woods,"‘I would fuck you anyway, but I’d also fuck all these other guys so start the bidding...'",BEFORE,2025-02-20,17:01:06,Henry Woods,gonna start whoring properly?
2025-02-20,Henry Woods,"‘I would fuck you anyway, but I’d also fuck all these other guys so start the bidding...'",BEFORE,2025-02-20,17:01:12,Cady,I want to
2025-02-20,Henry Woods,"‘I would fuck you anyway, but I’d also fuck all these other guys so start the bidding...'",BEFORE,2025-02-20,17:01:16,Cady,When I get to Oxford
2025-02-20,Henry Woods,"‘I would fuck you anyway, but I’d also fuck all these other guys so start the bidding...'",BEFORE,2025-02-20,17:01:17,Henry Woods,yum
2025-02-20,Henry Woods,"‘I would fuck you anyway, but I’d also fuck all these other guys so start the bidding...'",BEFORE,2025-02-20,17:01:28,Henry Woods,"but like, only with guys you fancy"
2025-02-20,Henry Woods,"‘I would fuck you anyway, but I’d also fuck all these other guys so start the bidding...'",BEFORE,2025-02-20,17:01:33,Cady,Yeah
2025-02-20,Henry Woods,"‘I would fuck you anyway, but I’d also fuck all these other guys so start the bidding...'",TARGET,2025-02-20,17:01:47,Henry Woods,"‘I would fuck you anyway, but I’d also fuck all these other guys so start the bidding...'"
2025-02-20,Henry Woods,"‘I would fuck you anyway, but I’d also fuck all these other guys so start the bidding...'",AFTER,2025-02-20,17:01:49,Cady,She’s really firm on boundaries and only doing what she wants. She doesn’t do doggy style lol
2025-02-20,Henry Woods,"‘I would fuck you anyway, but I’d also fuck all these other guys so start the bidding...'",AFTER,2025-02-20,17:01:54,Cady,Like that’s so hot
2025-02-20,Henry Woods,"‘I would fuck you anyway, but I’d also fuck all these other guys so start the bidding...'",AFTER,2025-02-20,17:02:03,Cady,What you just said
2025-02-20,Henry Woods,"‘I would fuck you anyway, but I’d also fuck all these other guys so start the bidding...'",AFTER,2025-02-20,17:02:09,Henry Woods,exactly
2025-02-20,Henry Woods,"‘I would fuck you anyway, but I’d also fuck all these other guys so start the bidding...'",AFTER,2025-02-20,17:02:16,Henry Woods,yeah that’s the dream
2025-02-20,Henry Woods,"‘I would fuck you anyway, but I’d also fuck all these other guys so start the bidding...'",AFTER,2025-02-20,17:02:31,Henry Woods,but yeah not just randomers only for the money
2025-02-20,Henry Woods,"‘I would fuck you anyway, but I’d also fuck all these other guys so start the bidding...'",AFTER,2025-02-20,17:02:37,Cady,Yeah
2025-02-20,Henry Woods,"‘I would fuck you anyway, but I’d also fuck all these other guys so start the bidding...'",AFTER,2025-02-20,17:02:40,Henry Woods,but also maybe I will make you do that a little
2025-02-20,Henry Woods,"‘I would fuck you anyway, but I’d also fuck all these other guys so start the bidding...'",AFTER,2025-02-20,17:02:45,Cady,Hehehe
2025-02-20,Henry Woods,"‘I would fuck you anyway, but I’d also fuck all these other guys so start the bidding...'",AFTER,2025-02-20,17:02:54,Cady,You supporting me makes me actually want to do it
2025-02-20,Henry Woods,I thought a good live thing for onlyfans/chaturbate or similar could be that you’re tied up on a sybian and people pay to choose what filth they get to force you to cum to,BEFORE,2025-02-20,17:29:29,Cady,Unf yayayyy
2025-02-20,Henry Woods,I thought a good live thing for onlyfans/chaturbate or similar could be that you’re tied up on a sybian and people pay to choose what filth they get to force you to cum to,BEFORE,2025-02-20,17:29:44,Henry Woods,(while also being allowed to cum your socks off at what a good slut you’ve become)
2025-02-20,Henry Woods,I thought a good live thing for onlyfans/chaturbate or similar could be that you’re tied up on a sybian and people pay to choose what filth they get to force you to cum to,BEFORE,2025-02-20,17:29:48,Cady,I wish I was there
2025-02-20,Henry Woods,I thought a good live thing for onlyfans/chaturbate or similar could be that you’re tied up on a sybian and people pay to choose what filth they get to force you to cum to,BEFORE,2025-02-20,17:29:52,Henry Woods,me too
2025-02-20,Henry Woods,I thought a good live thing for onlyfans/chaturbate or similar could be that you’re tied up on a sybian and people pay to choose what filth they get to force you to cum to,BEFORE,2025-02-20,17:29:53,Cady,Unf yes
2025-02-20,Henry Woods,I thought a good live thing for onlyfans/chaturbate or similar could be that you’re tied up on a sybian and people pay to choose what filth they get to force you to cum to,BEFORE,2025-02-20,17:30:09,Cady,We’re gonna cum so much
2025-02-20,Henry Woods,I thought a good live thing for onlyfans/chaturbate or similar could be that you’re tied up on a sybian and people pay to choose what filth they get to force you to cum to,BEFORE,2025-02-20,17:30:35,Henry Woods,‘yes daddy look at how good a slut that little whore has got she can suck your dick so well and its meeeeeeeeeeeeeeeeohjesus'
2025-02-20,Henry Woods,I thought a good live thing for onlyfans/chaturbate or similar could be that you’re tied up on a sybian and people pay to choose what filth they get to force you to cum to,BEFORE,2025-02-20,17:30:57,Cady,Hehehehehe
2025-02-20,Henry Woods,I thought a good live thing for onlyfans/chaturbate or similar could be that you’re tied up on a sybian and people pay to choose what filth they get to force you to cum to,BEFORE,2025-02-20,17:31:05,Cady,Mmmhmmm
2025-02-20,Henry Woods,I thought a good live thing for onlyfans/chaturbate or similar could be that you’re tied up on a sybian and people pay to choose what filth they get to force you to cum to,BEFORE,2025-02-20,17:32:50,Cady,Hehehe
2025-02-20,Henry Woods,I thought a good live thing for onlyfans/chaturbate or similar could be that you’re tied up on a sybian and people pay to choose what filth they get to force you to cum to,TARGET,2025-02-20,17:33:39,Henry Woods,I thought a good live thing for onlyfans/chaturbate or similar could be that you’re tied up on a sybian and people pay to choose what filth they get to force you to cum to
2025-02-20,Henry Woods,I thought a good live thing for onlyfans/chaturbate or similar could be that you’re tied up on a sybian and people pay to choose what filth they get to force you to cum to,AFTER,2025-02-20,17:34:03,Cady,Ummm I love that
2025-02-20,Henry Woods,I thought a good live thing for onlyfans/chaturbate or similar could be that you’re tied up on a sybian and people pay to choose what filth they get to force you to cum to,AFTER,2025-02-20,17:34:18,Cady,I would love that so much
2025-02-20,Henry Woods,I thought a good live thing for onlyfans/chaturbate or similar could be that you’re tied up on a sybian and people pay to choose what filth they get to force you to cum to,AFTER,2025-02-20,17:34:24,Henry Woods,I knowwwww
2025-02-20,Henry Woods,I thought a good live thing for onlyfans/chaturbate or similar could be that you’re tied up on a sybian and people pay to choose what filth they get to force you to cum to,AFTER,2025-02-20,17:41:19,Henry Woods,Just getting forced to watch innocent little women have their holes destroyed by aggressive men
2025-02-20,Henry Woods,I thought a good live thing for onlyfans/chaturbate or similar could be that you’re tied up on a sybian and people pay to choose what filth they get to force you to cum to,AFTER,2025-02-20,17:41:54,Henry Woods,"Mixed, feminist thoughts"
2025-02-20,Henry Woods,I thought a good live thing for onlyfans/chaturbate or similar could be that you’re tied up on a sybian and people pay to choose what filth they get to force you to cum to,AFTER,2025-02-20,17:42:24,Cady,Would be horrible if it weren’t my preference anyway lol
2025-02-20,Henry Woods,I thought a good live thing for onlyfans/chaturbate or similar could be that you’re tied up on a sybian and people pay to choose what filth they get to force you to cum to,AFTER,2025-02-20,17:42:36,Henry Woods,Aha exactly
2025-02-20,Henry Woods,I thought a good live thing for onlyfans/chaturbate or similar could be that you’re tied up on a sybian and people pay to choose what filth they get to force you to cum to,AFTER,2025-02-20,17:43:09,Henry Woods,Just getting filth poured into your mind
2025-02-20,Henry Woods,I thought a good live thing for onlyfans/chaturbate or similar could be that you’re tied up on a sybian and people pay to choose what filth they get to force you to cum to,AFTER,2025-02-20,17:43:26,Cady,Ruined for anyone else
2025-02-20,Henry Woods,I thought a good live thing for onlyfans/chaturbate or similar could be that you’re tied up on a sybian and people pay to choose what filth they get to force you to cum to,AFTER,2025-02-20,18:36:12,Henry Woods,Hehe
2025-02-20,Henry Woods,Just getting forced to watch innocent little women have their holes destroyed by aggressive men,BEFORE,2025-02-20,17:29:53,Cady,Unf yes
2025-02-20,Henry Woods,Just getting forced to watch innocent little women have their holes destroyed by aggressive men,BEFORE,2025-02-20,17:30:09,Cady,We’re gonna cum so much
2025-02-20,Henry Woods,Just getting forced to watch innocent little women have their holes destroyed by aggressive men,BEFORE,2025-02-20,17:30:35,Henry Woods,‘yes daddy look at how good a slut that little whore has got she can suck your dick so well and its meeeeeeeeeeeeeeeeohjesus'
2025-02-20,Henry Woods,Just getting forced to watch innocent little women have their holes destroyed by aggressive men,BEFORE,2025-02-20,17:30:57,Cady,Hehehehehe
2025-02-20,Henry Woods,Just getting forced to watch innocent little women have their holes destroyed by aggressive men,BEFORE,2025-02-20,17:31:05,Cady,Mmmhmmm
2025-02-20,Henry Woods,Just getting forced to watch innocent little women have their holes destroyed by aggressive men,BEFORE,2025-02-20,17:32:50,Cady,Hehehe
2025-02-20,Henry Woods,Just getting forced to watch innocent little women have their holes destroyed by aggressive men,BEFORE,2025-02-20,17:33:39,Henry Woods,I thought a good live thing for onlyfans/chaturbate or similar could be that you’re tied up on a sybian and people pay to choose what filth they get to force you to cum to
2025-02-20,Henry Woods,Just getting forced to watch innocent little women have their holes destroyed by aggressive men,BEFORE,2025-02-20,17:34:03,Cady,Ummm I love that
2025-02-20,Henry Woods,Just getting forced to watch innocent little women have their holes destroyed by aggressive men,BEFORE,2025-02-20,17:34:18,Cady,I would love that so much
2025-02-20,Henry Woods,Just getting forced to watch innocent little women have their holes destroyed by aggressive men,BEFORE,2025-02-20,17:34:24,Henry Woods,I knowwwww
2025-02-20,Henry Woods,Just getting forced to watch innocent little women have their holes destroyed by aggressive men,TARGET,2025-02-20,17:41:19,Henry Woods,Just getting forced to watch innocent little women have their holes destroyed by aggressive men
2025-02-20,Henry Woods,Just getting forced to watch innocent little women have their holes destroyed by aggressive men,AFTER,2025-02-20,17:41:54,Henry Woods,"Mixed, feminist thoughts"
2025-02-20,Henry Woods,Just getting forced to watch innocent little women have their holes destroyed by aggressive men,AFTER,2025-02-20,17:42:24,Cady,Would be horrible if it weren’t my preference anyway lol
2025-02-20,Henry Woods,Just getting forced to watch innocent little women have their holes destroyed by aggressive men,AFTER,2025-02-20,17:42:36,Henry Woods,Aha exactly
2025-02-20,Henry Woods,Just getting forced to watch innocent little women have their holes destroyed by aggressive men,AFTER,2025-02-20,17:43:09,Henry Woods,Just getting filth poured into your mind
2025-02-20,Henry Woods,Just getting forced to watch innocent little women have their holes destroyed by aggressive men,AFTER,2025-02-20,17:43:26,Cady,Ruined for anyone else
2025-02-20,Henry Woods,Just getting forced to watch innocent little women have their holes destroyed by aggressive men,AFTER,2025-02-20,18:36:12,Henry Woods,Hehe
2025-02-20,Henry Woods,Just getting forced to watch innocent little women have their holes destroyed by aggressive men,AFTER,2025-02-20,18:36:23,Henry Woods,But still made to fuck them ð
2025-02-20,Henry Woods,Just getting forced to watch innocent little women have their holes destroyed by aggressive men,AFTER,2025-02-20,18:36:32,Cady,Of course
2025-02-20,Henry Woods,Just getting forced to watch innocent little women have their holes destroyed by aggressive men,AFTER,2025-02-20,18:37:20,Henry Woods,Legs spread 8hrs a day
2025-02-20,Henry Woods,Just getting forced to watch innocent little women have their holes destroyed by aggressive men,AFTER,2025-02-20,18:37:30,Cady,I’m gonna be so flexible
2025-02-24,Henry Woods,Hehe we should go to the club with a group of guys/pick up some guys at the club,BEFORE,2025-02-23,23:47:57,Cady,Wearing it under my outfit hehe
2025-02-24,Henry Woods,Hehe we should go to the club with a group of guys/pick up some guys at the club,BEFORE,2025-02-23,23:50:07,Cady,Whole new meaning to one of my fav songs from high school lol https://open.spotify.com/track/1Kef862HDQdZQaXpxNtHuv?si=xrKrPtOoSfeWJYIjQBqgUA\&context=spotify%3Aplaylist%3A37i9dQZF1EYkqdzj48dyYq
2025-02-24,Henry Woods,Hehe we should go to the club with a group of guys/pick up some guys at the club,BEFORE,2025-02-24,00:09:48,Henry Woods,Where you going in the end?
2025-02-24,Henry Woods,Hehe we should go to the club with a group of guys/pick up some guys at the club,BEFORE,2025-02-24,00:09:55,Henry Woods,Gonna try your public thing?
2025-02-24,Henry Woods,Hehe we should go to the club with a group of guys/pick up some guys at the club,BEFORE,2025-02-24,00:10:03,Cady,We’re gonna go listen to some live music
2025-02-24,Henry Woods,Hehe we should go to the club with a group of guys/pick up some guys at the club,BEFORE,2025-02-24,00:10:09,Cady,Then probably fuck at my place
2025-02-24,Henry Woods,Hehe we should go to the club with a group of guys/pick up some guys at the club,BEFORE,2025-02-24,00:10:10,Henry Woods,Oh nice
2025-02-24,Henry Woods,Hehe we should go to the club with a group of guys/pick up some guys at the club,BEFORE,2025-02-24,00:10:31,Henry Woods,And maybe in an alleyway behind the venue on the way back to the car?
2025-02-24,Henry Woods,Hehe we should go to the club with a group of guys/pick up some guys at the club,BEFORE,2025-02-24,00:10:50,Henry Woods,Unf I wanna fuck you in an alleyway like a dirty slut now ð­
2025-02-24,Henry Woods,Hehe we should go to the club with a group of guys/pick up some guys at the club,BEFORE,2025-02-24,00:11:06,Henry Woods,Back alley whore
2025-02-24,Henry Woods,Hehe we should go to the club with a group of guys/pick up some guys at the club,TARGET,2025-02-24,00:11:45,Henry Woods,Hehe we should go to the club with a group of guys/pick up some guys at the club
2025-02-24,Henry Woods,Hehe we should go to the club with a group of guys/pick up some guys at the club,AFTER,2025-02-24,00:11:58,Henry Woods,And then fuck you in an alleyway behind it
2025-02-24,Henry Woods,Hehe we should go to the club with a group of guys/pick up some guys at the club,AFTER,2025-02-24,00:12:21,Henry Woods,‘Where did you find this filthy fucking whore?’
2025-02-24,Henry Woods,Hehe we should go to the club with a group of guys/pick up some guys at the club,AFTER,2025-02-24,00:12:28,Henry Woods,‘Errr…that’s my wife…’
2025-02-24,Henry Woods,Hehe we should go to the club with a group of guys/pick up some guys at the club,AFTER,2025-02-24,00:15:24,Cady,Hehehehe
2025-02-24,Henry Woods,Hehe we should go to the club with a group of guys/pick up some guys at the club,AFTER,2025-02-24,00:15:35,Cady,He just made me cum with his mouth whilst picking me up
2025-02-24,Henry Woods,Hehe we should go to the club with a group of guys/pick up some guys at the club,AFTER,2025-02-24,00:15:51,Cady,Yessss
2025-02-24,Henry Woods,Hehe we should go to the club with a group of guys/pick up some guys at the club,AFTER,2025-02-24,00:27:52,Cady,Also side note I love Ola so much lol
2025-02-24,Henry Woods,Hehe we should go to the club with a group of guys/pick up some guys at the club,AFTER,2025-02-24,00:27:57,Cady,Can’t wait for Poland
2025-02-24,Henry Woods,Hehe we should go to the club with a group of guys/pick up some guys at the club,AFTER,2025-02-24,00:57:59,Henry Woods,Yum
2025-02-24,Henry Woods,Hehe we should go to the club with a group of guys/pick up some guys at the club,AFTER,2025-02-24,00:58:04,Henry Woods,Hehe yayyy
2025-02-24,Henry Woods,"And then say ‘and now for your surprise…this is Jerwaine, Lebron, D’Wayne and Moses. Obviously you needed your wedding night on your onlyfans…’",BEFORE,2025-02-24,23:43:47,Henry Woods,"My preference: still do it as a casual registry office thing, but have people there and go for a big dinner afterwards"
2025-02-24,Henry Woods,"And then say ‘and now for your surprise…this is Jerwaine, Lebron, D’Wayne and Moses. Obviously you needed your wedding night on your onlyfans…’",BEFORE,2025-02-24,23:43:53,Cady,Ok
2025-02-24,Henry Woods,"And then say ‘and now for your surprise…this is Jerwaine, Lebron, D’Wayne and Moses. Obviously you needed your wedding night on your onlyfans…’",BEFORE,2025-02-24,23:43:55,Henry Woods,100%
2025-02-24,Henry Woods,"And then say ‘and now for your surprise…this is Jerwaine, Lebron, D’Wayne and Moses. Obviously you needed your wedding night on your onlyfans…’",BEFORE,2025-02-24,23:44:07,Cady,100% to you
2025-02-24,Henry Woods,"And then say ‘and now for your surprise…this is Jerwaine, Lebron, D’Wayne and Moses. Obviously you needed your wedding night on your onlyfans…’",BEFORE,2025-02-24,23:44:13,Cady,Dancing after
2025-02-24,Henry Woods,"And then say ‘and now for your surprise…this is Jerwaine, Lebron, D’Wayne and Moses. Obviously you needed your wedding night on your onlyfans…’",BEFORE,2025-02-24,23:44:32,Cady,You fuck all my holes at some point obviously
2025-02-24,Henry Woods,"And then say ‘and now for your surprise…this is Jerwaine, Lebron, D’Wayne and Moses. Obviously you needed your wedding night on your onlyfans…’",BEFORE,2025-02-24,23:51:38,Henry Woods,Oh obviously
2025-02-24,Henry Woods,"And then say ‘and now for your surprise…this is Jerwaine, Lebron, D’Wayne and Moses. Obviously you needed your wedding night on your onlyfans…’",BEFORE,2025-02-24,23:52:58,Cady,ðð¥°
2025-02-24,Henry Woods,"And then say ‘and now for your surprise…this is Jerwaine, Lebron, D’Wayne and Moses. Obviously you needed your wedding night on your onlyfans…’",BEFORE,2025-02-24,23:53:04,Henry Woods,Finish cumming in your third hole
2025-02-24,Henry Woods,"And then say ‘and now for your surprise…this is Jerwaine, Lebron, D’Wayne and Moses. Obviously you needed your wedding night on your onlyfans…’",BEFORE,2025-02-24,23:53:21,Cady,Mmmmyummy
2025-02-24,Henry Woods,"And then say ‘and now for your surprise…this is Jerwaine, Lebron, D’Wayne and Moses. Obviously you needed your wedding night on your onlyfans…’",TARGET,2025-02-24,23:54:33,Henry Woods,"And then say ‘and now for your surprise…this is Jerwaine, Lebron, D’Wayne and Moses. Obviously you needed your wedding night on your onlyfans…’"
2025-02-24,Henry Woods,"And then say ‘and now for your surprise…this is Jerwaine, Lebron, D’Wayne and Moses. Obviously you needed your wedding night on your onlyfans…’",AFTER,2025-02-24,23:54:48,Cady,Heheheh
2025-02-24,Henry Woods,"And then say ‘and now for your surprise…this is Jerwaine, Lebron, D’Wayne and Moses. Obviously you needed your wedding night on your onlyfans…’",AFTER,2025-02-24,23:57:12,Henry Woods,‘Not one of them is less than 10” ‘
2025-02-24,Henry Woods,"And then say ‘and now for your surprise…this is Jerwaine, Lebron, D’Wayne and Moses. Obviously you needed your wedding night on your onlyfans…’",AFTER,2025-02-25,00:07:16,Cady,Mmmmmm
2025-02-24,Henry Woods,"And then say ‘and now for your surprise…this is Jerwaine, Lebron, D’Wayne and Moses. Obviously you needed your wedding night on your onlyfans…’",AFTER,2025-02-25,00:07:19,Cady,Yes babyyyy
2025-02-24,Henry Woods,"And then say ‘and now for your surprise…this is Jerwaine, Lebron, D’Wayne and Moses. Obviously you needed your wedding night on your onlyfans…’",AFTER,2025-02-25,00:07:48,Cady,I do think it would be hilarious to have the ceremony June 17
2025-02-24,Henry Woods,"And then say ‘and now for your surprise…this is Jerwaine, Lebron, D’Wayne and Moses. Obviously you needed your wedding night on your onlyfans…’",AFTER,2025-02-25,00:07:52,Cady,It’s my dads birthday
2025-02-24,Henry Woods,"And then say ‘and now for your surprise…this is Jerwaine, Lebron, D’Wayne and Moses. Obviously you needed your wedding night on your onlyfans…’",AFTER,2025-02-25,00:08:02,Cady,Perhaps too far
2025-02-24,Henry Woods,"And then say ‘and now for your surprise…this is Jerwaine, Lebron, D’Wayne and Moses. Obviously you needed your wedding night on your onlyfans…’",AFTER,2025-02-25,03:34:51,Cady,Omg fun developments at lesbian karaoke
2025-02-24,Henry Woods,"And then say ‘and now for your surprise…this is Jerwaine, Lebron, D’Wayne and Moses. Obviously you needed your wedding night on your onlyfans…’",AFTER,2025-02-25,03:35:01,Cady,I went on a date without realizing with my girlie Athena
2025-02-24,Henry Woods,"And then say ‘and now for your surprise…this is Jerwaine, Lebron, D’Wayne and Moses. Obviously you needed your wedding night on your onlyfans…’",AFTER,2025-02-25,03:35:02,Henry Woods,Oooh?
2025-02-25,Henry Woods,I’ll sponsor it,BEFORE,2025-02-25,14:17:40,Cady,I actually really wanna do research
2025-02-25,Henry Woods,I’ll sponsor it,BEFORE,2025-02-25,14:19:11,Cady,Oh also I dp’d myself last night with the huge dildo
2025-02-25,Henry Woods,I’ll sponsor it,BEFORE,2025-02-25,14:19:14,Cady,In my pussy
2025-02-25,Henry Woods,I’ll sponsor it,BEFORE,2025-02-25,14:19:18,Cady,It was spectacular
2025-02-25,Henry Woods,I’ll sponsor it,BEFORE,2025-02-25,14:20:14,Henry Woods,"Doctorate proposal: a comparison between the average length of penises and vaginal canals in the London sex scene, an extensive field study"
2025-02-25,Henry Woods,I’ll sponsor it,BEFORE,2025-02-25,14:20:34,Henry Woods,Mmmh fucking yum
2025-02-25,Henry Woods,I’ll sponsor it,BEFORE,2025-02-25,14:20:38,Henry Woods,Sounds it
2025-02-25,Henry Woods,I’ll sponsor it,BEFORE,2025-02-25,14:20:55,Cady,Mhmhmhmhehehe
2025-02-25,Henry Woods,I’ll sponsor it,BEFORE,2025-02-25,14:22:18,Cady,Something about why everyone should be doing anal
2025-02-25,Henry Woods,I’ll sponsor it,BEFORE,2025-02-25,14:22:32,Henry Woods,Imagine going up to people at parties and being like ‘can I fist you while your boyfriend fucks my ass…for science’
2025-02-25,Henry Woods,I’ll sponsor it,TARGET,2025-02-25,14:22:40,Henry Woods,I’ll sponsor it
2025-02-25,Henry Woods,I’ll sponsor it,AFTER,2025-02-25,14:22:44,Cady,This has been my dream for a while
2025-02-25,Henry Woods,I’ll sponsor it,AFTER,2025-02-25,14:23:03,Cady,Dom got really mad at me cause I wanted to chat about sex with his doctor friend lol
2025-02-25,Henry Woods,I’ll sponsor it,AFTER,2025-02-25,14:24:05,Cady,But it’s like a genuine autistic esque obsession
2025-02-25,Henry Woods,I’ll sponsor it,AFTER,2025-02-25,14:24:46,Cady,And obviously we have a global problem with lack of dental sexuality research about anything so I’d like to do something about female pleasure
2025-02-25,Henry Woods,I’ll sponsor it,AFTER,2025-02-25,14:24:53,Cady,And get creative with male as well
2025-02-25,Henry Woods,I’ll sponsor it,AFTER,2025-02-25,14:25:02,Cady,I wanna know why you cum so amazingly compared to everyone else
2025-02-25,Henry Woods,I’ll sponsor it,AFTER,2025-02-25,14:25:23,Henry Woods,‘Sponsored by the Henry Woods institute for the promotion of vaginissimus’
2025-02-25,Henry Woods,I’ll sponsor it,AFTER,2025-02-25,14:25:34,Cady,So in love with you
2025-02-25,Henry Woods,I’ll sponsor it,AFTER,2025-02-25,14:25:34,Henry Woods,Dental sexuality?
2025-02-25,Henry Woods,I’ll sponsor it,AFTER,2025-02-25,14:25:54,Cady,Female
2025-02-25,Cady,But literally all other men really hold back,BEFORE,2025-02-25,14:25:23,Henry Woods,‘Sponsored by the Henry Woods institute for the promotion of vaginissimus’
2025-02-25,Cady,But literally all other men really hold back,BEFORE,2025-02-25,14:25:34,Cady,So in love with you
2025-02-25,Cady,But literally all other men really hold back,BEFORE,2025-02-25,14:25:34,Henry Woods,Dental sexuality?
2025-02-25,Cady,But literally all other men really hold back,BEFORE,2025-02-25,14:25:54,Cady,Female
2025-02-25,Cady,But literally all other men really hold back,BEFORE,2025-02-25,14:25:57,Cady,Weird autocorrect
2025-02-25,Cady,But literally all other men really hold back,BEFORE,2025-02-25,14:26:15,Henry Woods,Practise
2025-02-25,Cady,But literally all other men really hold back,BEFORE,2025-02-25,14:26:19,Henry Woods,I guess
2025-02-25,Cady,But literally all other men really hold back,BEFORE,2025-02-25,14:26:32,Henry Woods,But then again maybe I practise cause it feels great
2025-02-25,Cady,But literally all other men really hold back,BEFORE,2025-02-25,14:26:37,Cady,I think you’re more fully open to the whole experience of it
2025-02-25,Cady,But literally all other men really hold back,BEFORE,2025-02-25,14:26:45,Henry Woods,But also it’s probably just cause I work from home ð
2025-02-25,Cady,But literally all other men really hold back,TARGET,2025-02-25,14:26:49,Cady,But literally all other men really hold back
2025-02-25,Cady,But literally all other men really hold back,AFTER,2025-02-25,14:26:53,Cady,Nah
2025-02-25,Cady,But literally all other men really hold back,AFTER,2025-02-25,14:27:13,Henry Woods,Really?
2025-02-25,Cady,But literally all other men really hold back,AFTER,2025-02-25,14:27:43,Cady,Yes it’s a huge stark contrast
2025-02-25,Cady,But literally all other men really hold back,AFTER,2025-02-25,14:27:52,Henry Woods,Huh
2025-02-25,Cady,But literally all other men really hold back,AFTER,2025-02-25,14:27:59,Cady,Between you and other guys
2025-02-25,Cady,But literally all other men really hold back,AFTER,2025-02-25,14:28:27,Cady,It seems like an amazing full body experience that reminds me of my own orgasms
2025-02-25,Cady,But literally all other men really hold back,AFTER,2025-02-25,14:28:58,Cady,But I think other men are like used to being more rigid or less expressive / comfortable sexually that you just let it out
2025-02-25,Cady,But literally all other men really hold back,AFTER,2025-02-25,14:29:01,Henry Woods,I guess I do like to get my whole body involved
2025-02-25,Cady,But literally all other men really hold back,AFTER,2025-02-25,14:29:10,Henry Woods,But I wouldn’t say ‘whole body orgasm’
2025-02-25,Cady,But literally all other men really hold back,AFTER,2025-02-25,14:29:18,Cady,Oh ok
2025-02-25,Cady,Between you and other guys,BEFORE,2025-02-25,14:26:15,Henry Woods,Practise
2025-02-25,Cady,Between you and other guys,BEFORE,2025-02-25,14:26:19,Henry Woods,I guess
2025-02-25,Cady,Between you and other guys,BEFORE,2025-02-25,14:26:32,Henry Woods,But then again maybe I practise cause it feels great
2025-02-25,Cady,Between you and other guys,BEFORE,2025-02-25,14:26:37,Cady,I think you’re more fully open to the whole experience of it
2025-02-25,Cady,Between you and other guys,BEFORE,2025-02-25,14:26:45,Henry Woods,But also it’s probably just cause I work from home ð
2025-02-25,Cady,Between you and other guys,BEFORE,2025-02-25,14:26:49,Cady,But literally all other men really hold back
2025-02-25,Cady,Between you and other guys,BEFORE,2025-02-25,14:26:53,Cady,Nah
2025-02-25,Cady,Between you and other guys,BEFORE,2025-02-25,14:27:13,Henry Woods,Really?
2025-02-25,Cady,Between you and other guys,BEFORE,2025-02-25,14:27:43,Cady,Yes it’s a huge stark contrast
2025-02-25,Cady,Between you and other guys,BEFORE,2025-02-25,14:27:52,Henry Woods,Huh
2025-02-25,Cady,Between you and other guys,TARGET,2025-02-25,14:27:59,Cady,Between you and other guys
2025-02-25,Cady,Between you and other guys,AFTER,2025-02-25,14:28:27,Cady,It seems like an amazing full body experience that reminds me of my own orgasms
2025-02-25,Cady,Between you and other guys,AFTER,2025-02-25,14:28:58,Cady,But I think other men are like used to being more rigid or less expressive / comfortable sexually that you just let it out
2025-02-25,Cady,Between you and other guys,AFTER,2025-02-25,14:29:01,Henry Woods,I guess I do like to get my whole body involved
2025-02-25,Cady,Between you and other guys,AFTER,2025-02-25,14:29:10,Henry Woods,But I wouldn’t say ‘whole body orgasm’
2025-02-25,Cady,Between you and other guys,AFTER,2025-02-25,14:29:18,Cady,Oh ok
2025-02-25,Cady,Between you and other guys,AFTER,2025-02-25,14:29:46,Henry Woods,"But like yeah I love feeling all my muscles in different places relax, especially after exertion ð"
2025-02-25,Cady,Between you and other guys,AFTER,2025-02-25,14:29:54,Cady,Yeahhh
2025-02-25,Cady,Between you and other guys,AFTER,2025-02-25,14:30:28,Henry Woods,And like being expressive
2025-02-25,Cady,Between you and other guys,AFTER,2025-02-25,14:30:44,Henry Woods,And then also the feeling of body contact is heightened
2025-02-25,Cady,Between you and other guys,AFTER,2025-02-25,14:30:49,Cady,Mmm
2025-02-25,Cady,But I think other men are like used to being more rigid or less expressive / comfortable sexually that you just let it out,BEFORE,2025-02-25,14:26:32,Henry Woods,But then again maybe I practise cause it feels great
2025-02-25,Cady,But I think other men are like used to being more rigid or less expressive / comfortable sexually that you just let it out,BEFORE,2025-02-25,14:26:37,Cady,I think you’re more fully open to the whole experience of it
2025-02-25,Cady,But I think other men are like used to being more rigid or less expressive / comfortable sexually that you just let it out,BEFORE,2025-02-25,14:26:45,Henry Woods,But also it’s probably just cause I work from home ð
2025-02-25,Cady,But I think other men are like used to being more rigid or less expressive / comfortable sexually that you just let it out,BEFORE,2025-02-25,14:26:49,Cady,But literally all other men really hold back
2025-02-25,Cady,But I think other men are like used to being more rigid or less expressive / comfortable sexually that you just let it out,BEFORE,2025-02-25,14:26:53,Cady,Nah
2025-02-25,Cady,But I think other men are like used to being more rigid or less expressive / comfortable sexually that you just let it out,BEFORE,2025-02-25,14:27:13,Henry Woods,Really?
2025-02-25,Cady,But I think other men are like used to being more rigid or less expressive / comfortable sexually that you just let it out,BEFORE,2025-02-25,14:27:43,Cady,Yes it’s a huge stark contrast
2025-02-25,Cady,But I think other men are like used to being more rigid or less expressive / comfortable sexually that you just let it out,BEFORE,2025-02-25,14:27:52,Henry Woods,Huh
2025-02-25,Cady,But I think other men are like used to being more rigid or less expressive / comfortable sexually that you just let it out,BEFORE,2025-02-25,14:27:59,Cady,Between you and other guys
2025-02-25,Cady,But I think other men are like used to being more rigid or less expressive / comfortable sexually that you just let it out,BEFORE,2025-02-25,14:28:27,Cady,It seems like an amazing full body experience that reminds me of my own orgasms
2025-02-25,Cady,But I think other men are like used to being more rigid or less expressive / comfortable sexually that you just let it out,TARGET,2025-02-25,14:28:58,Cady,But I think other men are like used to being more rigid or less expressive / comfortable sexually that you just let it out
2025-02-25,Cady,But I think other men are like used to being more rigid or less expressive / comfortable sexually that you just let it out,AFTER,2025-02-25,14:29:01,Henry Woods,I guess I do like to get my whole body involved
2025-02-25,Cady,But I think other men are like used to being more rigid or less expressive / comfortable sexually that you just let it out,AFTER,2025-02-25,14:29:10,Henry Woods,But I wouldn’t say ‘whole body orgasm’
2025-02-25,Cady,But I think other men are like used to being more rigid or less expressive / comfortable sexually that you just let it out,AFTER,2025-02-25,14:29:18,Cady,Oh ok
2025-02-25,Cady,But I think other men are like used to being more rigid or less expressive / comfortable sexually that you just let it out,AFTER,2025-02-25,14:29:46,Henry Woods,"But like yeah I love feeling all my muscles in different places relax, especially after exertion ð"
2025-02-25,Cady,But I think other men are like used to being more rigid or less expressive / comfortable sexually that you just let it out,AFTER,2025-02-25,14:29:54,Cady,Yeahhh
2025-02-25,Cady,But I think other men are like used to being more rigid or less expressive / comfortable sexually that you just let it out,AFTER,2025-02-25,14:30:28,Henry Woods,And like being expressive
2025-02-25,Cady,But I think other men are like used to being more rigid or less expressive / comfortable sexually that you just let it out,AFTER,2025-02-25,14:30:44,Henry Woods,And then also the feeling of body contact is heightened
2025-02-25,Cady,But I think other men are like used to being more rigid or less expressive / comfortable sexually that you just let it out,AFTER,2025-02-25,14:30:49,Cady,Mmm
2025-02-25,Cady,But I think other men are like used to being more rigid or less expressive / comfortable sexually that you just let it out,AFTER,2025-02-25,14:30:55,Cady,Now I want to strap you to the bed
2025-02-25,Cady,But I think other men are like used to being more rigid or less expressive / comfortable sexually that you just let it out,AFTER,2025-02-25,14:31:02,Henry Woods,And yeah I tend to make it last longer than other guys seem to
2025-02-25,Henry Woods,And yeah I tend to make it last longer than other guys seem to,BEFORE,2025-02-25,14:28:58,Cady,But I think other men are like used to being more rigid or less expressive / comfortable sexually that you just let it out
2025-02-25,Henry Woods,And yeah I tend to make it last longer than other guys seem to,BEFORE,2025-02-25,14:29:01,Henry Woods,I guess I do like to get my whole body involved
2025-02-25,Henry Woods,And yeah I tend to make it last longer than other guys seem to,BEFORE,2025-02-25,14:29:10,Henry Woods,But I wouldn’t say ‘whole body orgasm’
2025-02-25,Henry Woods,And yeah I tend to make it last longer than other guys seem to,BEFORE,2025-02-25,14:29:18,Cady,Oh ok
2025-02-25,Henry Woods,And yeah I tend to make it last longer than other guys seem to,BEFORE,2025-02-25,14:29:46,Henry Woods,"But like yeah I love feeling all my muscles in different places relax, especially after exertion ð"
2025-02-25,Henry Woods,And yeah I tend to make it last longer than other guys seem to,BEFORE,2025-02-25,14:29:54,Cady,Yeahhh
2025-02-25,Henry Woods,And yeah I tend to make it last longer than other guys seem to,BEFORE,2025-02-25,14:30:28,Henry Woods,And like being expressive
2025-02-25,Henry Woods,And yeah I tend to make it last longer than other guys seem to,BEFORE,2025-02-25,14:30:44,Henry Woods,And then also the feeling of body contact is heightened
2025-02-25,Henry Woods,And yeah I tend to make it last longer than other guys seem to,BEFORE,2025-02-25,14:30:49,Cady,Mmm
2025-02-25,Henry Woods,And yeah I tend to make it last longer than other guys seem to,BEFORE,2025-02-25,14:30:55,Cady,Now I want to strap you to the bed
2025-02-25,Henry Woods,And yeah I tend to make it last longer than other guys seem to,TARGET,2025-02-25,14:31:02,Henry Woods,And yeah I tend to make it last longer than other guys seem to
2025-02-25,Henry Woods,And yeah I tend to make it last longer than other guys seem to,AFTER,2025-02-25,14:31:09,Cady,Yeah that too
2025-02-25,Henry Woods,And yeah I tend to make it last longer than other guys seem to,AFTER,2025-02-25,14:31:24,Henry Woods,"Also, tensing my dick so that it expands and really pumps cum into you ð¤ \<This message was edited\>"
2025-02-25,Henry Woods,And yeah I tend to make it last longer than other guys seem to,AFTER,2025-02-25,14:31:32,Henry Woods,Properly throbs
2025-02-25,Henry Woods,And yeah I tend to make it last longer than other guys seem to,AFTER,2025-02-25,14:31:44,Cady,I want to tease the fuck out of you until you can’t hold it backkkkk
2025-02-25,Henry Woods,And yeah I tend to make it last longer than other guys seem to,AFTER,2025-02-25,14:31:57,Cady,Mmmm ugh need to be with you to see it throbbing
2025-02-25,Henry Woods,And yeah I tend to make it last longer than other guys seem to,AFTER,2025-02-25,14:32:02,Henry Woods,Heheh yesss
2025-02-25,Henry Woods,And yeah I tend to make it last longer than other guys seem to,AFTER,2025-02-25,14:32:37,Henry Woods,Yesss
2025-02-25,Henry Woods,And yeah I tend to make it last longer than other guys seem to,AFTER,2025-02-25,14:32:46,Cady,Unf need to be an expert of your cock
2025-02-25,Henry Woods,And yeah I tend to make it last longer than other guys seem to,AFTER,2025-02-25,14:32:53,Cady,And vice versa with my clit
2025-02-25,Henry Woods,And yeah I tend to make it last longer than other guys seem to,AFTER,2025-02-25,14:33:00,Henry Woods,Yesss
2025-02-26,Henry Woods,‘…and random men with big dicks’,BEFORE,2025-02-26,15:19:52,Henry Woods,Class?
2025-02-26,Henry Woods,‘…and random men with big dicks’,BEFORE,2025-02-26,15:20:36,Cady,Means ass \<This message was edited\>
2025-02-26,Henry Woods,‘…and random men with big dicks’,BEFORE,2025-02-26,15:21:02,Henry Woods,Ohh
2025-02-26,Henry Woods,‘…and random men with big dicks’,BEFORE,2025-02-26,15:21:08,Henry Woods,Well I don’t blame him
2025-02-26,Henry Woods,‘…and random men with big dicks’,BEFORE,2025-02-26,15:21:21,Henry Woods,I’d be talking about it too
2025-02-26,Henry Woods,‘…and random men with big dicks’,BEFORE,2025-02-26,15:21:37,Henry Woods,And he hasn’t learnt that it’s not okay yet
2025-02-26,Henry Woods,‘…and random men with big dicks’,BEFORE,2025-02-26,15:24:12,Cady,True lol ð
2025-02-26,Henry Woods,‘…and random men with big dicks’,BEFORE,2025-02-26,15:24:30,Cady,We talked a lot about what respect means
2025-02-26,Henry Woods,‘…and random men with big dicks’,BEFORE,2025-02-26,15:28:04,Henry Woods,‘Only daddy gets to disrespect me’
2025-02-26,Henry Woods,‘…and random men with big dicks’,BEFORE,2025-02-26,15:28:16,Henry Woods,‘…and anyone he shares me with’
2025-02-26,Henry Woods,‘…and random men with big dicks’,TARGET,2025-02-26,15:28:29,Henry Woods,‘…and random men with big dicks’
2025-02-26,Henry Woods,‘…and random men with big dicks’,AFTER,2025-02-26,15:28:32,Cady,Hahahahaha unfffff
2025-02-26,Henry Woods,‘…and random men with big dicks’,AFTER,2025-02-26,15:28:41,Henry Woods,‘…and their girlfriends’
2025-02-26,Henry Woods,‘…and random men with big dicks’,AFTER,2025-02-26,15:28:48,Cady,Mmmbaby si si si
2025-02-26,Henry Woods,‘…and random men with big dicks’,AFTER,2025-02-26,15:29:12,Henry Woods,"‘In fact, just respect me till you’re 18’"
2025-02-26,Henry Woods,‘…and random men with big dicks’,AFTER,2025-02-26,15:29:22,Cady,Bahahahah
2025-02-26,Henry Woods,‘…and random men with big dicks’,AFTER,2025-02-26,15:29:46,Cady,It’s a good thing I’ve stayed away from their parents
2025-02-26,Henry Woods,‘…and random men with big dicks’,AFTER,2025-02-26,15:31:35,Cady,Turns out I don’t have to teach today. We’re prepping for the black history program for the rest of the week
2025-02-26,Henry Woods,‘…and random men with big dicks’,AFTER,2025-02-26,15:32:44,Henry Woods,"Shame, bet there are plenty of hot dads with BBC’s"
2025-02-26,Henry Woods,‘…and random men with big dicks’,AFTER,2025-02-26,15:32:57,Cady,I would bet the majority
2025-02-26,Henry Woods,‘…and random men with big dicks’,AFTER,2025-02-26,15:33:39,Henry Woods,Could start a parent - teacher after school program
2025-02-26,Henry Woods,But be upfront that you have an onlyfans,BEFORE,2025-02-26,15:31:35,Cady,Turns out I don’t have to teach today. We’re prepping for the black history program for the rest of the week
2025-02-26,Henry Woods,But be upfront that you have an onlyfans,BEFORE,2025-02-26,15:32:44,Henry Woods,"Shame, bet there are plenty of hot dads with BBC’s"
2025-02-26,Henry Woods,But be upfront that you have an onlyfans,BEFORE,2025-02-26,15:32:57,Cady,I would bet the majority
2025-02-26,Henry Woods,But be upfront that you have an onlyfans,BEFORE,2025-02-26,15:33:39,Henry Woods,Could start a parent - teacher after school program
2025-02-26,Henry Woods,But be upfront that you have an onlyfans,BEFORE,2025-02-26,15:34:16,Henry Woods,“Miss Cady will be meeting the single dads after class to teach them how to properly disrespect a woman”
2025-02-26,Henry Woods,But be upfront that you have an onlyfans,BEFORE,2025-02-26,15:35:08,Henry Woods,You could use it as incentive to get them involved in their children’s education
2025-02-26,Henry Woods,But be upfront that you have an onlyfans,BEFORE,2025-02-26,15:35:48,Henry Woods,"‘Every time your child hands in their homework on time, you get to pick a hole’"
2025-02-26,Henry Woods,But be upfront that you have an onlyfans,BEFORE,2025-02-26,15:43:30,Cady,Hahahaha
2025-02-26,Henry Woods,But be upfront that you have an onlyfans,BEFORE,2025-02-26,15:43:37,Cady,How can I actually do that
2025-02-26,Henry Woods,But be upfront that you have an onlyfans,BEFORE,2025-02-26,16:00:19,Henry Woods,Maybe be a part time primary school teacher over here
2025-02-26,Henry Woods,But be upfront that you have an onlyfans,TARGET,2025-02-26,16:00:30,Henry Woods,But be upfront that you have an onlyfans
2025-02-26,Henry Woods,But be upfront that you have an onlyfans,AFTER,2025-02-26,16:00:46,Henry Woods,"Hmm, it would be hard"
2025-02-26,Henry Woods,But be upfront that you have an onlyfans,AFTER,2025-02-26,16:01:14,Henry Woods,Or like just be a teacher but flirt with the dads and risk getting caught
2025-02-26,Henry Woods,But be upfront that you have an onlyfans,AFTER,2025-02-26,16:23:39,Cady,lol Chelsea posted to my instagram for me
2025-02-26,Henry Woods,But be upfront that you have an onlyfans,AFTER,2025-02-26,16:23:42,Cady,New insta feature
2025-02-26,Henry Woods,But be upfront that you have an onlyfans,AFTER,2025-02-26,16:23:47,Cady,I guess I’m back on socials now
2025-02-26,Henry Woods,But be upfront that you have an onlyfans,AFTER,2025-02-26,16:23:55,Henry Woods,Aha
2025-02-26,Henry Woods,But be upfront that you have an onlyfans,AFTER,2025-02-26,16:24:08,Cady,That’s a great idea. I’d love to do it regardless
2025-02-26,Henry Woods,But be upfront that you have an onlyfans,AFTER,2025-02-26,16:24:28,Cady,lol the post she did was why I asked you what’d you say for humans of New York
2025-02-26,Henry Woods,But be upfront that you have an onlyfans,AFTER,2025-02-26,16:24:37,Henry Woods,As long as it doesn’t get in the way of your main job
2025-02-26,Henry Woods,But be upfront that you have an onlyfans,AFTER,2025-02-26,16:24:45,Cady,Right
2025-02-26,Henry Woods,And maybe get some other guys to invest in you too,BEFORE,2025-02-26,16:30:05,Cady,It takes so much time and support needed to be successful with it
2025-02-26,Henry Woods,And maybe get some other guys to invest in you too,BEFORE,2025-02-26,16:30:28,Henry Woods,Henry forfeits the protections afforded if he cums anywhere other than your holes/Cady-approved holes
2025-02-26,Henry Woods,And maybe get some other guys to invest in you too,BEFORE,2025-02-26,16:30:57,Henry Woods,Cady forfeits the protections if Henry ever has to jerk off
2025-02-26,Henry Woods,And maybe get some other guys to invest in you too,BEFORE,2025-02-26,16:31:02,Cady,Hahaha yes
2025-02-26,Henry Woods,And maybe get some other guys to invest in you too,BEFORE,2025-02-26,16:31:07,Cady,God damn I looooove you
2025-02-26,Henry Woods,And maybe get some other guys to invest in you too,BEFORE,2025-02-26,16:31:38,Henry Woods,Hehehe
2025-02-26,Henry Woods,And maybe get some other guys to invest in you too,BEFORE,2025-02-26,16:31:45,Henry Woods,I love you too
2025-02-26,Henry Woods,And maybe get some other guys to invest in you too,BEFORE,2025-02-26,16:32:27,Cady,Heheheh ugh I love everything
2025-02-26,Henry Woods,And maybe get some other guys to invest in you too,BEFORE,2025-02-26,16:32:35,Henry Woods,Me too
2025-02-26,Henry Woods,And maybe get some other guys to invest in you too,BEFORE,2025-02-26,16:35:13,Henry Woods,I wanna support it :)
2025-02-26,Henry Woods,And maybe get some other guys to invest in you too,TARGET,2025-02-26,16:35:24,Henry Woods,And maybe get some other guys to invest in you too
2025-02-26,Henry Woods,And maybe get some other guys to invest in you too,AFTER,2025-02-26,16:35:48,Henry Woods,Help set you up in exchange for lifetime use of a pornstar
2025-02-26,Henry Woods,And maybe get some other guys to invest in you too,AFTER,2025-02-26,16:36:22,Cady,Hehehe let’s pray to find some sugar daddies
2025-02-26,Henry Woods,And maybe get some other guys to invest in you too,AFTER,2025-02-26,16:36:40,Henry Woods,It’s gonna be so easy :p
2025-02-26,Henry Woods,And maybe get some other guys to invest in you too,AFTER,2025-02-26,16:36:46,Henry Woods,Get you on seeking arrangement
2025-02-26,Henry Woods,And maybe get some other guys to invest in you too,AFTER,2025-02-26,16:37:02,Cady,I think I still have an account
2025-02-26,Henry Woods,And maybe get some other guys to invest in you too,AFTER,2025-02-26,16:37:19,Cady,I tried two years ago but I think I was too depressed to not give off a desperate vibe lol
2025-02-26,Henry Woods,And maybe get some other guys to invest in you too,AFTER,2025-02-26,16:37:44,Henry Woods,We’ll work out the tone
2025-02-26,Henry Woods,And maybe get some other guys to invest in you too,AFTER,2025-02-26,16:38:25,Henry Woods,I like the idea of them buying you off me for an evening
2025-02-26,Henry Woods,And maybe get some other guys to invest in you too,AFTER,2025-02-26,16:38:30,Cady,Oooh yes
2025-02-26,Henry Woods,And maybe get some other guys to invest in you too,AFTER,2025-02-26,16:40:36,Cady,Mmmmhm
2025-02-26,Cady,Hehehe let’s pray to find some sugar daddies,BEFORE,2025-02-26,16:30:57,Henry Woods,Cady forfeits the protections if Henry ever has to jerk off
2025-02-26,Cady,Hehehe let’s pray to find some sugar daddies,BEFORE,2025-02-26,16:31:02,Cady,Hahaha yes
2025-02-26,Cady,Hehehe let’s pray to find some sugar daddies,BEFORE,2025-02-26,16:31:07,Cady,God damn I looooove you
2025-02-26,Cady,Hehehe let’s pray to find some sugar daddies,BEFORE,2025-02-26,16:31:38,Henry Woods,Hehehe
2025-02-26,Cady,Hehehe let’s pray to find some sugar daddies,BEFORE,2025-02-26,16:31:45,Henry Woods,I love you too
2025-02-26,Cady,Hehehe let’s pray to find some sugar daddies,BEFORE,2025-02-26,16:32:27,Cady,Heheheh ugh I love everything
2025-02-26,Cady,Hehehe let’s pray to find some sugar daddies,BEFORE,2025-02-26,16:32:35,Henry Woods,Me too
2025-02-26,Cady,Hehehe let’s pray to find some sugar daddies,BEFORE,2025-02-26,16:35:13,Henry Woods,I wanna support it :)
2025-02-26,Cady,Hehehe let’s pray to find some sugar daddies,BEFORE,2025-02-26,16:35:24,Henry Woods,And maybe get some other guys to invest in you too
2025-02-26,Cady,Hehehe let’s pray to find some sugar daddies,BEFORE,2025-02-26,16:35:48,Henry Woods,Help set you up in exchange for lifetime use of a pornstar
2025-02-26,Cady,Hehehe let’s pray to find some sugar daddies,TARGET,2025-02-26,16:36:22,Cady,Hehehe let’s pray to find some sugar daddies
2025-02-26,Cady,Hehehe let’s pray to find some sugar daddies,AFTER,2025-02-26,16:36:40,Henry Woods,It’s gonna be so easy :p
2025-02-26,Cady,Hehehe let’s pray to find some sugar daddies,AFTER,2025-02-26,16:36:46,Henry Woods,Get you on seeking arrangement
2025-02-26,Cady,Hehehe let’s pray to find some sugar daddies,AFTER,2025-02-26,16:37:02,Cady,I think I still have an account
2025-02-26,Cady,Hehehe let’s pray to find some sugar daddies,AFTER,2025-02-26,16:37:19,Cady,I tried two years ago but I think I was too depressed to not give off a desperate vibe lol
2025-02-26,Cady,Hehehe let’s pray to find some sugar daddies,AFTER,2025-02-26,16:37:44,Henry Woods,We’ll work out the tone
2025-02-26,Cady,Hehehe let’s pray to find some sugar daddies,AFTER,2025-02-26,16:38:25,Henry Woods,I like the idea of them buying you off me for an evening
2025-02-26,Cady,Hehehe let’s pray to find some sugar daddies,AFTER,2025-02-26,16:38:30,Cady,Oooh yes
2025-02-26,Cady,Hehehe let’s pray to find some sugar daddies,AFTER,2025-02-26,16:40:36,Cady,Mmmmhm
2025-02-26,Cady,Hehehe let’s pray to find some sugar daddies,AFTER,2025-02-26,16:40:41,Cady,Anything for my daddy
2025-02-26,Cady,Hehehe let’s pray to find some sugar daddies,AFTER,2025-02-26,16:41:07,Henry Woods,Hehe ð
2025-02-26,Henry Woods,"like, ‘these men get to fuck me like the gutter slut I am, you aren’t even worthy of fucking the gutter slut'",BEFORE,2025-02-26,16:53:48,Cady,Yes
2025-02-26,Henry Woods,"like, ‘these men get to fuck me like the gutter slut I am, you aren’t even worthy of fucking the gutter slut'",BEFORE,2025-02-26,16:54:00,Cady,What about findom
2025-02-26,Henry Woods,"like, ‘these men get to fuck me like the gutter slut I am, you aren’t even worthy of fucking the gutter slut'",BEFORE,2025-02-26,16:54:41,Henry Woods,it’s never done much for me but I’m sure it would be fun
2025-02-26,Henry Woods,"like, ‘these men get to fuck me like the gutter slut I am, you aren’t even worthy of fucking the gutter slut'",BEFORE,2025-02-26,16:54:51,Cady,Makes sense
2025-02-26,Henry Woods,"like, ‘these men get to fuck me like the gutter slut I am, you aren’t even worthy of fucking the gutter slut'",BEFORE,2025-02-26,16:54:53,Cady,I wanna do it
2025-02-26,Henry Woods,"like, ‘these men get to fuck me like the gutter slut I am, you aren’t even worthy of fucking the gutter slut'",BEFORE,2025-02-26,16:54:53,Henry Woods,my one trepidation: find a niche
2025-02-26,Henry Woods,"like, ‘these men get to fuck me like the gutter slut I am, you aren’t even worthy of fucking the gutter slut'",BEFORE,2025-02-26,16:54:58,Henry Woods,nice
2025-02-26,Henry Woods,"like, ‘these men get to fuck me like the gutter slut I am, you aren’t even worthy of fucking the gutter slut'",BEFORE,2025-02-26,16:55:09,Henry Woods,"well I know some people who do it professionally, will link you up"
2025-02-26,Henry Woods,"like, ‘these men get to fuck me like the gutter slut I am, you aren’t even worthy of fucking the gutter slut'",BEFORE,2025-02-26,16:55:44,Henry Woods,"ie. reckon you’d need to have multiple profiles, each geared towards a different market"
2025-02-26,Henry Woods,"like, ‘these men get to fuck me like the gutter slut I am, you aren’t even worthy of fucking the gutter slut'",BEFORE,2025-02-26,16:55:54,Henry Woods,or build it in
2025-02-26,Henry Woods,"like, ‘these men get to fuck me like the gutter slut I am, you aren’t even worthy of fucking the gutter slut'",TARGET,2025-02-26,16:56:37,Henry Woods,"like, ‘these men get to fuck me like the gutter slut I am, you aren’t even worthy of fucking the gutter slut'"
2025-02-26,Henry Woods,"like, ‘these men get to fuck me like the gutter slut I am, you aren’t even worthy of fucking the gutter slut'",AFTER,2025-02-26,16:57:03,Henry Woods,‘pay the fuck up’
2025-02-26,Henry Woods,"like, ‘these men get to fuck me like the gutter slut I am, you aren’t even worthy of fucking the gutter slut'",AFTER,2025-02-26,16:57:39,Henry Woods,/‘keep paying so I can keep getting railed for free’
2025-02-26,Henry Woods,"like, ‘these men get to fuck me like the gutter slut I am, you aren’t even worthy of fucking the gutter slut'",AFTER,2025-02-26,16:58:49,Henry Woods,"unf, desperately need you to be here to blow me rn"
2025-02-26,Henry Woods,"like, ‘these men get to fuck me like the gutter slut I am, you aren’t even worthy of fucking the gutter slut'",AFTER,2025-02-26,16:58:51,Cady,Wonderful
2025-02-26,Henry Woods,"like, ‘these men get to fuck me like the gutter slut I am, you aren’t even worthy of fucking the gutter slut'",AFTER,2025-02-26,16:58:58,Cady,Yes
2025-02-26,Henry Woods,"like, ‘these men get to fuck me like the gutter slut I am, you aren’t even worthy of fucking the gutter slut'",AFTER,2025-02-26,16:59:06,Cady,Exactly
2025-02-26,Henry Woods,"like, ‘these men get to fuck me like the gutter slut I am, you aren’t even worthy of fucking the gutter slut'",AFTER,2025-02-26,16:59:15,Cady,lol imagine our lives without each other
2025-02-26,Henry Woods,"like, ‘these men get to fuck me like the gutter slut I am, you aren’t even worthy of fucking the gutter slut'",AFTER,2025-02-26,16:59:17,Cady,So sad
2025-02-26,Henry Woods,"like, ‘these men get to fuck me like the gutter slut I am, you aren’t even worthy of fucking the gutter slut'",AFTER,2025-02-26,16:59:32,Henry Woods,I know
2025-02-26,Henry Woods,"like, ‘these men get to fuck me like the gutter slut I am, you aren’t even worthy of fucking the gutter slut'",AFTER,2025-02-26,16:59:43,Henry Woods,I don’t wanna \<This message was edited\>
2025-02-26,Cady,Nah I’m just gonna start messaging guys,BEFORE,2025-02-26,17:08:18,Cady,Oh thank you you clever man
2025-02-26,Cady,Nah I’m just gonna start messaging guys,BEFORE,2025-02-26,17:09:19,Henry Woods,I could have a response to it
2025-02-26,Cady,Nah I’m just gonna start messaging guys,BEFORE,2025-02-26,17:09:50,Cady,Mmmm hot
2025-02-26,Cady,Nah I’m just gonna start messaging guys,BEFORE,2025-02-26,17:11:01,Henry Woods,‘and I thank my princess for giving herself to me'
2025-02-26,Cady,Nah I’m just gonna start messaging guys,BEFORE,2025-02-26,17:11:12,Cady,Dawww
2025-02-26,Cady,Nah I’m just gonna start messaging guys,BEFORE,2025-02-26,17:12:00,Henry Woods,awww
2025-02-26,Cady,Nah I’m just gonna start messaging guys,BEFORE,2025-02-26,17:12:30,Henry Woods,unf I just want to fuckkk youuuuuuuuuuu
2025-02-26,Cady,Nah I’m just gonna start messaging guys,BEFORE,2025-02-26,17:15:05,Cady,Unfff same
2025-02-26,Cady,Nah I’m just gonna start messaging guys,BEFORE,2025-02-26,17:15:11,Cady,My pussy is throbbing
2025-02-26,Cady,Nah I’m just gonna start messaging guys,BEFORE,2025-02-26,17:55:54,Cady,Should we do this
2025-02-26,Cady,Nah I’m just gonna start messaging guys,TARGET,2025-02-26,18:05:06,Cady,Nah I’m just gonna start messaging guys
2025-02-26,Cady,Nah I’m just gonna start messaging guys,AFTER,2025-02-26,18:15:13,Henry Woods,"yes, but maybe once you get here"
2025-02-26,Cady,Nah I’m just gonna start messaging guys,AFTER,2025-02-26,18:19:04,Cady,Just cast a wide net
2025-02-26,Cady,Nah I’m just gonna start messaging guys,AFTER,2025-02-26,18:19:24,Cady,Can’t believe I haven’t thought to do this recently
2025-02-26,Cady,Nah I’m just gonna start messaging guys,AFTER,2025-02-26,19:25:39,Cady,lol shut me down for a min cause I can’t solicit sex
2025-02-26,Cady,Nah I’m just gonna start messaging guys,AFTER,2025-02-26,19:34:19,Henry Woods,lol
2025-02-26,Cady,Nah I’m just gonna start messaging guys,AFTER,2025-02-26,19:34:19,Henry Woods,yes
2025-02-26,Cady,Nah I’m just gonna start messaging guys,AFTER,2025-02-26,19:34:52,Henry Woods,"‘we know this is why you’re here, but you have to pretend'"
2025-02-26,Cady,Nah I’m just gonna start messaging guys,AFTER,2025-02-26,19:36:18,Cady,Yes
2025-02-26,Cady,Nah I’m just gonna start messaging guys,AFTER,2025-02-26,19:36:23,Cady,Submitting a ticket
2025-02-26,Cady,Nah I’m just gonna start messaging guys,AFTER,2025-02-26,19:36:31,Cady,I’m back on but not allowed to message
2025-02-26,Cady,Hehe some of the guys messaging me are in London,BEFORE,2025-02-26,19:36:23,Cady,Submitting a ticket
2025-02-26,Cady,Hehe some of the guys messaging me are in London,BEFORE,2025-02-26,19:36:31,Cady,I’m back on but not allowed to message
2025-02-26,Cady,Hehe some of the guys messaging me are in London,BEFORE,2025-02-26,19:36:37,Cady,And I’m getting messages already hehehe
2025-02-26,Cady,Hehe some of the guys messaging me are in London,BEFORE,2025-02-26,19:36:41,Henry Woods,heheh
2025-02-26,Cady,Hehe some of the guys messaging me are in London,BEFORE,2025-02-26,19:37:59,Cady,I would love to quit my job
2025-02-26,Cady,Hehe some of the guys messaging me are in London,BEFORE,2025-02-26,19:38:10,Cady,At the fennec
2025-02-26,Cady,Hehe some of the guys messaging me are in London,BEFORE,2025-02-26,19:38:20,Henry Woods,hehe I’m imagining smart dressed businessmen coming over and talking with them at the kitchen table
2025-02-26,Cady,Hehe some of the guys messaging me are in London,BEFORE,2025-02-26,19:38:28,Henry Woods,them giving me cash so they can take you out to dinner
2025-02-26,Cady,Hehe some of the guys messaging me are in London,BEFORE,2025-02-26,19:38:29,Cady,Mmmm
2025-02-26,Cady,Hehe some of the guys messaging me are in London,BEFORE,2025-02-26,19:38:45,Henry Woods,‘would you like to use her quickly before you head out?'
2025-02-26,Cady,Hehe some of the guys messaging me are in London,TARGET,2025-02-26,19:38:48,Cady,Hehe some of the guys messaging me are in London
2025-02-26,Cady,Hehe some of the guys messaging me are in London,AFTER,2025-02-26,19:38:56,Cady,Yasss eager slut
2025-02-26,Cady,Hehe some of the guys messaging me are in London,AFTER,2025-02-26,19:39:56,Henry Woods,teeheeeeee
2025-02-26,Cady,Hehe some of the guys messaging me are in London,AFTER,2025-02-26,19:40:05,Henry Woods,new toy arrived today
2025-02-26,Cady,Hehe some of the guys messaging me are in London,AFTER,2025-02-26,19:40:11,Henry Woods,just opening it now
2025-02-26,Cady,Hehe some of the guys messaging me are in London,AFTER,2025-02-26,19:40:20,Henry Woods,I think it’s gonna be fun
2025-02-26,Cady,Hehe some of the guys messaging me are in London,AFTER,2025-02-26,20:25:01,Cady,Omg omg
2025-02-26,Cady,Hehe some of the guys messaging me are in London,AFTER,2025-02-26,20:25:02,Cady,Pics
2025-02-26,Cady,Hehe some of the guys messaging me are in London,AFTER,2025-02-26,20:25:12,Cady,Shit I turned my WiFi on and didn’t see your messages
2025-02-26,Cady,Hehe some of the guys messaging me are in London,AFTER,2025-02-26,21:23:49,Henry Woods,All good
2025-02-26,Cady,Hehe some of the guys messaging me are in London,AFTER,2025-02-26,21:27:12,Cady,Omg I think I dreamed about that last night
2025-02-26,Cady,lol babe I might be able to find a sugar daddy this week,BEFORE,2025-02-26,21:27:41,Henry Woods,Hehe
2025-02-26,Cady,lol babe I might be able to find a sugar daddy this week,BEFORE,2025-02-26,21:27:49,Cady,Now I’m salivating
2025-02-26,Cady,lol babe I might be able to find a sugar daddy this week,BEFORE,2025-02-26,21:28:08,Cady,Trying not to sink to my knees
2025-02-26,Cady,lol babe I might be able to find a sugar daddy this week,BEFORE,2025-02-26,21:28:19,Cady,God damn I need you fucking my throat baby
2025-02-26,Cady,lol babe I might be able to find a sugar daddy this week,BEFORE,2025-02-26,21:28:33,Henry Woods,Unf I need it so bad
2025-02-26,Cady,lol babe I might be able to find a sugar daddy this week,BEFORE,2025-02-26,21:28:43,Cady,Less than a week. Less than a week
2025-02-26,Cady,lol babe I might be able to find a sugar daddy this week,BEFORE,2025-02-26,21:28:51,Henry Woods,Been watching so many throatfuck videos
2025-02-26,Cady,lol babe I might be able to find a sugar daddy this week,BEFORE,2025-02-26,21:29:02,Cady,Same
2025-02-26,Cady,lol babe I might be able to find a sugar daddy this week,BEFORE,2025-02-26,21:29:06,Cady,Always gangbangs
2025-02-26,Cady,lol babe I might be able to find a sugar daddy this week,BEFORE,2025-02-26,21:30:22,Cady,Mmmmyummmy
2025-02-26,Cady,lol babe I might be able to find a sugar daddy this week,TARGET,2025-02-26,22:04:53,Cady,lol babe I might be able to find a sugar daddy this week
2025-02-26,Cady,lol babe I might be able to find a sugar daddy this week,AFTER,2025-02-26,22:05:07,Cady,Icing on the cake if I get to quit the restaurant this week
2025-02-26,Cady,lol babe I might be able to find a sugar daddy this week,AFTER,2025-02-26,22:06:43,Henry Woods,lolol
2025-02-26,Cady,lol babe I might be able to find a sugar daddy this week,AFTER,2025-02-26,22:06:52,Henry Woods,I’d expect nothing less
2025-02-26,Cady,lol babe I might be able to find a sugar daddy this week,AFTER,2025-02-26,22:07:00,Henry Woods,tell me?
2025-02-26,Cady,lol babe I might be able to find a sugar daddy this week,AFTER,2025-02-26,22:07:44,Cady,One guy sent me his number and is like I’ll pay you $300 per date
2025-02-26,Cady,lol babe I might be able to find a sugar daddy this week,AFTER,2025-02-26,22:07:50,Cady,I wouldn’t fuck for that
2025-02-26,Cady,lol babe I might be able to find a sugar daddy this week,AFTER,2025-02-26,22:08:03,Henry Woods,but you can upsell ð
2025-02-26,Cady,lol babe I might be able to find a sugar daddy this week,AFTER,2025-02-26,22:08:11,Cady,Exactly
2025-02-26,Cady,lol babe I might be able to find a sugar daddy this week,AFTER,2025-02-26,22:08:19,Henry Woods,"also like, already getting offers"
2025-02-26,Cady,lol babe I might be able to find a sugar daddy this week,AFTER,2025-02-26,22:08:46,Cady,I lost count already
2025-02-26,Henry Woods,I want very different things from most men,BEFORE,2025-02-26,22:11:30,Henry Woods,nice
2025-02-26,Henry Woods,I want very different things from most men,BEFORE,2025-02-26,22:11:33,Cady,Ooops I just got in trouble again for uploading too much skin
2025-02-26,Henry Woods,I want very different things from most men,BEFORE,2025-02-26,22:11:42,Cady,Have to watch a compliance video
2025-02-26,Henry Woods,I want very different things from most men,BEFORE,2025-02-26,22:12:04,Henry Woods,yeah err very much on the side of caution
2025-02-26,Henry Woods,I want very different things from most men,BEFORE,2025-02-26,22:12:08,Cady,About to go meet with that photographer who does gorgeous nudes
2025-02-26,Henry Woods,I want very different things from most men,BEFORE,2025-02-26,22:12:09,Henry Woods,they know why you’re there
2025-02-26,Henry Woods,I want very different things from most men,BEFORE,2025-02-26,22:12:12,Cady,Yeah
2025-02-26,Henry Woods,I want very different things from most men,BEFORE,2025-02-26,22:12:21,Cady,Yeah I need you to gimme some insight into the male brain
2025-02-26,Henry Woods,I want very different things from most men,BEFORE,2025-02-26,22:12:25,Cady,In this arena
2025-02-26,Henry Woods,I want very different things from most men,BEFORE,2025-02-26,22:12:38,Henry Woods,I’m not gonna be much help tbh
2025-02-26,Henry Woods,I want very different things from most men,TARGET,2025-02-26,22:12:57,Henry Woods,I want very different things from most men
2025-02-26,Henry Woods,I want very different things from most men,AFTER,2025-02-26,22:13:17,Henry Woods,but also I’d just say keep seeking classy on the surface
2025-02-26,Henry Woods,I want very different things from most men,AFTER,2025-02-26,22:13:28,Cady,Okkk
2025-02-26,Henry Woods,I want very different things from most men,AFTER,2025-02-26,22:13:32,Cady,Haha fair
2025-02-26,Henry Woods,I want very different things from most men,AFTER,2025-02-26,22:14:06,Henry Woods,you can a) charge more and b) let it out later
2025-02-26,Henry Woods,I want very different things from most men,AFTER,2025-02-26,22:14:21,Cady,My goodness he wants to meet today
2025-02-26,Henry Woods,I want very different things from most men,AFTER,2025-02-26,22:27:59,Cady,Going home to change then making it happen
2025-02-26,Henry Woods,I want very different things from most men,AFTER,2025-02-26,22:28:05,Cady,That was easy. Thanks for the suggestion babyyyyy
2025-02-26,Henry Woods,I want very different things from most men,AFTER,2025-02-26,22:35:11,Cady,Helppp
2025-02-26,Henry Woods,I want very different things from most men,AFTER,2025-02-26,22:35:37,Henry Woods,Hmm
2025-02-26,Henry Woods,I want very different things from most men,AFTER,2025-02-26,22:36:33,Henry Woods,"‘Let me have a think, this is the first time I’ve ever done anything like this and although it’s been a fantasy for a while I’m quite nervous’"
2025-02-27,Cady,Then messages from 23 other guys,BEFORE,2025-02-27,01:15:18,Cady,Obvi
2025-02-27,Cady,Then messages from 23 other guys,BEFORE,2025-02-27,01:16:37,Henry Woods,Also yes
2025-02-27,Cady,Then messages from 23 other guys,BEFORE,2025-02-27,01:17:36,Henry Woods,"Money making, leg spreading, delicious fucking perfect whore"
2025-02-27,Cady,Then messages from 23 other guys,BEFORE,2025-02-27,01:17:45,Henry Woods,And all mine ð
2025-02-27,Cady,Then messages from 23 other guys,BEFORE,2025-02-27,01:18:53,Cady,All yours
2025-02-27,Cady,Then messages from 23 other guys,BEFORE,2025-02-27,01:20:11,Henry Woods,And also: you could definitely do that a few times in an evening ð
2025-02-27,Cady,Then messages from 23 other guys,BEFORE,2025-02-27,01:20:19,Henry Woods,It’s not even late
2025-02-27,Cady,Then messages from 23 other guys,BEFORE,2025-02-27,01:20:33,Henry Woods,Also tell me about this?
2025-02-27,Cady,Then messages from 23 other guys,BEFORE,2025-02-27,01:21:19,Cady,I could def do multiple a day
2025-02-27,Cady,Then messages from 23 other guys,BEFORE,2025-02-27,01:21:38,Cady,Will send screenshots when I get home
2025-02-27,Cady,Then messages from 23 other guys,TARGET,2025-02-27,01:48:47,Cady,Then messages from 23 other guys
2025-02-27,Cady,Then messages from 23 other guys,AFTER,2025-02-27,02:06:21,Henry Woods,hehe
2025-02-27,Cady,Then messages from 23 other guys,AFTER,2025-02-27,02:08:10,Cady,A lovely first day
2025-02-27,Cady,Then messages from 23 other guys,AFTER,2025-02-27,02:08:19,Henry Woods,indeed
2025-02-27,Cady,Then messages from 23 other guys,AFTER,2025-02-27,02:09:10,Cady,I’m considering being nice and working anyway Saturday at the restaurant cause it’s the owners wedding
2025-02-27,Cady,Then messages from 23 other guys,AFTER,2025-02-27,02:09:34,Cady,Tempted to tell my boss why I’m quitting cause he’s a lil low key flirt
2025-02-27,Cady,Then messages from 23 other guys,AFTER,2025-02-27,10:37:00,Henry Woods,hehehe
2025-02-27,Cady,Then messages from 23 other guys,AFTER,2025-02-27,12:22:10,Henry Woods,unf I love you baby
2025-02-27,Cady,Then messages from 23 other guys,AFTER,2025-02-27,13:28:43,Cady,Morning love of my life
2025-02-27,Cady,Then messages from 23 other guys,AFTER,2025-02-27,15:57:50,Cady,Getting blood tests for all my fatigue and all stis
2025-02-27,Cady,Then messages from 23 other guys,AFTER,2025-02-27,15:58:14,Cady,I hope they find something causing fatigue
2025-02-27,Henry Woods,"‘oh yeah, that slut who’s getting double anal ganbanged on screen by 5 guys, bet she’s really prudish with her boyfriend’ said no one ever",BEFORE,2025-02-27,16:17:35,Cady,Awe baby
2025-02-27,Henry Woods,"‘oh yeah, that slut who’s getting double anal ganbanged on screen by 5 guys, bet she’s really prudish with her boyfriend’ said no one ever",BEFORE,2025-02-27,16:18:03,Cady,You so sweet
2025-02-27,Henry Woods,"‘oh yeah, that slut who’s getting double anal ganbanged on screen by 5 guys, bet she’s really prudish with her boyfriend’ said no one ever",BEFORE,2025-02-27,16:22:27,Henry Woods,unffff baby you’re such a sluttttttt ð­ð­ð­ð­
2025-02-27,Henry Woods,"‘oh yeah, that slut who’s getting double anal ganbanged on screen by 5 guys, bet she’s really prudish with her boyfriend’ said no one ever",BEFORE,2025-02-27,16:22:30,Henry Woods,I love it so muchhhh
2025-02-27,Henry Woods,"‘oh yeah, that slut who’s getting double anal ganbanged on screen by 5 guys, bet she’s really prudish with her boyfriend’ said no one ever",BEFORE,2025-02-27,16:23:41,Cady,I just love how you just loving me is opening so much up for me
2025-02-27,Henry Woods,"‘oh yeah, that slut who’s getting double anal ganbanged on screen by 5 guys, bet she’s really prudish with her boyfriend’ said no one ever",BEFORE,2025-02-27,16:26:35,Henry Woods,:))\\
2025-02-27,Henry Woods,"‘oh yeah, that slut who’s getting double anal ganbanged on screen by 5 guys, bet she’s really prudish with her boyfriend’ said no one ever",BEFORE,2025-02-27,16:26:41,Henry Woods,\*it’s all selfish \<This message was edited\>
2025-02-27,Henry Woods,"‘oh yeah, that slut who’s getting double anal ganbanged on screen by 5 guys, bet she’s really prudish with her boyfriend’ said no one ever",BEFORE,2025-02-27,16:27:01,Cady,Omfg I can’t wait to see you
2025-02-27,Henry Woods,"‘oh yeah, that slut who’s getting double anal ganbanged on screen by 5 guys, bet she’s really prudish with her boyfriend’ said no one ever",BEFORE,2025-02-27,16:27:24,Henry Woods,"imagine how good you’re gonna make me cum after your 10, 20, 30000 hours"
2025-02-27,Henry Woods,"‘oh yeah, that slut who’s getting double anal ganbanged on screen by 5 guys, bet she’s really prudish with her boyfriend’ said no one ever",BEFORE,2025-02-27,16:27:54,Cady,Hehe you’re reading my mind
2025-02-27,Henry Woods,"‘oh yeah, that slut who’s getting double anal ganbanged on screen by 5 guys, bet she’s really prudish with her boyfriend’ said no one ever",TARGET,2025-02-27,16:32:28,Henry Woods,"‘oh yeah, that slut who’s getting double anal ganbanged on screen by 5 guys, bet she’s really prudish with her boyfriend’ said no one ever"
2025-02-27,Henry Woods,"‘oh yeah, that slut who’s getting double anal ganbanged on screen by 5 guys, bet she’s really prudish with her boyfriend’ said no one ever",AFTER,2025-02-27,16:32:43,Cady,Hehehe
2025-02-27,Henry Woods,"‘oh yeah, that slut who’s getting double anal ganbanged on screen by 5 guys, bet she’s really prudish with her boyfriend’ said no one ever",AFTER,2025-02-27,16:32:57,Henry Woods,hehe
2025-02-27,Henry Woods,"‘oh yeah, that slut who’s getting double anal ganbanged on screen by 5 guys, bet she’s really prudish with her boyfriend’ said no one ever",AFTER,2025-02-27,16:33:23,Henry Woods,obviously she’s giving him her holes on demand and inviting all her friends to suck his cock with her
2025-02-27,Henry Woods,"‘oh yeah, that slut who’s getting double anal ganbanged on screen by 5 guys, bet she’s really prudish with her boyfriend’ said no one ever",AFTER,2025-02-27,16:33:36,Henry Woods,and yes you’re gonna do that anyway
2025-02-27,Henry Woods,"‘oh yeah, that slut who’s getting double anal ganbanged on screen by 5 guys, bet she’s really prudish with her boyfriend’ said no one ever",AFTER,2025-02-27,16:33:44,Henry Woods,but I want everyone to know ð
2025-02-27,Henry Woods,"‘oh yeah, that slut who’s getting double anal ganbanged on screen by 5 guys, bet she’s really prudish with her boyfriend’ said no one ever",AFTER,2025-02-27,16:36:49,Cady,They will they will
2025-02-27,Henry Woods,"‘oh yeah, that slut who’s getting double anal ganbanged on screen by 5 guys, bet she’s really prudish with her boyfriend’ said no one ever",AFTER,2025-02-27,16:37:00,Cady,Major power couple / slut vibes
2025-02-27,Henry Woods,"‘oh yeah, that slut who’s getting double anal ganbanged on screen by 5 guys, bet she’s really prudish with her boyfriend’ said no one ever",AFTER,2025-02-27,16:42:04,Henry Woods,yeppp
2025-02-27,Henry Woods,"‘oh yeah, that slut who’s getting double anal ganbanged on screen by 5 guys, bet she’s really prudish with her boyfriend’ said no one ever",AFTER,2025-02-27,16:42:28,Henry Woods,unf I need you blowing me 10 times a day :'(((
2025-02-27,Henry Woods,"‘oh yeah, that slut who’s getting double anal ganbanged on screen by 5 guys, bet she’s really prudish with her boyfriend’ said no one ever",AFTER,2025-02-27,16:42:34,Henry Woods,so soon
2025-02-27,Cady,I’m sure we can find men into that,BEFORE,2025-02-27,21:45:22,Henry Woods,Indeed
2025-02-27,Cady,I’m sure we can find men into that,BEFORE,2025-02-27,21:45:34,Henry Woods,Getting paid loads more to live a fantasy
2025-02-27,Cady,I’m sure we can find men into that,BEFORE,2025-02-27,21:45:44,Cady,It’s quite nice actually
2025-02-27,Cady,I’m sure we can find men into that,BEFORE,2025-02-27,21:45:59,Henry Woods,Unf you’re literally gonna be my loose little whore
2025-02-27,Cady,I’m sure we can find men into that,BEFORE,2025-02-27,21:46:06,Cady,I am babyy
2025-02-27,Cady,I’m sure we can find men into that,BEFORE,2025-02-27,21:46:10,Henry Woods,God you turn me on
2025-02-27,Cady,I’m sure we can find men into that,BEFORE,2025-02-27,21:46:16,Cady,I’m so glad
2025-02-27,Cady,I’m sure we can find men into that,BEFORE,2025-02-27,21:46:20,Cady,Now you’re turning me on
2025-02-27,Cady,I’m sure we can find men into that,BEFORE,2025-02-27,21:47:53,Henry Woods,Hehe
2025-02-27,Cady,I’m sure we can find men into that,BEFORE,2025-02-27,21:48:43,Henry Woods,Hehe would it be too much to send you to dates full of my cum? ð
2025-02-27,Cady,I’m sure we can find men into that,TARGET,2025-02-27,21:49:51,Cady,I’m sure we can find men into that
2025-02-27,Cady,I’m sure we can find men into that,AFTER,2025-02-27,21:50:06,Henry Woods,Perhaps
2025-02-27,Cady,I’m sure we can find men into that,AFTER,2025-02-27,21:50:07,Cady,Mmmmm
2025-02-27,Cady,I’m sure we can find men into that,AFTER,2025-02-27,21:50:18,Henry Woods,But also the rest might not notice ð
2025-02-27,Cady,I’m sure we can find men into that,AFTER,2025-02-27,21:50:27,Cady,That’s what I was going to say
2025-02-27,Cady,I’m sure we can find men into that,AFTER,2025-02-27,21:50:34,Cady,And I wouldn’t feel bad about that
2025-02-27,Cady,I’m sure we can find men into that,AFTER,2025-02-27,21:50:38,Cady,I get so wet anyway
2025-02-27,Cady,I’m sure we can find men into that,AFTER,2025-02-27,21:50:46,Henry Woods,Exactly
2025-02-27,Cady,I’m sure we can find men into that,AFTER,2025-02-27,21:50:54,Henry Woods,Unf you dooo
2025-02-27,Cady,I’m sure we can find men into that,AFTER,2025-02-27,21:51:08,Cady,I was immediately dripping when I got to the hotel room last night
2025-02-27,Cady,I’m sure we can find men into that,AFTER,2025-02-27,21:51:18,Henry Woods,Unf yumm
2025-02-28,Henry Woods,how many guys have you fucked this week?,BEFORE,2025-02-28,18:31:45,Cady,I might do $2000
2025-02-28,Henry Woods,how many guys have you fucked this week?,BEFORE,2025-02-28,18:31:48,Henry Woods,hehehe
2025-02-28,Henry Woods,how many guys have you fucked this week?,BEFORE,2025-02-28,18:31:57,Henry Woods,love it
2025-02-28,Henry Woods,how many guys have you fucked this week?,BEFORE,2025-02-28,18:32:07,Henry Woods,I take it you have more bookings?
2025-02-28,Henry Woods,how many guys have you fucked this week?,BEFORE,2025-02-28,18:32:15,Cady,Just made one for tonight
2025-02-28,Henry Woods,how many guys have you fucked this week?,BEFORE,2025-02-28,18:32:19,Henry Woods,hehe
2025-02-28,Henry Woods,how many guys have you fucked this week?,BEFORE,2025-02-28,18:32:22,Cady,First guy wants to see me again
2025-02-28,Henry Woods,how many guys have you fucked this week?,BEFORE,2025-02-28,18:32:25,Cady,Tomorrow
2025-02-28,Henry Woods,how many guys have you fucked this week?,BEFORE,2025-02-28,18:32:27,Henry Woods,unf you’re such a good whore ❤️
2025-02-28,Henry Woods,how many guys have you fucked this week?,BEFORE,2025-02-28,18:32:38,Cady,On part because of you :)
2025-02-28,Henry Woods,how many guys have you fucked this week?,TARGET,2025-02-28,18:32:40,Henry Woods,how many guys have you fucked this week?
2025-02-28,Henry Woods,how many guys have you fucked this week?,AFTER,2025-02-28,18:32:43,Cady,Hugely in part
2025-02-28,Henry Woods,how many guys have you fucked this week?,AFTER,2025-02-28,18:32:48,Cady,Only 3
2025-02-28,Henry Woods,how many guys have you fucked this week?,AFTER,2025-02-28,18:33:15,Henry Woods,we’ll work you up to 3 a day
2025-02-28,Henry Woods,how many guys have you fucked this week?,AFTER,2025-02-28,18:33:22,Cady,We will
2025-02-28,Henry Woods,how many guys have you fucked this week?,AFTER,2025-02-28,18:33:28,Henry Woods,$1800 a day
2025-02-28,Henry Woods,how many guys have you fucked this week?,AFTER,2025-02-28,18:33:43,Henry Woods,just to spread your legs and practise fucking
2025-02-28,Henry Woods,how many guys have you fucked this week?,AFTER,2025-02-28,18:34:04,Cady,Ugh babe I’m so in love with you
2025-02-28,Henry Woods,how many guys have you fucked this week?,AFTER,2025-02-28,18:34:17,Cady,Yes honestly I can’t believe it took me this long
2025-02-28,Henry Woods,how many guys have you fucked this week?,AFTER,2025-02-28,19:19:46,Cady,lol one guy wants to pay me $700 week for sending him pics
2025-02-28,Henry Woods,how many guys have you fucked this week?,AFTER,2025-02-28,19:20:01,Cady,I have a weird feeling though he’s being very particular about only paying with a check
2025-02-28,Henry Woods,You haven’t mentioned any of the feeld guys in a while,BEFORE,2025-02-28,20:45:53,Henry Woods,Exactly
2025-02-28,Henry Woods,You haven’t mentioned any of the feeld guys in a while,BEFORE,2025-02-28,20:46:20,Cady,So happy hen
2025-02-28,Henry Woods,You haven’t mentioned any of the feeld guys in a while,BEFORE,2025-02-28,20:46:31,Henry Woods,Me tooooo
2025-02-28,Henry Woods,You haven’t mentioned any of the feeld guys in a while,BEFORE,2025-02-28,20:46:41,Henry Woods,Empowering my perfect slut \<This message was edited\>
2025-02-28,Henry Woods,You haven’t mentioned any of the feeld guys in a while,BEFORE,2025-02-28,20:46:46,Cady,Yessss
2025-02-28,Henry Woods,You haven’t mentioned any of the feeld guys in a while,BEFORE,2025-02-28,20:46:58,Henry Woods,Taking my perfect slut on holiday
2025-02-28,Henry Woods,You haven’t mentioned any of the feeld guys in a while,BEFORE,2025-02-28,20:47:05,Henry Woods,Sharing her around
2025-02-28,Henry Woods,You haven’t mentioned any of the feeld guys in a while,BEFORE,2025-02-28,20:47:12,Henry Woods,Fucking her to pieces
2025-02-28,Henry Woods,You haven’t mentioned any of the feeld guys in a while,BEFORE,2025-02-28,20:47:19,Cady,Taking my dp virginity
2025-02-28,Henry Woods,You haven’t mentioned any of the feeld guys in a while,BEFORE,2025-02-28,20:47:29,Henry Woods,Yesssss
2025-02-28,Henry Woods,You haven’t mentioned any of the feeld guys in a while,TARGET,2025-02-28,20:47:46,Henry Woods,You haven’t mentioned any of the feeld guys in a while
2025-02-28,Henry Woods,You haven’t mentioned any of the feeld guys in a while,AFTER,2025-02-28,20:47:56,Cady,I haven’t seen them
2025-02-28,Henry Woods,You haven’t mentioned any of the feeld guys in a while,AFTER,2025-02-28,20:48:01,Henry Woods,With the exception of Nathan
2025-02-28,Henry Woods,You haven’t mentioned any of the feeld guys in a while,AFTER,2025-02-28,20:48:07,Henry Woods,Yeah I was curious why
2025-02-28,Henry Woods,You haven’t mentioned any of the feeld guys in a while,AFTER,2025-02-28,20:48:14,Henry Woods,Just other stuff going on?
2025-02-28,Henry Woods,You haven’t mentioned any of the feeld guys in a while,AFTER,2025-02-28,20:48:17,Cady,Pharaoh and kelvin checked in
2025-02-28,Henry Woods,You haven’t mentioned any of the feeld guys in a while,AFTER,2025-02-28,20:48:23,Cady,Yeah I guess
2025-02-28,Henry Woods,You haven’t mentioned any of the feeld guys in a while,AFTER,2025-02-28,20:48:37,Cady,Having fun trying to date the girls
2025-02-28,Henry Woods,You haven’t mentioned any of the feeld guys in a while,AFTER,2025-02-28,20:48:50,Henry Woods,That too
2025-02-28,Henry Woods,You haven’t mentioned any of the feeld guys in a while,AFTER,2025-02-28,20:49:08,Cady,I am feeling slightly overwhelmed at how much I’m juggling and kinda trusting myself that I’ll figure out a rhythm
2025-02-28,Henry Woods,You haven’t mentioned any of the feeld guys in a while,AFTER,2025-02-28,20:49:28,Cady,So I’ve been ok with letting the Feeld guys chill for now
2025-02-28,Cady,So I’ve been ok with letting the Feeld guys chill for now,BEFORE,2025-02-28,20:47:46,Henry Woods,You haven’t mentioned any of the feeld guys in a while
2025-02-28,Cady,So I’ve been ok with letting the Feeld guys chill for now,BEFORE,2025-02-28,20:47:56,Cady,I haven’t seen them
2025-02-28,Cady,So I’ve been ok with letting the Feeld guys chill for now,BEFORE,2025-02-28,20:48:01,Henry Woods,With the exception of Nathan
2025-02-28,Cady,So I’ve been ok with letting the Feeld guys chill for now,BEFORE,2025-02-28,20:48:07,Henry Woods,Yeah I was curious why
2025-02-28,Cady,So I’ve been ok with letting the Feeld guys chill for now,BEFORE,2025-02-28,20:48:14,Henry Woods,Just other stuff going on?
2025-02-28,Cady,So I’ve been ok with letting the Feeld guys chill for now,BEFORE,2025-02-28,20:48:17,Cady,Pharaoh and kelvin checked in
2025-02-28,Cady,So I’ve been ok with letting the Feeld guys chill for now,BEFORE,2025-02-28,20:48:23,Cady,Yeah I guess
2025-02-28,Cady,So I’ve been ok with letting the Feeld guys chill for now,BEFORE,2025-02-28,20:48:37,Cady,Having fun trying to date the girls
2025-02-28,Cady,So I’ve been ok with letting the Feeld guys chill for now,BEFORE,2025-02-28,20:48:50,Henry Woods,That too
2025-02-28,Cady,So I’ve been ok with letting the Feeld guys chill for now,BEFORE,2025-02-28,20:49:08,Cady,I am feeling slightly overwhelmed at how much I’m juggling and kinda trusting myself that I’ll figure out a rhythm
2025-02-28,Cady,So I’ve been ok with letting the Feeld guys chill for now,TARGET,2025-02-28,20:49:28,Cady,So I’ve been ok with letting the Feeld guys chill for now
2025-02-28,Cady,So I’ve been ok with letting the Feeld guys chill for now,AFTER,2025-02-28,20:50:09,Cady,Also kelvin keeps asking me if I’m interested in hooking up with people from the swingers group and I’m just not feeling it
2025-02-28,Cady,So I’ve been ok with letting the Feeld guys chill for now,AFTER,2025-02-28,20:51:00,Henry Woods,Fair fair
2025-02-28,Cady,So I’ve been ok with letting the Feeld guys chill for now,AFTER,2025-02-28,20:51:10,Henry Woods,"Absolutely, it takes time"
2025-02-28,Cady,So I’ve been ok with letting the Feeld guys chill for now,AFTER,2025-02-28,20:51:39,Cady,I feel like I’m gaining a lot of patience this spring lol
2025-02-28,Cady,So I’ve been ok with letting the Feeld guys chill for now,AFTER,2025-02-28,21:06:21,Cady,lol our secretary just told me she can’t smoke week no mo cause it makes her go crazy
2025-02-28,Cady,So I’ve been ok with letting the Feeld guys chill for now,AFTER,2025-02-28,21:07:08,Henry Woods,‘I can’t smoke weed no mo cause it makes me super slutty’
2025-02-28,Cady,So I’ve been ok with letting the Feeld guys chill for now,AFTER,2025-02-28,21:07:13,Cady,Hahahahah
2025-02-28,Cady,So I’ve been ok with letting the Feeld guys chill for now,AFTER,2025-02-28,21:07:18,Cady,Truuuuu
2025-02-28,Cady,So I’ve been ok with letting the Feeld guys chill for now,AFTER,2025-02-28,21:07:26,Henry Woods,‘But that’s also why smoke weed evryday’
2025-02-28,Cady,So I’ve been ok with letting the Feeld guys chill for now,AFTER,2025-02-28,21:07:46,Cady,lol also true
2025-03-01,Henry Woods,Mega-whore Jamie and the onlyfans model…Hannah?Haliah? Something beginning with H are coming,BEFORE,2025-03-01,16:26:34,Henry Woods,So we’re gonna get our own tent
2025-03-01,Henry Woods,Mega-whore Jamie and the onlyfans model…Hannah?Haliah? Something beginning with H are coming,BEFORE,2025-03-01,16:26:39,Cady,Oooh ok :)
2025-03-01,Henry Woods,Mega-whore Jamie and the onlyfans model…Hannah?Haliah? Something beginning with H are coming,BEFORE,2025-03-01,16:26:54,Henry Woods,I think much less sex with Jacky than we thought
2025-03-01,Henry Woods,Mega-whore Jamie and the onlyfans model…Hannah?Haliah? Something beginning with H are coming,BEFORE,2025-03-01,16:26:58,Henry Woods,I think that’s good tbh
2025-03-01,Henry Woods,Mega-whore Jamie and the onlyfans model…Hannah?Haliah? Something beginning with H are coming,BEFORE,2025-03-01,16:27:04,Cady,Mmmm
2025-03-01,Henry Woods,Mega-whore Jamie and the onlyfans model…Hannah?Haliah? Something beginning with H are coming,BEFORE,2025-03-01,16:27:05,Henry Woods,No one has to third wheel
2025-03-01,Henry Woods,Mega-whore Jamie and the onlyfans model…Hannah?Haliah? Something beginning with H are coming,BEFORE,2025-03-01,16:27:16,Cady,Sad about less sex but happy to go with the flow
2025-03-01,Henry Woods,Mega-whore Jamie and the onlyfans model…Hannah?Haliah? Something beginning with H are coming,BEFORE,2025-03-01,16:27:22,Cady,And good for no third wheeling
2025-03-01,Henry Woods,Mega-whore Jamie and the onlyfans model…Hannah?Haliah? Something beginning with H are coming,BEFORE,2025-03-01,16:28:01,Henry Woods,Hehe actually I think it will actually increase the sex
2025-03-01,Henry Woods,Mega-whore Jamie and the onlyfans model…Hannah?Haliah? Something beginning with H are coming,BEFORE,2025-03-01,16:28:07,Cady,Ok good
2025-03-01,Henry Woods,Mega-whore Jamie and the onlyfans model…Hannah?Haliah? Something beginning with H are coming,TARGET,2025-03-01,16:28:34,Henry Woods,Mega-whore Jamie and the onlyfans model…Hannah?Haliah? Something beginning with H are coming
2025-03-01,Henry Woods,Mega-whore Jamie and the onlyfans model…Hannah?Haliah? Something beginning with H are coming,AFTER,2025-03-01,16:28:43,Cady,Wonderful
2025-03-01,Henry Woods,Mega-whore Jamie and the onlyfans model…Hannah?Haliah? Something beginning with H are coming,AFTER,2025-03-01,16:28:46,Henry Woods,And not bringing any boyfriends
2025-03-01,Henry Woods,Mega-whore Jamie and the onlyfans model…Hannah?Haliah? Something beginning with H are coming,AFTER,2025-03-01,16:28:56,Cady,Eeee more for your cock baby
2025-03-01,Henry Woods,Mega-whore Jamie and the onlyfans model…Hannah?Haliah? Something beginning with H are coming,AFTER,2025-03-01,16:29:01,Henry Woods,Heheh yesss
2025-03-01,Henry Woods,Mega-whore Jamie and the onlyfans model…Hannah?Haliah? Something beginning with H are coming,AFTER,2025-03-01,16:29:05,Cady,Damn dude canceled for today
2025-03-01,Henry Woods,Mega-whore Jamie and the onlyfans model…Hannah?Haliah? Something beginning with H are coming,AFTER,2025-03-01,16:29:12,Henry Woods,ð­
2025-03-01,Henry Woods,Mega-whore Jamie and the onlyfans model…Hannah?Haliah? Something beginning with H are coming,AFTER,2025-03-01,16:29:17,Henry Woods,Shame
2025-03-01,Henry Woods,Mega-whore Jamie and the onlyfans model…Hannah?Haliah? Something beginning with H are coming,AFTER,2025-03-01,16:29:36,Henry Woods,Ask Pharaoh or Kelvin (or both) what they’re up to
2025-03-01,Henry Woods,Mega-whore Jamie and the onlyfans model…Hannah?Haliah? Something beginning with H are coming,AFTER,2025-03-01,16:29:39,Cady,Yep
2025-03-01,Henry Woods,Mega-whore Jamie and the onlyfans model…Hannah?Haliah? Something beginning with H are coming,AFTER,2025-03-01,16:29:47,Cady,I might move one guy from tomorrow to today
2025-03-01,Henry Woods,"Collar, leash, being made to present my ass to an endless stream of hung men",BEFORE,2025-03-01,16:43:01,Henry Woods,Or have them get distracted
2025-03-01,Henry Woods,"Collar, leash, being made to present my ass to an endless stream of hung men",BEFORE,2025-03-01,16:43:04,Cady,I see
2025-03-01,Henry Woods,"Collar, leash, being made to present my ass to an endless stream of hung men",BEFORE,2025-03-01,16:43:14,Henry Woods,"Plus, if I don’t cum, I stay horny/get hornier"
2025-03-01,Henry Woods,"Collar, leash, being made to present my ass to an endless stream of hung men",BEFORE,2025-03-01,16:43:19,Cady,Right right
2025-03-01,Henry Woods,"Collar, leash, being made to present my ass to an endless stream of hung men",BEFORE,2025-03-01,16:43:34,Henry Woods,"Turn into a desperate, depraved mess"
2025-03-01,Henry Woods,"Collar, leash, being made to present my ass to an endless stream of hung men",BEFORE,2025-03-01,16:43:43,Cady,God I can’t wait to see you this way
2025-03-01,Henry Woods,"Collar, leash, being made to present my ass to an endless stream of hung men",BEFORE,2025-03-01,16:43:47,Henry Woods,Hehe
2025-03-01,Henry Woods,"Collar, leash, being made to present my ass to an endless stream of hung men",BEFORE,2025-03-01,16:44:03,Henry Woods,It needs the planets to align the right way
2025-03-01,Henry Woods,"Collar, leash, being made to present my ass to an endless stream of hung men",BEFORE,2025-03-01,16:44:12,Henry Woods,But I’d love for you to take me to a sex club
2025-03-01,Henry Woods,"Collar, leash, being made to present my ass to an endless stream of hung men",BEFORE,2025-03-01,16:44:31,Cady,Hehe I’ll align them
2025-03-01,Henry Woods,"Collar, leash, being made to present my ass to an endless stream of hung men",TARGET,2025-03-01,16:44:53,Henry Woods,"Collar, leash, being made to present my ass to an endless stream of hung men"
2025-03-01,Henry Woods,"Collar, leash, being made to present my ass to an endless stream of hung men",AFTER,2025-03-01,16:45:14,Cady,Oh absolutely
2025-03-01,Henry Woods,"Collar, leash, being made to present my ass to an endless stream of hung men",AFTER,2025-03-01,16:45:25,Henry Woods,"You in your domme outfit, making sure they know to use me hard"
2025-03-01,Henry Woods,"Collar, leash, being made to present my ass to an endless stream of hung men",AFTER,2025-03-01,16:45:38,Cady,Mmmmmmhmmmk yes
2025-03-01,Henry Woods,"Collar, leash, being made to present my ass to an endless stream of hung men",AFTER,2025-03-01,16:46:01,Henry Woods,"‘Don’t ask if it’s okay, if it’s sore, that means it hasn’t trained hard enough and needs to learn a lesson"
2025-03-01,Henry Woods,"Collar, leash, being made to present my ass to an endless stream of hung men",AFTER,2025-03-01,16:46:17,Cady,You’ll be able to take anything
2025-03-01,Henry Woods,"Collar, leash, being made to present my ass to an endless stream of hung men",AFTER,2025-03-01,16:46:40,Henry Woods,"‘You, ram your dick down its throat, it’s pathetic whining is annoying me’"
2025-03-01,Henry Woods,"Collar, leash, being made to present my ass to an endless stream of hung men",AFTER,2025-03-01,16:46:52,Cady,Hahaha sexy
2025-03-01,Henry Woods,"Collar, leash, being made to present my ass to an endless stream of hung men",AFTER,2025-03-01,16:47:01,Cady,Shut him up now
2025-03-01,Henry Woods,"Collar, leash, being made to present my ass to an endless stream of hung men",AFTER,2025-03-01,16:48:27,Henry Woods,Start enforcing gay week even when I’m not feeling it
2025-03-01,Henry Woods,"Collar, leash, being made to present my ass to an endless stream of hung men",AFTER,2025-03-01,16:48:36,Cady,Mmhm
2025-03-01,Henry Woods,"‘Slut is getting cold feet, but I know he really wants this, so I need two hung guys to come rape him till he begs for more’",BEFORE,2025-03-01,16:45:38,Cady,Mmmmmmhmmmk yes
2025-03-01,Henry Woods,"‘Slut is getting cold feet, but I know he really wants this, so I need two hung guys to come rape him till he begs for more’",BEFORE,2025-03-01,16:46:01,Henry Woods,"‘Don’t ask if it’s okay, if it’s sore, that means it hasn’t trained hard enough and needs to learn a lesson"
2025-03-01,Henry Woods,"‘Slut is getting cold feet, but I know he really wants this, so I need two hung guys to come rape him till he begs for more’",BEFORE,2025-03-01,16:46:17,Cady,You’ll be able to take anything
2025-03-01,Henry Woods,"‘Slut is getting cold feet, but I know he really wants this, so I need two hung guys to come rape him till he begs for more’",BEFORE,2025-03-01,16:46:40,Henry Woods,"‘You, ram your dick down its throat, it’s pathetic whining is annoying me’"
2025-03-01,Henry Woods,"‘Slut is getting cold feet, but I know he really wants this, so I need two hung guys to come rape him till he begs for more’",BEFORE,2025-03-01,16:46:52,Cady,Hahaha sexy
2025-03-01,Henry Woods,"‘Slut is getting cold feet, but I know he really wants this, so I need two hung guys to come rape him till he begs for more’",BEFORE,2025-03-01,16:47:01,Cady,Shut him up now
2025-03-01,Henry Woods,"‘Slut is getting cold feet, but I know he really wants this, so I need two hung guys to come rape him till he begs for more’",BEFORE,2025-03-01,16:48:27,Henry Woods,Start enforcing gay week even when I’m not feeling it
2025-03-01,Henry Woods,"‘Slut is getting cold feet, but I know he really wants this, so I need two hung guys to come rape him till he begs for more’",BEFORE,2025-03-01,16:48:36,Cady,Mmhm
2025-03-01,Henry Woods,"‘Slut is getting cold feet, but I know he really wants this, so I need two hung guys to come rape him till he begs for more’",BEFORE,2025-03-01,16:50:13,Cady,I wanna help you embrace your gayness as much as possible
2025-03-01,Henry Woods,"‘Slut is getting cold feet, but I know he really wants this, so I need two hung guys to come rape him till he begs for more’",BEFORE,2025-03-01,16:50:27,Cady,And I’d love to get all domme about it
2025-03-01,Henry Woods,"‘Slut is getting cold feet, but I know he really wants this, so I need two hung guys to come rape him till he begs for more’",TARGET,2025-03-01,16:50:28,Henry Woods,"‘Slut is getting cold feet, but I know he really wants this, so I need two hung guys to come rape him till he begs for more’"
2025-03-01,Henry Woods,"‘Slut is getting cold feet, but I know he really wants this, so I need two hung guys to come rape him till he begs for more’",AFTER,2025-03-01,16:50:41,Cady,Mmmmhmmm yes baby
2025-03-01,Henry Woods,"‘Slut is getting cold feet, but I know he really wants this, so I need two hung guys to come rape him till he begs for more’",AFTER,2025-03-01,16:52:00,Henry Woods,Going to this is my ultimate fantasy
2025-03-01,Henry Woods,"‘Slut is getting cold feet, but I know he really wants this, so I need two hung guys to come rape him till he begs for more’",AFTER,2025-03-01,16:53:59,Cady,Well then we will make it come true my slutty love
2025-03-01,Henry Woods,"‘Slut is getting cold feet, but I know he really wants this, so I need two hung guys to come rape him till he begs for more’",AFTER,2025-03-01,16:54:33,Cady,Mmmm that’s so sexy babe
2025-03-01,Henry Woods,"‘Slut is getting cold feet, but I know he really wants this, so I need two hung guys to come rape him till he begs for more’",AFTER,2025-03-01,16:55:51,Cady,Also - going on a date with Athena and her husband tonight
2025-03-01,Henry Woods,"‘Slut is getting cold feet, but I know he really wants this, so I need two hung guys to come rape him till he begs for more’",AFTER,2025-03-01,16:56:03,Cady,I think it’s mostly about her and me and he’s coming along to pay \<This message was edited\>
2025-03-01,Henry Woods,"‘Slut is getting cold feet, but I know he really wants this, so I need two hung guys to come rape him till he begs for more’",AFTER,2025-03-01,16:56:17,Henry Woods,Hehe fun
2025-03-01,Henry Woods,"‘Slut is getting cold feet, but I know he really wants this, so I need two hung guys to come rape him till he begs for more’",AFTER,2025-03-01,16:57:01,Cady,But damn I’m really fantasizing about turning you into a gorgeous little slut
2025-03-01,Henry Woods,"‘Slut is getting cold feet, but I know he really wants this, so I need two hung guys to come rape him till he begs for more’",AFTER,2025-03-01,16:57:06,Cady,You’re going to be so pretty
2025-03-01,Henry Woods,"‘Slut is getting cold feet, but I know he really wants this, so I need two hung guys to come rape him till he begs for more’",AFTER,2025-03-01,16:57:23,Henry Woods,"It’s a big fantasy, I’ve just always been nervous that I’ll look like a bloke in a dress"
2025-03-01,Henry Woods,"Making myself look pretty just so some huge alpha men get to let out their most violent, misogynistic fantasies on someone who can take it and loves it",BEFORE,2025-03-01,16:57:39,Cady,I’ll style you for your body and make it work
2025-03-01,Henry Woods,"Making myself look pretty just so some huge alpha men get to let out their most violent, misogynistic fantasies on someone who can take it and loves it",BEFORE,2025-03-01,16:58:07,Henry Woods,"My fantasy is kinda, ‘I love women and they’re super sexy, I reckon I could do it better’"
2025-03-01,Henry Woods,"Making myself look pretty just so some huge alpha men get to let out their most violent, misogynistic fantasies on someone who can take it and loves it",BEFORE,2025-03-01,16:58:15,Cady,Hehehehe
2025-03-01,Henry Woods,"Making myself look pretty just so some huge alpha men get to let out their most violent, misogynistic fantasies on someone who can take it and loves it",BEFORE,2025-03-01,16:58:20,Cady,Your brain
2025-03-01,Henry Woods,"Making myself look pretty just so some huge alpha men get to let out their most violent, misogynistic fantasies on someone who can take it and loves it",BEFORE,2025-03-01,16:58:26,Cady,I love it
2025-03-01,Henry Woods,"Making myself look pretty just so some huge alpha men get to let out their most violent, misogynistic fantasies on someone who can take it and loves it",BEFORE,2025-03-01,16:58:29,Henry Woods,Like I know what I like
2025-03-01,Henry Woods,"Making myself look pretty just so some huge alpha men get to let out their most violent, misogynistic fantasies on someone who can take it and loves it",BEFORE,2025-03-01,16:58:33,Henry Woods,I’ll be that
2025-03-01,Henry Woods,"Making myself look pretty just so some huge alpha men get to let out their most violent, misogynistic fantasies on someone who can take it and loves it",BEFORE,2025-03-01,16:58:36,Cady,Ok baby
2025-03-01,Henry Woods,"Making myself look pretty just so some huge alpha men get to let out their most violent, misogynistic fantasies on someone who can take it and loves it",BEFORE,2025-03-01,16:58:45,Henry Woods,"The most depraved, desperate slut"
2025-03-01,Henry Woods,"Making myself look pretty just so some huge alpha men get to let out their most violent, misogynistic fantasies on someone who can take it and loves it",BEFORE,2025-03-01,16:58:53,Cady,Mmmmmhmmmm
2025-03-01,Henry Woods,"Making myself look pretty just so some huge alpha men get to let out their most violent, misogynistic fantasies on someone who can take it and loves it",TARGET,2025-03-01,16:59:51,Henry Woods,"Making myself look pretty just so some huge alpha men get to let out their most violent, misogynistic fantasies on someone who can take it and loves it"
2025-03-01,Henry Woods,"Making myself look pretty just so some huge alpha men get to let out their most violent, misogynistic fantasies on someone who can take it and loves it",AFTER,2025-03-01,17:00:19,Cady,Gonna be me
2025-03-01,Henry Woods,"Making myself look pretty just so some huge alpha men get to let out their most violent, misogynistic fantasies on someone who can take it and loves it",AFTER,2025-03-01,17:00:24,Henry Woods,‘Is your dick too huge for you to ram it balls deep in a girl?’
2025-03-01,Henry Woods,"Making myself look pretty just so some huge alpha men get to let out their most violent, misogynistic fantasies on someone who can take it and loves it",AFTER,2025-03-01,17:00:44,Cady,‘Perfect for this lil whore’
2025-03-01,Henry Woods,"Making myself look pretty just so some huge alpha men get to let out their most violent, misogynistic fantasies on someone who can take it and loves it",AFTER,2025-03-01,17:01:04,Henry Woods,‘I’ve trained my body for you to let loose’
2025-03-01,Henry Woods,"Making myself look pretty just so some huge alpha men get to let out their most violent, misogynistic fantasies on someone who can take it and loves it",AFTER,2025-03-01,17:01:30,Cady,I love how you get to live through so many levels of this fantasy
2025-03-01,Henry Woods,"Making myself look pretty just so some huge alpha men get to let out their most violent, misogynistic fantasies on someone who can take it and loves it",AFTER,2025-03-01,17:04:30,Henry Woods,Hehe
2025-03-01,Henry Woods,"Making myself look pretty just so some huge alpha men get to let out their most violent, misogynistic fantasies on someone who can take it and loves it",AFTER,2025-03-01,17:05:47,Cady,So delicious
2025-03-01,Henry Woods,"Making myself look pretty just so some huge alpha men get to let out their most violent, misogynistic fantasies on someone who can take it and loves it",AFTER,2025-03-01,17:05:48,Henry Woods,"‘Unf women can be so coy, sometimes you just need a hot slut to shove your cock in and don’t want to have to chat them up first’"
2025-03-01,Henry Woods,"Making myself look pretty just so some huge alpha men get to let out their most violent, misogynistic fantasies on someone who can take it and loves it",AFTER,2025-03-01,17:06:35,Henry Woods,"‘Fortunately there’s me, you don’t need to buy me dinner, chat up, worry about being good in bed, or even treat me well at all’"
2025-03-01,Henry Woods,"Making myself look pretty just so some huge alpha men get to let out their most violent, misogynistic fantasies on someone who can take it and loves it",AFTER,2025-03-01,17:06:36,Cady,Mmmmmhm
2025-03-01,Henry Woods,Get fucked for 24hrs straight by like 80 guys,BEFORE,2025-03-01,17:10:25,Cady,Fair enough
2025-03-01,Henry Woods,Get fucked for 24hrs straight by like 80 guys,BEFORE,2025-03-01,17:10:38,Cady,I definitely feel more gay when I’m a little high or tipsy
2025-03-01,Henry Woods,Get fucked for 24hrs straight by like 80 guys,BEFORE,2025-03-01,17:13:52,Cady,We’re gonna be such a fun gay sexy power couple
2025-03-01,Henry Woods,Get fucked for 24hrs straight by like 80 guys,BEFORE,2025-03-01,17:42:47,Henry Woods,Hehe yesss
2025-03-01,Henry Woods,Get fucked for 24hrs straight by like 80 guys,BEFORE,2025-03-01,17:43:07,Henry Woods,"Also, I wanna be sold too"
2025-03-01,Henry Woods,Get fucked for 24hrs straight by like 80 guys,BEFORE,2025-03-01,17:44:05,Henry Woods,You can be my madam
2025-03-01,Henry Woods,Get fucked for 24hrs straight by like 80 guys,BEFORE,2025-03-01,17:45:03,Henry Woods,"I get no say, turn up to locations not even aware of who is going to be using me"
2025-03-01,Henry Woods,Get fucked for 24hrs straight by like 80 guys,BEFORE,2025-03-01,17:45:26,Cady,Yes yes yes
2025-03-01,Henry Woods,Get fucked for 24hrs straight by like 80 guys,BEFORE,2025-03-01,17:47:07,Henry Woods,Also let’s go to Berlin
2025-03-01,Henry Woods,Get fucked for 24hrs straight by like 80 guys,BEFORE,2025-03-01,17:47:14,Henry Woods,Some of the gay night look so fun
2025-03-01,Henry Woods,Get fucked for 24hrs straight by like 80 guys,TARGET,2025-03-01,17:47:41,Henry Woods,Get fucked for 24hrs straight by like 80 guys
2025-03-01,Henry Woods,Get fucked for 24hrs straight by like 80 guys,AFTER,2025-03-01,17:47:46,Cady,Berlin for gay nights is literally number one on my list
2025-03-01,Henry Woods,Get fucked for 24hrs straight by like 80 guys,AFTER,2025-03-01,17:47:56,Cady,God dam yes babe
2025-03-01,Henry Woods,Get fucked for 24hrs straight by like 80 guys,AFTER,2025-03-01,17:49:22,Henry Woods,"tied up, barely aware of what’s happening to me any more"
2025-03-01,Henry Woods,Get fucked for 24hrs straight by like 80 guys,AFTER,2025-03-01,17:49:58,Cady,Mmmhm
2025-03-01,Henry Woods,Get fucked for 24hrs straight by like 80 guys,AFTER,2025-03-01,17:50:06,Henry Woods,regretting ever making this decision but unable to move
2025-03-01,Henry Woods,Get fucked for 24hrs straight by like 80 guys,AFTER,2025-03-01,17:50:15,Cady,Yes yes
2025-03-01,Henry Woods,Get fucked for 24hrs straight by like 80 guys,AFTER,2025-03-01,17:50:24,Cady,You’re gonna love it
2025-03-01,Henry Woods,Get fucked for 24hrs straight by like 80 guys,AFTER,2025-03-01,17:50:30,Henry Woods,i ammm
2025-03-01,Henry Woods,Get fucked for 24hrs straight by like 80 guys,AFTER,2025-03-01,17:50:35,Henry Woods,like that’s what I need
2025-03-01,Henry Woods,Get fucked for 24hrs straight by like 80 guys,AFTER,2025-03-01,17:50:56,Henry Woods,"when I get cold feet and try to back out, just get tied up and gang raped"
2025-03-02,Henry Woods,Nnng I can’t wait to go out and bring home slutty girls and guys to fuck with youuu,BEFORE,2025-03-02,15:43:14,Henry Woods,That’s fair
2025-03-02,Henry Woods,Nnng I can’t wait to go out and bring home slutty girls and guys to fuck with youuu,BEFORE,2025-03-02,15:46:23,Cady,Hehehe this is so us https://open.spotify.com/track/1jGsB817goeCy3SPPdeZpl?si=LAiTCPeAQ8m8FHE\_\_lozDw\&context=spotify%3Aplaylist%3A37i9dQZF1EYkqdzj48dyYq
2025-03-02,Henry Woods,Nnng I can’t wait to go out and bring home slutty girls and guys to fuck with youuu,BEFORE,2025-03-02,15:48:37,Henry Woods,ð
2025-03-02,Henry Woods,Nnng I can’t wait to go out and bring home slutty girls and guys to fuck with youuu,BEFORE,2025-03-02,15:48:45,Henry Woods,I’m enjoying it
2025-03-02,Henry Woods,Nnng I can’t wait to go out and bring home slutty girls and guys to fuck with youuu,BEFORE,2025-03-02,15:48:52,Cady,Quite repetitive
2025-03-02,Henry Woods,Nnng I can’t wait to go out and bring home slutty girls and guys to fuck with youuu,BEFORE,2025-03-02,15:48:56,Cady,But I like it
2025-03-02,Henry Woods,Nnng I can’t wait to go out and bring home slutty girls and guys to fuck with youuu,BEFORE,2025-03-02,15:49:22,Henry Woods,Yeah it’s fun
2025-03-02,Henry Woods,Nnng I can’t wait to go out and bring home slutty girls and guys to fuck with youuu,BEFORE,2025-03-02,15:49:32,Henry Woods,But yes also us
2025-03-02,Henry Woods,Nnng I can’t wait to go out and bring home slutty girls and guys to fuck with youuu,BEFORE,2025-03-02,15:49:45,Henry Woods,"‘We’re total sluts, come join’"
2025-03-02,Henry Woods,Nnng I can’t wait to go out and bring home slutty girls and guys to fuck with youuu,BEFORE,2025-03-02,15:49:48,Cady,ð
2025-03-02,Henry Woods,Nnng I can’t wait to go out and bring home slutty girls and guys to fuck with youuu,TARGET,2025-03-02,17:44:35,Henry Woods,Nnng I can’t wait to go out and bring home slutty girls and guys to fuck with youuu
2025-03-02,Henry Woods,Nnng I can’t wait to go out and bring home slutty girls and guys to fuck with youuu,AFTER,2025-03-02,17:46:12,Cady,Baby I can’t wait either
2025-03-02,Henry Woods,Nnng I can’t wait to go out and bring home slutty girls and guys to fuck with youuu,AFTER,2025-03-02,17:46:24,Cady,Almost got a head stand up in class
2025-03-02,Henry Woods,Nnng I can’t wait to go out and bring home slutty girls and guys to fuck with youuu,AFTER,2025-03-02,19:15:05,Henry Woods,Nice\!
2025-03-02,Henry Woods,Nnng I can’t wait to go out and bring home slutty girls and guys to fuck with youuu,AFTER,2025-03-02,19:15:13,Henry Woods,About to head out for drinks
2025-03-02,Henry Woods,Nnng I can’t wait to go out and bring home slutty girls and guys to fuck with youuu,AFTER,2025-03-02,19:15:23,Henry Woods,Still missing you every minute
2025-03-02,Henry Woods,Nnng I can’t wait to go out and bring home slutty girls and guys to fuck with youuu,AFTER,2025-03-02,19:15:40,Cady,What fun
2025-03-02,Henry Woods,Nnng I can’t wait to go out and bring home slutty girls and guys to fuck with youuu,AFTER,2025-03-02,19:15:48,Cady,I’m at a vision board workshop
2025-03-02,Henry Woods,Nnng I can’t wait to go out and bring home slutty girls and guys to fuck with youuu,AFTER,2025-03-02,19:16:21,Cady,Thinking of you every minute too ❤️‍ð¥
2025-03-02,Henry Woods,Nnng I can’t wait to go out and bring home slutty girls and guys to fuck with youuu,AFTER,2025-03-02,19:53:57,Henry Woods,"It’s giving Simon’s hill vibes, I can’t remember the woman"
2025-03-02,Henry Woods,Nnng I can’t wait to go out and bring home slutty girls and guys to fuck with youuu,AFTER,2025-03-02,19:54:46,Cady,Yes hehe I was gonna say that
2025-03-03,Henry Woods,When my hips go I’ll just hire a bunch of hung men 1/4 your age,BEFORE,2025-03-03,12:12:25,Henry Woods,Ahah
2025-03-03,Henry Woods,When my hips go I’ll just hire a bunch of hung men 1/4 your age,BEFORE,2025-03-03,12:13:16,Henry Woods,Hopefully lots of sleep on the plane
2025-03-03,Henry Woods,When my hips go I’ll just hire a bunch of hung men 1/4 your age,BEFORE,2025-03-03,12:13:22,Cady,Exactly
2025-03-03,Henry Woods,When my hips go I’ll just hire a bunch of hung men 1/4 your age,BEFORE,2025-03-03,12:13:30,Cady,I’m so sore from yoga and the sex lol
2025-03-03,Henry Woods,When my hips go I’ll just hire a bunch of hung men 1/4 your age,BEFORE,2025-03-03,12:13:32,Cady,I love it
2025-03-03,Henry Woods,When my hips go I’ll just hire a bunch of hung men 1/4 your age,BEFORE,2025-03-03,12:25:32,Henry Woods,Yum
2025-03-03,Henry Woods,When my hips go I’ll just hire a bunch of hung men 1/4 your age,BEFORE,2025-03-03,12:31:02,Cady,Mmmm
2025-03-03,Henry Woods,When my hips go I’ll just hire a bunch of hung men 1/4 your age,BEFORE,2025-03-03,12:34:14,Henry Woods,You for the next 60 years…
2025-03-03,Henry Woods,When my hips go I’ll just hire a bunch of hung men 1/4 your age,BEFORE,2025-03-03,12:34:33,Cady,Hehe yes
2025-03-03,Henry Woods,When my hips go I’ll just hire a bunch of hung men 1/4 your age,BEFORE,2025-03-03,12:34:36,Cady,A good life
2025-03-03,Henry Woods,When my hips go I’ll just hire a bunch of hung men 1/4 your age,TARGET,2025-03-03,13:00:44,Henry Woods,When my hips go I’ll just hire a bunch of hung men 1/4 your age
2025-03-03,Henry Woods,When my hips go I’ll just hire a bunch of hung men 1/4 your age,AFTER,2025-03-03,13:01:06,Cady,You love me so well
2025-03-03,Henry Woods,When my hips go I’ll just hire a bunch of hung men 1/4 your age,AFTER,2025-03-03,13:01:15,Cady,Hehe same to you
2025-03-03,Henry Woods,When my hips go I’ll just hire a bunch of hung men 1/4 your age,AFTER,2025-03-03,13:01:32,Henry Woods,Both of us lying back on the sofa being serviced by our respective 20year olds ð
2025-03-03,Henry Woods,When my hips go I’ll just hire a bunch of hung men 1/4 your age,AFTER,2025-03-03,13:01:39,Cady,Hehehehe
2025-03-03,Henry Woods,When my hips go I’ll just hire a bunch of hung men 1/4 your age,AFTER,2025-03-03,13:01:45,Cady,Why not you know
2025-03-03,Henry Woods,When my hips go I’ll just hire a bunch of hung men 1/4 your age,AFTER,2025-03-03,13:02:22,Henry Woods,‘My secret to looking so youthful at 80? I have five 20 year olds cum on my face daily’
2025-03-03,Henry Woods,When my hips go I’ll just hire a bunch of hung men 1/4 your age,AFTER,2025-03-03,13:02:30,Cady,Babahahah
2025-03-03,Henry Woods,When my hips go I’ll just hire a bunch of hung men 1/4 your age,AFTER,2025-03-03,13:02:33,Cady,Yes
2025-03-03,Henry Woods,When my hips go I’ll just hire a bunch of hung men 1/4 your age,AFTER,2025-03-03,13:03:03,Cady,Ugh I’m so ready to see you
2025-03-03,Henry Woods,When my hips go I’ll just hire a bunch of hung men 1/4 your age,AFTER,2025-03-03,13:04:51,Henry Woods,Me tooo
2025-03-03,Henry Woods,and then realise that you’ve probably been taken by at least 5 guys already ð \<This message was edited\>,BEFORE,2025-03-03,23:07:18,Henry Woods,but now with renewed fervour
2025-03-03,Henry Woods,and then realise that you’ve probably been taken by at least 5 guys already ð \<This message was edited\>,BEFORE,2025-03-03,23:07:19,Cady,I love a lil bit of cnc
2025-03-03,Henry Woods,and then realise that you’ve probably been taken by at least 5 guys already ð \<This message was edited\>,BEFORE,2025-03-03,23:07:22,Cady,Yes
2025-03-03,Henry Woods,and then realise that you’ve probably been taken by at least 5 guys already ð \<This message was edited\>,BEFORE,2025-03-03,23:07:24,Henry Woods,hehe yesss
2025-03-03,Henry Woods,and then realise that you’ve probably been taken by at least 5 guys already ð \<This message was edited\>,BEFORE,2025-03-03,23:07:41,Cady,Landed in Atl
2025-03-03,Henry Woods,and then realise that you’ve probably been taken by at least 5 guys already ð \<This message was edited\>,BEFORE,2025-03-03,23:08:01,Cady,This book is making me so horny
2025-03-03,Henry Woods,and then realise that you’ve probably been taken by at least 5 guys already ð \<This message was edited\>,BEFORE,2025-03-03,23:08:27,Henry Woods,"I had in mind (maybe not for the first surprise one) that it would be fun to have you tied up, maybe blindfolded so you didn’t immediately realise and then spring the surprise"
2025-03-03,Henry Woods,and then realise that you’ve probably been taken by at least 5 guys already ð \<This message was edited\>,BEFORE,2025-03-03,23:08:44,Cady,Yeah that’s what they did in the book
2025-03-03,Henry Woods,and then realise that you’ve probably been taken by at least 5 guys already ð \<This message was edited\>,BEFORE,2025-03-03,23:08:48,Cady,It sounds amazing
2025-03-03,Henry Woods,and then realise that you’ve probably been taken by at least 5 guys already ð \<This message was edited\>,BEFORE,2025-03-03,23:09:17,Henry Woods,"ideally, you’d slowly realise that the dick fucking you isn’t me"
2025-03-03,Henry Woods,and then realise that you’ve probably been taken by at least 5 guys already ð \<This message was edited\>,TARGET,2025-03-03,23:09:21,Henry Woods,and then realise that you’ve probably been taken by at least 5 guys already ð \<This message was edited\>
2025-03-03,Henry Woods,and then realise that you’ve probably been taken by at least 5 guys already ð \<This message was edited\>,AFTER,2025-03-03,23:09:22,Cady,Right
2025-03-03,Henry Woods,and then realise that you’ve probably been taken by at least 5 guys already ð \<This message was edited\>,AFTER,2025-03-03,23:09:44,Cady,Hahahaha yesss
2025-03-03,Henry Woods,and then realise that you’ve probably been taken by at least 5 guys already ð \<This message was edited\>,AFTER,2025-03-03,23:09:56,Cady,Mmmmm
2025-03-03,Henry Woods,and then realise that you’ve probably been taken by at least 5 guys already ð \<This message was edited\>,AFTER,2025-03-03,23:09:57,Henry Woods,orrrr….
2025-03-03,Henry Woods,and then realise that you’ve probably been taken by at least 5 guys already ð \<This message was edited\>,AFTER,2025-03-03,23:10:37,Cady,Or or or
2025-03-03,Henry Woods,and then realise that you’ve probably been taken by at least 5 guys already ð \<This message was edited\>,AFTER,2025-03-03,23:10:39,Henry Woods,perhaps there’d be a way to engineer it that you didn’t realise anyone else was there until another cock is shoved into your pussy
2025-03-03,Henry Woods,and then realise that you’ve probably been taken by at least 5 guys already ð \<This message was edited\>,AFTER,2025-03-03,23:10:50,Cady,Yeah
2025-03-03,Henry Woods,and then realise that you’ve probably been taken by at least 5 guys already ð \<This message was edited\>,AFTER,2025-03-03,23:10:51,Henry Woods,(obviously I’d be using your ass)
2025-03-03,Henry Woods,and then realise that you’ve probably been taken by at least 5 guys already ð \<This message was edited\>,AFTER,2025-03-03,23:10:57,Cady,Mmmmm yes obvi
2025-03-03,Henry Woods,and then realise that you’ve probably been taken by at least 5 guys already ð \<This message was edited\>,AFTER,2025-03-03,23:11:18,Henry Woods,I think it’d be doable
2025-03-03,Henry Woods,you think you’re all macho? this tiny slut can take on 8 men and leave them all begging for mercy \<This message was edited\>,BEFORE,2025-03-03,23:10:57,Cady,Mmmmm yes obvi
2025-03-03,Henry Woods,you think you’re all macho? this tiny slut can take on 8 men and leave them all begging for mercy \<This message was edited\>,BEFORE,2025-03-03,23:11:18,Henry Woods,I think it’d be doable
2025-03-03,Henry Woods,you think you’re all macho? this tiny slut can take on 8 men and leave them all begging for mercy \<This message was edited\>,BEFORE,2025-03-03,23:11:30,Cady,Mmhm
2025-03-03,Henry Woods,you think you’re all macho? this tiny slut can take on 8 men and leave them all begging for mercy \<This message was edited\>,BEFORE,2025-03-03,23:12:22,Henry Woods,"just fucking you like normal, then suddenly out of nowhere you have two more dicks shoved into your holes"
2025-03-03,Henry Woods,you think you’re all macho? this tiny slut can take on 8 men and leave them all begging for mercy \<This message was edited\>,BEFORE,2025-03-03,23:12:27,Cady,Hehehe eeee I love this
2025-03-03,Henry Woods,you think you’re all macho? this tiny slut can take on 8 men and leave them all begging for mercy \<This message was edited\>,BEFORE,2025-03-03,23:12:30,Cady,Yes
2025-03-03,Henry Woods,you think you’re all macho? this tiny slut can take on 8 men and leave them all begging for mercy \<This message was edited\>,BEFORE,2025-03-03,23:12:57,Henry Woods,unf I can’t wait to start gangbanging you regularly
2025-03-03,Henry Woods,you think you’re all macho? this tiny slut can take on 8 men and leave them all begging for mercy \<This message was edited\>,BEFORE,2025-03-03,23:13:07,Cady,Unf Unf me too babe
2025-03-03,Henry Woods,you think you’re all macho? this tiny slut can take on 8 men and leave them all begging for mercy \<This message was edited\>,BEFORE,2025-03-03,23:13:27,Henry Woods,just showing off to everyone how much of an insatiable little whore you are
2025-03-03,Henry Woods,you think you’re all macho? this tiny slut can take on 8 men and leave them all begging for mercy \<This message was edited\>,BEFORE,2025-03-03,23:13:30,Cady,My body is all throbbing
2025-03-03,Henry Woods,you think you’re all macho? this tiny slut can take on 8 men and leave them all begging for mercy \<This message was edited\>,TARGET,2025-03-03,23:14:10,Henry Woods,you think you’re all macho? this tiny slut can take on 8 men and leave them all begging for mercy \<This message was edited\>
2025-03-03,Henry Woods,you think you’re all macho? this tiny slut can take on 8 men and leave them all begging for mercy \<This message was edited\>,AFTER,2025-03-03,23:14:45,Cady,Hehehehe
2025-03-03,Henry Woods,you think you’re all macho? this tiny slut can take on 8 men and leave them all begging for mercy \<This message was edited\>,AFTER,2025-03-03,23:14:46,Cady,Yes
2025-03-03,Henry Woods,you think you’re all macho? this tiny slut can take on 8 men and leave them all begging for mercy \<This message was edited\>,AFTER,2025-03-03,23:15:30,Cady,I can’t wait for it to be the norm
2025-03-03,Henry Woods,you think you’re all macho? this tiny slut can take on 8 men and leave them all begging for mercy \<This message was edited\>,AFTER,2025-03-03,23:15:39,Cady,I’m ready to rip off the bandaid
2025-03-03,Henry Woods,you think you’re all macho? this tiny slut can take on 8 men and leave them all begging for mercy \<This message was edited\>,AFTER,2025-03-03,23:15:46,Henry Woods,yes
2025-03-03,Henry Woods,you think you’re all macho? this tiny slut can take on 8 men and leave them all begging for mercy \<This message was edited\>,AFTER,2025-03-03,23:15:47,Cady,I wanna know what it feels like so badly hehe
2025-03-03,Henry Woods,you think you’re all macho? this tiny slut can take on 8 men and leave them all begging for mercy \<This message was edited\>,AFTER,2025-03-03,23:15:54,Henry Woods,hehehe
2025-03-03,Henry Woods,you think you’re all macho? this tiny slut can take on 8 men and leave them all begging for mercy \<This message was edited\>,AFTER,2025-03-03,23:16:52,Henry Woods,get you to the stage where you’ve had more gangbangs than most people have had partners
2025-03-03,Henry Woods,you think you’re all macho? this tiny slut can take on 8 men and leave them all begging for mercy \<This message was edited\>,AFTER,2025-03-03,23:17:12,Cady,Hahaha indeed
2025-03-03,Henry Woods,you think you’re all macho? this tiny slut can take on 8 men and leave them all begging for mercy \<This message was edited\>,AFTER,2025-03-03,23:17:53,Henry Woods,so much of a spoilt slut that 5 guys barely even excites you anymore
2025-03-03,Henry Woods,so much of a spoilt slut that 5 guys barely even excites you anymore,BEFORE,2025-03-03,23:14:10,Henry Woods,you think you’re all macho? this tiny slut can take on 8 men and leave them all begging for mercy \<This message was edited\>
2025-03-03,Henry Woods,so much of a spoilt slut that 5 guys barely even excites you anymore,BEFORE,2025-03-03,23:14:45,Cady,Hehehehe
2025-03-03,Henry Woods,so much of a spoilt slut that 5 guys barely even excites you anymore,BEFORE,2025-03-03,23:14:46,Cady,Yes
2025-03-03,Henry Woods,so much of a spoilt slut that 5 guys barely even excites you anymore,BEFORE,2025-03-03,23:15:30,Cady,I can’t wait for it to be the norm
2025-03-03,Henry Woods,so much of a spoilt slut that 5 guys barely even excites you anymore,BEFORE,2025-03-03,23:15:39,Cady,I’m ready to rip off the bandaid
2025-03-03,Henry Woods,so much of a spoilt slut that 5 guys barely even excites you anymore,BEFORE,2025-03-03,23:15:46,Henry Woods,yes
2025-03-03,Henry Woods,so much of a spoilt slut that 5 guys barely even excites you anymore,BEFORE,2025-03-03,23:15:47,Cady,I wanna know what it feels like so badly hehe
2025-03-03,Henry Woods,so much of a spoilt slut that 5 guys barely even excites you anymore,BEFORE,2025-03-03,23:15:54,Henry Woods,hehehe
2025-03-03,Henry Woods,so much of a spoilt slut that 5 guys barely even excites you anymore,BEFORE,2025-03-03,23:16:52,Henry Woods,get you to the stage where you’ve had more gangbangs than most people have had partners
2025-03-03,Henry Woods,so much of a spoilt slut that 5 guys barely even excites you anymore,BEFORE,2025-03-03,23:17:12,Cady,Hahaha indeed
2025-03-03,Henry Woods,so much of a spoilt slut that 5 guys barely even excites you anymore,TARGET,2025-03-03,23:17:53,Henry Woods,so much of a spoilt slut that 5 guys barely even excites you anymore
2025-03-03,Henry Woods,so much of a spoilt slut that 5 guys barely even excites you anymore,AFTER,2025-03-03,23:18:09,Cady,Hehehe mmhm
2025-03-03,Henry Woods,so much of a spoilt slut that 5 guys barely even excites you anymore,AFTER,2025-03-03,23:18:18,Cady,Imagine
2025-03-03,Henry Woods,so much of a spoilt slut that 5 guys barely even excites you anymore,AFTER,2025-03-03,23:19:40,Henry Woods,I think it’ll be so easy
2025-03-03,Henry Woods,so much of a spoilt slut that 5 guys barely even excites you anymore,AFTER,2025-03-03,23:20:03,Cady,I know you’ll get me there
2025-03-03,Henry Woods,so much of a spoilt slut that 5 guys barely even excites you anymore,AFTER,2025-03-03,23:20:30,Henry Woods,"constantly having to do more depraved, extreme stuff"
2025-03-03,Henry Woods,so much of a spoilt slut that 5 guys barely even excites you anymore,AFTER,2025-03-03,23:21:00,Cady,ðð
2025-03-03,Henry Woods,so much of a spoilt slut that 5 guys barely even excites you anymore,AFTER,2025-03-03,23:21:03,Cady,Hehe
2025-03-03,Henry Woods,so much of a spoilt slut that 5 guys barely even excites you anymore,AFTER,2025-03-03,23:21:42,Henry Woods,"well and truly turned into the filthiest, most desperate little whore imaginable"
2025-03-03,Henry Woods,so much of a spoilt slut that 5 guys barely even excites you anymore,AFTER,2025-03-03,23:21:55,Cady,You promise?
2025-03-03,Henry Woods,so much of a spoilt slut that 5 guys barely even excites you anymore,AFTER,2025-03-03,23:22:14,Henry Woods,oh yes
2025-03-17,Henry Woods,Also I’ll have to sign up to onlyfans too so I can star in videos with you,BEFORE,2025-03-17,11:54:17,Cady,God you’re fucking perfect
2025-03-17,Henry Woods,Also I’ll have to sign up to onlyfans too so I can star in videos with you,BEFORE,2025-03-17,11:54:28,Henry Woods,Wishing you were here for birthday sex
2025-03-17,Henry Woods,Also I’ll have to sign up to onlyfans too so I can star in videos with you,BEFORE,2025-03-17,11:54:33,Cady,Yes
2025-03-17,Henry Woods,Also I’ll have to sign up to onlyfans too so I can star in videos with you,BEFORE,2025-03-17,11:54:43,Henry Woods,/birthday starting your porn career
2025-03-17,Henry Woods,Also I’ll have to sign up to onlyfans too so I can star in videos with you,BEFORE,2025-03-17,11:55:16,Henry Woods,/birthday gangbang
2025-03-17,Henry Woods,Also I’ll have to sign up to onlyfans too so I can star in videos with you,BEFORE,2025-03-17,11:55:32,Henry Woods,Unf I love you
2025-03-17,Henry Woods,Also I’ll have to sign up to onlyfans too so I can star in videos with you,BEFORE,2025-03-17,11:56:34,Henry Woods,Sad we were too unwell to plan your dp
2025-03-17,Henry Woods,Also I’ll have to sign up to onlyfans too so I can star in videos with you,BEFORE,2025-03-17,11:56:52,Henry Woods,First day we’re together again ð
2025-03-17,Henry Woods,Also I’ll have to sign up to onlyfans too so I can star in videos with you,BEFORE,2025-03-17,11:57:47,Cady,Hehehe same same
2025-03-17,Henry Woods,Also I’ll have to sign up to onlyfans too so I can star in videos with you,BEFORE,2025-03-17,11:57:53,Cady,Fuck yes you get whatever you want
2025-03-17,Henry Woods,Also I’ll have to sign up to onlyfans too so I can star in videos with you,TARGET,2025-03-17,11:59:29,Henry Woods,Also I’ll have to sign up to onlyfans too so I can star in videos with you
2025-03-17,Henry Woods,Also I’ll have to sign up to onlyfans too so I can star in videos with you,AFTER,2025-03-17,11:59:36,Cady,You will
2025-03-17,Henry Woods,Also I’ll have to sign up to onlyfans too so I can star in videos with you,AFTER,2025-03-17,11:59:44,Cady,Hehe so much to do
2025-03-17,Henry Woods,Also I’ll have to sign up to onlyfans too so I can star in videos with you,AFTER,2025-03-17,12:00:03,Cady,We are going to have the best life
2025-03-17,Henry Woods,Also I’ll have to sign up to onlyfans too so I can star in videos with you,AFTER,2025-03-17,12:00:23,Henry Woods,We are :) \<This message was edited\>
2025-03-17,Henry Woods,Also I’ll have to sign up to onlyfans too so I can star in videos with you,AFTER,2025-03-17,12:01:27,Henry Woods,Travel around doing fun sports and making content
2025-03-17,Henry Woods,Also I’ll have to sign up to onlyfans too so I can star in videos with you,AFTER,2025-03-17,12:01:56,Cady,Fuck yes
2025-03-17,Henry Woods,Also I’ll have to sign up to onlyfans too so I can star in videos with you,AFTER,2025-03-17,12:02:22,Cady,Obnoxiously in love hehe
2025-03-17,Henry Woods,Also I’ll have to sign up to onlyfans too so I can star in videos with you,AFTER,2025-03-17,12:25:59,Cady,I love this of you
2025-03-17,Henry Woods,Also I’ll have to sign up to onlyfans too so I can star in videos with you,AFTER,2025-03-17,12:28:24,Cady,
2025-03-17,Henry Woods,Also I’ll have to sign up to onlyfans too so I can star in videos with you,AFTER,2025-03-17,15:06:37,Cady,Just landed in birmingham :(
2025-03-17,Henry Woods,Travel around doing fun sports and making content,BEFORE,2025-03-17,11:55:32,Henry Woods,Unf I love you
2025-03-17,Henry Woods,Travel around doing fun sports and making content,BEFORE,2025-03-17,11:56:34,Henry Woods,Sad we were too unwell to plan your dp
2025-03-17,Henry Woods,Travel around doing fun sports and making content,BEFORE,2025-03-17,11:56:52,Henry Woods,First day we’re together again ð
2025-03-17,Henry Woods,Travel around doing fun sports and making content,BEFORE,2025-03-17,11:57:47,Cady,Hehehe same same
2025-03-17,Henry Woods,Travel around doing fun sports and making content,BEFORE,2025-03-17,11:57:53,Cady,Fuck yes you get whatever you want
2025-03-17,Henry Woods,Travel around doing fun sports and making content,BEFORE,2025-03-17,11:59:29,Henry Woods,Also I’ll have to sign up to onlyfans too so I can star in videos with you
2025-03-17,Henry Woods,Travel around doing fun sports and making content,BEFORE,2025-03-17,11:59:36,Cady,You will
2025-03-17,Henry Woods,Travel around doing fun sports and making content,BEFORE,2025-03-17,11:59:44,Cady,Hehe so much to do
2025-03-17,Henry Woods,Travel around doing fun sports and making content,BEFORE,2025-03-17,12:00:03,Cady,We are going to have the best life
2025-03-17,Henry Woods,Travel around doing fun sports and making content,BEFORE,2025-03-17,12:00:23,Henry Woods,We are :) \<This message was edited\>
2025-03-17,Henry Woods,Travel around doing fun sports and making content,TARGET,2025-03-17,12:01:27,Henry Woods,Travel around doing fun sports and making content
2025-03-17,Henry Woods,Travel around doing fun sports and making content,AFTER,2025-03-17,12:01:56,Cady,Fuck yes
2025-03-17,Henry Woods,Travel around doing fun sports and making content,AFTER,2025-03-17,12:02:22,Cady,Obnoxiously in love hehe
2025-03-17,Henry Woods,Travel around doing fun sports and making content,AFTER,2025-03-17,12:25:59,Cady,I love this of you
2025-03-17,Henry Woods,Travel around doing fun sports and making content,AFTER,2025-03-17,12:28:24,Cady,
2025-03-17,Henry Woods,Travel around doing fun sports and making content,AFTER,2025-03-17,15:06:37,Cady,Just landed in birmingham :(
2025-03-17,Henry Woods,Travel around doing fun sports and making content,AFTER,2025-03-17,15:06:45,Cady,I think I’m gonna sleep the rest of the day I
2025-03-17,Henry Woods,Travel around doing fun sports and making content,AFTER,2025-03-17,15:31:40,Henry Woods,You’ll be leaving again soon :)
2025-03-17,Henry Woods,Travel around doing fun sports and making content,AFTER,2025-03-17,15:32:01,Henry Woods,Loving you
2025-03-17,Henry Woods,Travel around doing fun sports and making content,AFTER,2025-03-17,15:51:16,Cady,Loving you :)
2025-03-17,Henry Woods,Travel around doing fun sports and making content,AFTER,2025-03-17,15:51:44,Cady,Best trip of my life babe
2025-03-18,Cady,I’m going to be paid very little at the end of the month and won’t be able to pay rent unless the sugar dating goes well,BEFORE,2025-03-18,12:06:37,Henry Woods,You might need to suck a bit more dick ð
2025-03-18,Cady,I’m going to be paid very little at the end of the month and won’t be able to pay rent unless the sugar dating goes well,BEFORE,2025-03-18,12:06:51,Cady,Already setting up appointments for this week
2025-03-18,Cady,I’m going to be paid very little at the end of the month and won’t be able to pay rent unless the sugar dating goes well,BEFORE,2025-03-18,12:07:13,Henry Woods,Jacky buying loads of drugs I didn’t really want and tax has cleared me out
2025-03-18,Cady,I’m going to be paid very little at the end of the month and won’t be able to pay rent unless the sugar dating goes well,BEFORE,2025-03-18,12:07:42,Cady,I see
2025-03-18,Cady,I’m going to be paid very little at the end of the month and won’t be able to pay rent unless the sugar dating goes well,BEFORE,2025-03-18,12:07:49,Henry Woods,\*\*should\*\* be getting my next payment through shortly but Andy is a bit haphazard too ð
2025-03-18,Cady,I’m going to be paid very little at the end of the month and won’t be able to pay rent unless the sugar dating goes well,BEFORE,2025-03-18,12:07:50,Cady,Yeah that was too much for me looking back
2025-03-18,Cady,I’m going to be paid very little at the end of the month and won’t be able to pay rent unless the sugar dating goes well,BEFORE,2025-03-18,12:07:57,Cady,I don’t need to be that high ya know
2025-03-18,Cady,I’m going to be paid very little at the end of the month and won’t be able to pay rent unless the sugar dating goes well,BEFORE,2025-03-18,12:08:05,Henry Woods,Exactly
2025-03-18,Cady,I’m going to be paid very little at the end of the month and won’t be able to pay rent unless the sugar dating goes well,BEFORE,2025-03-18,12:08:30,Cady,Let’s have a more comprehensive money chat later
2025-03-18,Cady,I’m going to be paid very little at the end of the month and won’t be able to pay rent unless the sugar dating goes well,BEFORE,2025-03-18,12:08:40,Henry Woods,"We live, we learn, we bin people"
2025-03-18,Cady,I’m going to be paid very little at the end of the month and won’t be able to pay rent unless the sugar dating goes well,TARGET,2025-03-18,12:08:54,Cady,I’m going to be paid very little at the end of the month and won’t be able to pay rent unless the sugar dating goes well
2025-03-18,Cady,I’m going to be paid very little at the end of the month and won’t be able to pay rent unless the sugar dating goes well,AFTER,2025-03-18,12:09:01,Cady,Which I don’t see why it shouldn’t but
2025-03-18,Cady,I’m going to be paid very little at the end of the month and won’t be able to pay rent unless the sugar dating goes well,AFTER,2025-03-18,12:09:02,Henry Woods,Okies
2025-03-18,Cady,I’m going to be paid very little at the end of the month and won’t be able to pay rent unless the sugar dating goes well,AFTER,2025-03-18,12:09:07,Henry Woods,Either way
2025-03-18,Cady,I’m going to be paid very little at the end of the month and won’t be able to pay rent unless the sugar dating goes well,AFTER,2025-03-18,12:09:25,Henry Woods,As far as I’m concerned it’s our future and our money
2025-03-18,Cady,I’m going to be paid very little at the end of the month and won’t be able to pay rent unless the sugar dating goes well,AFTER,2025-03-18,12:09:38,Henry Woods,So I’m very happy to help
2025-03-18,Cady,I’m going to be paid very little at the end of the month and won’t be able to pay rent unless the sugar dating goes well,AFTER,2025-03-18,12:09:42,Cady,Baby you don’t know how healing that is for me
2025-03-18,Cady,I’m going to be paid very little at the end of the month and won’t be able to pay rent unless the sugar dating goes well,AFTER,2025-03-18,12:09:52,Henry Woods,Might have to postpone the loft
2025-03-18,Cady,I’m going to be paid very little at the end of the month and won’t be able to pay rent unless the sugar dating goes well,AFTER,2025-03-18,12:09:55,Cady,Just keep me posted so we’re a team about it :)
2025-03-18,Cady,I’m going to be paid very little at the end of the month and won’t be able to pay rent unless the sugar dating goes well,AFTER,2025-03-18,12:09:58,Cady,I’m sorry about that
2025-03-18,Cady,I’m going to be paid very little at the end of the month and won’t be able to pay rent unless the sugar dating goes well,AFTER,2025-03-18,12:10:02,Henry Woods,Exactly
2025-03-18,Cady,And have a sugar appt tomorrow\!,BEFORE,2025-03-18,13:49:23,Cady,Hahahaha
2025-03-18,Cady,And have a sugar appt tomorrow\!,BEFORE,2025-03-18,13:49:30,Cady,Hehe
2025-03-18,Cady,And have a sugar appt tomorrow\!,BEFORE,2025-03-18,13:49:33,Cady,Something like that
2025-03-18,Cady,And have a sugar appt tomorrow\!,BEFORE,2025-03-18,13:57:14,Henry Woods,https://www.theguardian.com/books/article/2024/jun/29/guess-what-mummy-is-a-sex-worker-the-sexologist-who-wants-to-build-a-slutopia-for-women
2025-03-18,Cady,And have a sugar appt tomorrow\!,BEFORE,2025-03-18,13:57:55,Cady,Oh my goodness
2025-03-18,Cady,And have a sugar appt tomorrow\!,BEFORE,2025-03-18,13:58:03,Cady,Sounds like my idol
2025-03-18,Cady,And have a sugar appt tomorrow\!,BEFORE,2025-03-18,14:25:59,Henry Woods,‘my two mummy’s argue over who gets to suck daddy’s cum out of the other’s butthole’
2025-03-18,Cady,And have a sugar appt tomorrow\!,BEFORE,2025-03-18,14:26:31,Cady,Hehehe yes
2025-03-18,Cady,And have a sugar appt tomorrow\!,BEFORE,2025-03-18,14:34:14,Cady,Checking stuff off the to do list easy as pie so far
2025-03-18,Cady,And have a sugar appt tomorrow\!,BEFORE,2025-03-18,14:34:43,Henry Woods,ð
2025-03-18,Cady,And have a sugar appt tomorrow\!,TARGET,2025-03-18,14:46:58,Cady,And have a sugar appt tomorrow\!
2025-03-18,Cady,And have a sugar appt tomorrow\!,AFTER,2025-03-18,14:47:26,Cady,Small dick dude lol
2025-03-18,Cady,And have a sugar appt tomorrow\!,AFTER,2025-03-18,15:34:12,Henry Woods,Lel
2025-03-18,Cady,And have a sugar appt tomorrow\!,AFTER,2025-03-18,15:34:30,Henry Woods,Looking forward though?
2025-03-18,Cady,And have a sugar appt tomorrow\!,AFTER,2025-03-18,15:34:54,Cady,Yeah
2025-03-18,Cady,And have a sugar appt tomorrow\!,AFTER,2025-03-18,15:35:13,Cady,Easy but interesting as a job lol
2025-03-18,Cady,And have a sugar appt tomorrow\!,AFTER,2025-03-18,15:35:23,Henry Woods,Nice
2025-03-18,Cady,And have a sugar appt tomorrow\!,AFTER,2025-03-18,15:35:40,Henry Woods,Though…big dicks are harder?
2025-03-18,Cady,And have a sugar appt tomorrow\!,AFTER,2025-03-18,15:37:05,Cady,Well slightly more work physically
2025-03-18,Cady,And have a sugar appt tomorrow\!,AFTER,2025-03-18,15:37:13,Cady,And I do love it
2025-03-18,Cady,And have a sugar appt tomorrow\!,AFTER,2025-03-18,15:38:05,Cady,I want to make a 1500$ appointment this week tho
2025-03-18,Henry Woods,Hopefully at some point you can specialise in guys whose dicks are TOO big for normal girls,BEFORE,2025-03-18,15:38:11,Henry Woods,Need to stretch more
2025-03-18,Henry Woods,Hopefully at some point you can specialise in guys whose dicks are TOO big for normal girls,BEFORE,2025-03-18,15:38:20,Cady,Mmmm oh yes
2025-03-18,Henry Woods,Hopefully at some point you can specialise in guys whose dicks are TOO big for normal girls,BEFORE,2025-03-18,15:38:40,Cady,I’ll be more stretched out hopefully by June
2025-03-18,Henry Woods,Hopefully at some point you can specialise in guys whose dicks are TOO big for normal girls,BEFORE,2025-03-18,15:38:45,Henry Woods,So they just slide in no matter the size
2025-03-18,Henry Woods,Hopefully at some point you can specialise in guys whose dicks are TOO big for normal girls,BEFORE,2025-03-18,15:38:51,Cady,Yesssss
2025-03-18,Henry Woods,Hopefully at some point you can specialise in guys whose dicks are TOO big for normal girls,BEFORE,2025-03-18,15:39:02,Cady,Mmm I love how slutty you like me to be
2025-03-18,Henry Woods,Hopefully at some point you can specialise in guys whose dicks are TOO big for normal girls,BEFORE,2025-03-18,15:41:07,Henry Woods,Me toooo
2025-03-18,Henry Woods,Hopefully at some point you can specialise in guys whose dicks are TOO big for normal girls,BEFORE,2025-03-18,15:41:40,Henry Woods,I love that you love me wanting you to be slutty \<This message was edited\>
2025-03-18,Henry Woods,Hopefully at some point you can specialise in guys whose dicks are TOO big for normal girls,BEFORE,2025-03-18,15:42:00,Cady,Mmmm
2025-03-18,Henry Woods,Hopefully at some point you can specialise in guys whose dicks are TOO big for normal girls,BEFORE,2025-03-18,15:42:16,Cady,Are you going to get slutty soon?
2025-03-18,Henry Woods,Hopefully at some point you can specialise in guys whose dicks are TOO big for normal girls,TARGET,2025-03-18,15:42:42,Henry Woods,Hopefully at some point you can specialise in guys whose dicks are TOO big for normal girls
2025-03-18,Henry Woods,Hopefully at some point you can specialise in guys whose dicks are TOO big for normal girls,AFTER,2025-03-18,15:42:50,Cady,Oh yes \<This message was edited\>
2025-03-18,Henry Woods,Hopefully at some point you can specialise in guys whose dicks are TOO big for normal girls,AFTER,2025-03-18,15:43:07,Henry Woods,‘Need to hire Cady cause no one else can take my 10” dick up the ass’ \<This message was edited\>
2025-03-18,Henry Woods,Hopefully at some point you can specialise in guys whose dicks are TOO big for normal girls,AFTER,2025-03-18,15:43:20,Cady,Yeah I’m not far from that
2025-03-18,Henry Woods,Hopefully at some point you can specialise in guys whose dicks are TOO big for normal girls,AFTER,2025-03-18,15:43:27,Cady,Rob fucked my ass with his 9
2025-03-18,Henry Woods,Hopefully at some point you can specialise in guys whose dicks are TOO big for normal girls,AFTER,2025-03-18,15:44:18,Henry Woods,Unf
2025-03-18,Henry Woods,Hopefully at some point you can specialise in guys whose dicks are TOO big for normal girls,AFTER,2025-03-18,15:44:58,Henry Woods,You okay with being a mainstream pornstar?
2025-03-18,Henry Woods,Hopefully at some point you can specialise in guys whose dicks are TOO big for normal girls,AFTER,2025-03-18,15:45:00,Cady,I just need it more consistently whilst my ass gets used to being fucked hard for a long time
2025-03-18,Henry Woods,Hopefully at some point you can specialise in guys whose dicks are TOO big for normal girls,AFTER,2025-03-18,15:45:08,Cady,Yes if you are
2025-03-18,Henry Woods,Hopefully at some point you can specialise in guys whose dicks are TOO big for normal girls,AFTER,2025-03-18,15:45:10,Henry Woods,Pretty sure I want that
2025-03-18,Henry Woods,Hopefully at some point you can specialise in guys whose dicks are TOO big for normal girls,AFTER,2025-03-18,15:45:38,Cady,I’m pretty sure I’ll do whatever you want lol
2025-03-19,Henry Woods,too many guys to remember them all ;P,BEFORE,2025-03-19,09:39:11,Henry Woods,all good
2025-03-19,Henry Woods,too many guys to remember them all ;P,BEFORE,2025-03-19,09:39:22,Cady,And after an hour he was like girl you need to go to bed we can pick this up later this week
2025-03-19,Henry Woods,too many guys to remember them all ;P,BEFORE,2025-03-19,09:39:27,Cady,It was really nice actually
2025-03-19,Henry Woods,too many guys to remember them all ;P,BEFORE,2025-03-19,09:39:27,Henry Woods,probably wanted to focus on pounding your little holes ð
2025-03-19,Henry Woods,too many guys to remember them all ;P,BEFORE,2025-03-19,09:39:51,Cady,Yes hehe
2025-03-19,Henry Woods,too many guys to remember them all ;P,BEFORE,2025-03-19,09:40:09,Henry Woods,teehee
2025-03-19,Henry Woods,too many guys to remember them all ;P,BEFORE,2025-03-19,09:40:15,Henry Woods,just your pussy?
2025-03-19,Henry Woods,too many guys to remember them all ;P,BEFORE,2025-03-19,09:40:23,Cady,and mouth
2025-03-19,Henry Woods,too many guys to remember them all ;P,BEFORE,2025-03-19,09:40:25,Cady,No ass
2025-03-19,Henry Woods,too many guys to remember them all ;P,BEFORE,2025-03-19,09:40:41,Cady,I can’t remember if he’s fucked my ass yet
2025-03-19,Henry Woods,too many guys to remember them all ;P,TARGET,2025-03-19,09:44:46,Henry Woods,too many guys to remember them all ;P
2025-03-19,Henry Woods,too many guys to remember them all ;P,AFTER,2025-03-19,09:44:58,Cady,Heheheh yep
2025-03-19,Henry Woods,too many guys to remember them all ;P,AFTER,2025-03-19,13:13:26,Cady,Eeee I think Dewon is ready to let me paint with him
2025-03-19,Henry Woods,too many guys to remember them all ;P,AFTER,2025-03-19,14:42:00,Henry Woods,Teehee
2025-03-19,Henry Woods,too many guys to remember them all ;P,AFTER,2025-03-19,14:42:02,Henry Woods,Fun
2025-03-19,Henry Woods,too many guys to remember them all ;P,AFTER,2025-03-19,14:49:46,Cady,Love you lots babe xx
2025-03-19,Henry Woods,too many guys to remember them all ;P,AFTER,2025-03-19,16:22:51,Cady,Looking at the visa timeline. 12 weeks from today is 11 June and I believe the 12 weeks starts when you attend the biometrics appointment and turn in all the paperwork evidence
2025-03-19,Henry Woods,too many guys to remember them all ;P,AFTER,2025-03-19,16:23:31,Cady,"From what I’m reading now, it says that I wouldn’t be able to switch from a visitor visa to a partner visa in the Uk"
2025-03-19,Henry Woods,too many guys to remember them all ;P,AFTER,2025-03-19,16:27:22,Cady,You can pay for the premium service and expedite it to 30 days but idk how expensive that is. I feel like it was a lot last time I looked
2025-03-19,Henry Woods,too many guys to remember them all ;P,AFTER,2025-03-19,16:31:12,Cady,Well gpt says it’s just £500
2025-03-19,Henry Woods,too many guys to remember them all ;P,AFTER,2025-03-19,18:28:01,Cady,"Video call, No answer"
2025-03-23,Cady,Dude Im doing a sugar date with tomorrow wants me to meet him at the supermarket by his house and ride with him there so his neighbors dont see my car,BEFORE,2025-03-23,04:47:43,Henry Woods,But I’m headed to bed now
2025-03-23,Cady,Dude Im doing a sugar date with tomorrow wants me to meet him at the supermarket by his house and ride with him there so his neighbors dont see my car,BEFORE,2025-03-23,04:48:24,Henry Woods,Have been trading on ‘hey this is my news…I’m getting married’ all night and I love it and I’m so excited and I love you
2025-03-23,Cady,Dude Im doing a sugar date with tomorrow wants me to meet him at the supermarket by his house and ride with him there so his neighbors dont see my car,BEFORE,2025-03-23,08:42:47,Cady,Awe sad\!
2025-03-23,Cady,Dude Im doing a sugar date with tomorrow wants me to meet him at the supermarket by his house and ride with him there so his neighbors dont see my car,BEFORE,2025-03-23,08:42:57,Cady,OMG sooo fun :)
2025-03-23,Cady,Dude Im doing a sugar date with tomorrow wants me to meet him at the supermarket by his house and ride with him there so his neighbors dont see my car,BEFORE,2025-03-23,08:43:35,Cady,It’s so wonderful to be yours hen :)
2025-03-23,Cady,Dude Im doing a sugar date with tomorrow wants me to meet him at the supermarket by his house and ride with him there so his neighbors dont see my car,BEFORE,2025-03-23,12:12:02,Henry Woods,And it’s wonderful to be yours and to have you :)
2025-03-23,Cady,Dude Im doing a sugar date with tomorrow wants me to meet him at the supermarket by his house and ride with him there so his neighbors dont see my car,BEFORE,2025-03-23,12:36:03,Cady,ð¥°ð¥°ð¥°ð¥°ð¥°
2025-03-23,Cady,Dude Im doing a sugar date with tomorrow wants me to meet him at the supermarket by his house and ride with him there so his neighbors dont see my car,BEFORE,2025-03-23,12:37:17,Cady,Wish we were cuddling
2025-03-23,Cady,Dude Im doing a sugar date with tomorrow wants me to meet him at the supermarket by his house and ride with him there so his neighbors dont see my car,BEFORE,2025-03-23,12:37:22,Cady,Just woke from the dead
2025-03-23,Cady,Dude Im doing a sugar date with tomorrow wants me to meet him at the supermarket by his house and ride with him there so his neighbors dont see my car,BEFORE,2025-03-23,16:09:33,Cady,Having a good day baba?
2025-03-23,Cady,Dude Im doing a sugar date with tomorrow wants me to meet him at the supermarket by his house and ride with him there so his neighbors dont see my car,TARGET,2025-03-23,16:45:32,Cady,Dude Im doing a sugar date with tomorrow wants me to meet him at the supermarket by his house and ride with him there so his neighbors dont see my car
2025-03-23,Cady,Dude Im doing a sugar date with tomorrow wants me to meet him at the supermarket by his house and ride with him there so his neighbors dont see my car,AFTER,2025-03-23,16:45:43,Cady,Im like get over it that’s too unsafe for me.
2025-03-23,Cady,Dude Im doing a sugar date with tomorrow wants me to meet him at the supermarket by his house and ride with him there so his neighbors dont see my car,AFTER,2025-03-23,16:45:45,Cady,Right?
2025-03-23,Cady,Dude Im doing a sugar date with tomorrow wants me to meet him at the supermarket by his house and ride with him there so his neighbors dont see my car,AFTER,2025-03-23,16:46:05,Henry Woods,hmm \<This message was edited\>
2025-03-23,Cady,Dude Im doing a sugar date with tomorrow wants me to meet him at the supermarket by his house and ride with him there so his neighbors dont see my car,AFTER,2025-03-23,16:46:14,Henry Woods,two minds
2025-03-23,Cady,Dude Im doing a sugar date with tomorrow wants me to meet him at the supermarket by his house and ride with him there so his neighbors dont see my car,AFTER,2025-03-23,16:46:37,Henry Woods,how close is the supermarket?
2025-03-23,Cady,Dude Im doing a sugar date with tomorrow wants me to meet him at the supermarket by his house and ride with him there so his neighbors dont see my car,AFTER,2025-03-23,16:46:47,Henry Woods,/could you park down the street?
2025-03-23,Cady,Dude Im doing a sugar date with tomorrow wants me to meet him at the supermarket by his house and ride with him there so his neighbors dont see my car,AFTER,2025-03-23,16:46:48,Cady,I tjink right around the corner but I’m not sure
2025-03-23,Cady,Dude Im doing a sugar date with tomorrow wants me to meet him at the supermarket by his house and ride with him there so his neighbors dont see my car,AFTER,2025-03-23,16:47:07,Henry Woods,so if it’s right around the corner you could just walk
2025-03-23,Cady,Dude Im doing a sugar date with tomorrow wants me to meet him at the supermarket by his house and ride with him there so his neighbors dont see my car,AFTER,2025-03-23,16:47:07,Cady,Asked
2025-03-23,Cady,Dude Im doing a sugar date with tomorrow wants me to meet him at the supermarket by his house and ride with him there so his neighbors dont see my car,AFTER,2025-03-23,16:47:20,Cady,He’s looking at getting a hotel instead
2025-03-23,Henry Woods,Gonna have to take a tour of guys that want to do you when we go back to visit Birmingham :p,BEFORE,2025-03-23,17:08:26,Cady,So much baby
2025-03-23,Henry Woods,Gonna have to take a tour of guys that want to do you when we go back to visit Birmingham :p,BEFORE,2025-03-23,18:19:40,Cady,Dewon finally wants to hang today
2025-03-23,Henry Woods,Gonna have to take a tour of guys that want to do you when we go back to visit Birmingham :p,BEFORE,2025-03-23,18:20:22,Cady,He’s gonna come over in a few hours
2025-03-23,Henry Woods,Gonna have to take a tour of guys that want to do you when we go back to visit Birmingham :p,BEFORE,2025-03-23,18:20:29,Cady,Then I’m gonna get drinks with Nathan lol
2025-03-23,Henry Woods,Gonna have to take a tour of guys that want to do you when we go back to visit Birmingham :p,BEFORE,2025-03-23,19:43:10,Cady,"Video call, 27 min"
2025-03-23,Henry Woods,Gonna have to take a tour of guys that want to do you when we go back to visit Birmingham :p,BEFORE,2025-03-23,21:27:38,Cady,Man. He can fuck
2025-03-23,Henry Woods,Gonna have to take a tour of guys that want to do you when we go back to visit Birmingham :p,BEFORE,2025-03-23,21:27:50,Henry Woods,Hehehe
2025-03-23,Henry Woods,Gonna have to take a tour of guys that want to do you when we go back to visit Birmingham :p,BEFORE,2025-03-23,21:27:52,Henry Woods,Yumm
2025-03-23,Henry Woods,Gonna have to take a tour of guys that want to do you when we go back to visit Birmingham :p,BEFORE,2025-03-23,21:28:30,Henry Woods,Ram his big dick up you nice and hard?
2025-03-23,Henry Woods,Gonna have to take a tour of guys that want to do you when we go back to visit Birmingham :p,BEFORE,2025-03-23,21:28:44,Henry Woods,Unf wish I’d been there
2025-03-23,Henry Woods,Gonna have to take a tour of guys that want to do you when we go back to visit Birmingham :p,TARGET,2025-03-23,21:31:15,Henry Woods,Gonna have to take a tour of guys that want to do you when we go back to visit Birmingham :p
2025-03-23,Henry Woods,Gonna have to take a tour of guys that want to do you when we go back to visit Birmingham :p,AFTER,2025-03-23,21:37:24,Henry Woods,Hehe you too busy getting fucked again to reply? ð
2025-03-23,Henry Woods,Gonna have to take a tour of guys that want to do you when we go back to visit Birmingham :p,AFTER,2025-03-23,21:37:33,Cady,Hahaha yes
2025-03-23,Henry Woods,Gonna have to take a tour of guys that want to do you when we go back to visit Birmingham :p,AFTER,2025-03-23,21:37:50,Cady,It was so good
2025-03-23,Henry Woods,Gonna have to take a tour of guys that want to do you when we go back to visit Birmingham :p,AFTER,2025-03-23,21:37:55,Henry Woods,Unf yum
2025-03-23,Henry Woods,Gonna have to take a tour of guys that want to do you when we go back to visit Birmingham :p,AFTER,2025-03-23,21:37:57,Cady,My cervix is sore
2025-03-23,Henry Woods,Gonna have to take a tour of guys that want to do you when we go back to visit Birmingham :p,AFTER,2025-03-23,21:37:58,Henry Woods,You lucky slut
2025-03-23,Henry Woods,Gonna have to take a tour of guys that want to do you when we go back to visit Birmingham :p,AFTER,2025-03-23,21:38:00,Cady,In the best way
2025-03-23,Henry Woods,Gonna have to take a tour of guys that want to do you when we go back to visit Birmingham :p,AFTER,2025-03-23,21:38:15,Cady,He’s a really sweet guy
2025-03-23,Henry Woods,Gonna have to take a tour of guys that want to do you when we go back to visit Birmingham :p,AFTER,2025-03-23,21:40:24,Henry Woods,Hehe
2025-03-23,Henry Woods,Gonna have to take a tour of guys that want to do you when we go back to visit Birmingham :p,AFTER,2025-03-23,21:40:46,Henry Woods,Sounds super fun
2025-03-23,Cady,I’m finding I prefer to fuck guys who have partners,BEFORE,2025-03-23,21:45:10,Henry Woods,Gonna make you all nice and loose as well
2025-03-23,Cady,I’m finding I prefer to fuck guys who have partners,BEFORE,2025-03-23,21:45:20,Cady,Mmmhmmmm
2025-03-23,Cady,I’m finding I prefer to fuck guys who have partners,BEFORE,2025-03-23,21:45:28,Cady,Yeah he was stretching me out for sure
2025-03-23,Cady,I’m finding I prefer to fuck guys who have partners,BEFORE,2025-03-23,21:46:23,Henry Woods,Can’t wait to feel it
2025-03-23,Cady,I’m finding I prefer to fuck guys who have partners,BEFORE,2025-03-23,21:46:39,Cady,This is gonna be the hardest stretch of waiting
2025-03-23,Cady,I’m finding I prefer to fuck guys who have partners,BEFORE,2025-03-23,21:46:44,Cady,But also easier i feel
2025-03-23,Cady,I’m finding I prefer to fuck guys who have partners,BEFORE,2025-03-23,21:46:48,Henry Woods,Hehe
2025-03-23,Cady,I’m finding I prefer to fuck guys who have partners,BEFORE,2025-03-23,21:47:13,Henry Woods,Easier as of 30 mins ago?
2025-03-23,Cady,I’m finding I prefer to fuck guys who have partners,BEFORE,2025-03-23,21:47:18,Cady,Hahahaha
2025-03-23,Cady,I’m finding I prefer to fuck guys who have partners,BEFORE,2025-03-23,21:47:19,Cady,Maybe
2025-03-23,Cady,I’m finding I prefer to fuck guys who have partners,TARGET,2025-03-23,21:47:49,Cady,I’m finding I prefer to fuck guys who have partners
2025-03-23,Cady,I’m finding I prefer to fuck guys who have partners,AFTER,2025-03-23,21:47:55,Cady,And everyone knows of course
2025-03-23,Cady,I’m finding I prefer to fuck guys who have partners,AFTER,2025-03-23,21:48:09,Cady,But they fuck better and they’re good friends
2025-03-23,Cady,I’m finding I prefer to fuck guys who have partners,AFTER,2025-03-23,21:48:17,Cady,And yeah that’s helps a lot lol
2025-03-23,Cady,I’m finding I prefer to fuck guys who have partners,AFTER,2025-03-23,21:49:10,Henry Woods,He has a partner too?
2025-03-23,Cady,I’m finding I prefer to fuck guys who have partners,AFTER,2025-03-23,21:49:18,Cady,Yeah he’s married
2025-03-23,Cady,I’m finding I prefer to fuck guys who have partners,AFTER,2025-03-23,21:49:21,Cady,3 kids
2025-03-23,Cady,I’m finding I prefer to fuck guys who have partners,AFTER,2025-03-23,21:49:24,Henry Woods,Oh blimey
2025-03-23,Cady,I’m finding I prefer to fuck guys who have partners,AFTER,2025-03-23,21:49:28,Cady,I think all different baby mamas lol
2025-03-23,Cady,I’m finding I prefer to fuck guys who have partners,AFTER,2025-03-23,21:49:32,Henry Woods,Yeah that’s partnered up
2025-03-23,Cady,I’m finding I prefer to fuck guys who have partners,AFTER,2025-03-23,21:49:48,Cady,But his wife was the one to open the relationship
2025-03-23,Cady,I’m seeing too many guys. I confused a new Aaron with my old fuck buddy Aaron and have been having a conversation with him and planned to fuck Wednesday and I thought I was talking to the other guy,BEFORE,2025-03-23,22:53:14,Cady,He didn’t say
2025-03-23,Cady,I’m seeing too many guys. I confused a new Aaron with my old fuck buddy Aaron and have been having a conversation with him and planned to fuck Wednesday and I thought I was talking to the other guy,BEFORE,2025-03-23,22:53:25,Henry Woods,Hehe think you were glad anyway :p
2025-03-23,Cady,I’m seeing too many guys. I confused a new Aaron with my old fuck buddy Aaron and have been having a conversation with him and planned to fuck Wednesday and I thought I was talking to the other guy,BEFORE,2025-03-23,22:53:30,Cady,But Dewon forgot his wallet so I’m bringing it to him now
2025-03-23,Cady,I’m seeing too many guys. I confused a new Aaron with my old fuck buddy Aaron and have been having a conversation with him and planned to fuck Wednesday and I thought I was talking to the other guy,BEFORE,2025-03-23,22:53:35,Henry Woods,Hehe
2025-03-23,Cady,I’m seeing too many guys. I confused a new Aaron with my old fuck buddy Aaron and have been having a conversation with him and planned to fuck Wednesday and I thought I was talking to the other guy,BEFORE,2025-03-23,22:53:36,Cady,Hehe yes I was
2025-03-23,Cady,I’m seeing too many guys. I confused a new Aaron with my old fuck buddy Aaron and have been having a conversation with him and planned to fuck Wednesday and I thought I was talking to the other guy,BEFORE,2025-03-23,22:53:50,Henry Woods,How’s he gonna say thanks? ð
2025-03-23,Cady,I’m seeing too many guys. I confused a new Aaron with my old fuck buddy Aaron and have been having a conversation with him and planned to fuck Wednesday and I thought I was talking to the other guy,BEFORE,2025-03-23,22:53:57,Cady,Hahaha eat my pussy I hope
2025-03-23,Cady,I’m seeing too many guys. I confused a new Aaron with my old fuck buddy Aaron and have been having a conversation with him and planned to fuck Wednesday and I thought I was talking to the other guy,BEFORE,2025-03-23,22:54:18,Cady,Or shove his cock down my throat
2025-03-23,Cady,I’m seeing too many guys. I confused a new Aaron with my old fuck buddy Aaron and have been having a conversation with him and planned to fuck Wednesday and I thought I was talking to the other guy,BEFORE,2025-03-23,23:02:52,Cady,Think I’m gonna fuck my friend/ex fuck Buddy aaron on Wednesday
2025-03-23,Cady,I’m seeing too many guys. I confused a new Aaron with my old fuck buddy Aaron and have been having a conversation with him and planned to fuck Wednesday and I thought I was talking to the other guy,BEFORE,2025-03-23,23:31:36,Cady,Omg
2025-03-23,Cady,I’m seeing too many guys. I confused a new Aaron with my old fuck buddy Aaron and have been having a conversation with him and planned to fuck Wednesday and I thought I was talking to the other guy,TARGET,2025-03-23,23:32:35,Cady,I’m seeing too many guys. I confused a new Aaron with my old fuck buddy Aaron and have been having a conversation with him and planned to fuck Wednesday and I thought I was talking to the other guy
2025-03-23,Cady,I’m seeing too many guys. I confused a new Aaron with my old fuck buddy Aaron and have been having a conversation with him and planned to fuck Wednesday and I thought I was talking to the other guy,AFTER,2025-03-23,23:33:06,Cady,Then I assumed he was from seeking arrangements and was like ok I need to set a rate etc
2025-03-23,Cady,I’m seeing too many guys. I confused a new Aaron with my old fuck buddy Aaron and have been having a conversation with him and planned to fuck Wednesday and I thought I was talking to the other guy,AFTER,2025-03-23,23:33:11,Cady,But no. We met on Feeld.
2025-03-23,Cady,I’m seeing too many guys. I confused a new Aaron with my old fuck buddy Aaron and have been having a conversation with him and planned to fuck Wednesday and I thought I was talking to the other guy,AFTER,2025-03-23,23:33:24,Cady,I’m just a huge slut lol
2025-03-23,Cady,I’m seeing too many guys. I confused a new Aaron with my old fuck buddy Aaron and have been having a conversation with him and planned to fuck Wednesday and I thought I was talking to the other guy,AFTER,2025-03-24,00:08:56,Henry Woods,Love ittttt
2025-03-23,Cady,I’m seeing too many guys. I confused a new Aaron with my old fuck buddy Aaron and have been having a conversation with him and planned to fuck Wednesday and I thought I was talking to the other guy,AFTER,2025-03-24,00:08:58,Henry Woods,And you
2025-03-23,Cady,I’m seeing too many guys. I confused a new Aaron with my old fuck buddy Aaron and have been having a conversation with him and planned to fuck Wednesday and I thought I was talking to the other guy,AFTER,2025-03-24,00:09:16,Cady,Hehe love you too
2025-03-23,Cady,I’m seeing too many guys. I confused a new Aaron with my old fuck buddy Aaron and have been having a conversation with him and planned to fuck Wednesday and I thought I was talking to the other guy,AFTER,2025-03-24,00:09:26,Henry Woods,Also this
2025-03-23,Cady,I’m seeing too many guys. I confused a new Aaron with my old fuck buddy Aaron and have been having a conversation with him and planned to fuck Wednesday and I thought I was talking to the other guy,AFTER,2025-03-24,00:09:32,Henry Woods,I was literally thinking it when you said
2025-03-23,Cady,I’m seeing too many guys. I confused a new Aaron with my old fuck buddy Aaron and have been having a conversation with him and planned to fuck Wednesday and I thought I was talking to the other guy,AFTER,2025-03-24,00:09:48,Cady,Haha I was like what would Henry want
2025-03-23,Cady,I’m seeing too many guys. I confused a new Aaron with my old fuck buddy Aaron and have been having a conversation with him and planned to fuck Wednesday and I thought I was talking to the other guy,AFTER,2025-03-24,00:10:11,Henry Woods,"I was thinking ‘it would be super hot to be like “as a thank you, can I suck your dick?”"
2025-03-24,Cady,I watched this really lovely girl get all her holes filled by lots of guys,BEFORE,2025-03-24,00:22:00,Cady,Going to have to get my vibrator
2025-03-24,Cady,I watched this really lovely girl get all her holes filled by lots of guys,BEFORE,2025-03-24,00:26:22,Cady,lol Wednesday boy teasing about coming over now to be the second guy to fuck me today
2025-03-24,Cady,I watched this really lovely girl get all her holes filled by lots of guys,BEFORE,2025-03-24,01:11:54,Henry Woods,hehehe
2025-03-24,Cady,I watched this really lovely girl get all her holes filled by lots of guys,BEFORE,2025-03-24,01:12:18,Henry Woods,yesssss
2025-03-24,Cady,I watched this really lovely girl get all her holes filled by lots of guys,BEFORE,2025-03-24,01:12:28,Cady,Nice big cum
2025-03-24,Cady,I watched this really lovely girl get all her holes filled by lots of guys,BEFORE,2025-03-24,01:14:38,Henry Woods,I’m about to do the same\\
2025-03-24,Cady,I watched this really lovely girl get all her holes filled by lots of guys,BEFORE,2025-03-24,01:14:49,Cady,Mmm enjoy baby
2025-03-24,Cady,I watched this really lovely girl get all her holes filled by lots of guys,BEFORE,2025-03-24,01:14:53,Henry Woods,I willl
2025-03-24,Cady,I watched this really lovely girl get all her holes filled by lots of guys,BEFORE,2025-03-24,01:14:55,Henry Woods,you too
2025-03-24,Cady,I watched this really lovely girl get all her holes filled by lots of guys,BEFORE,2025-03-24,01:14:57,Henry Woods,"I’m gonna be thinking about what a delicious, utter slut I get to marry \<This message was edited\>"
2025-03-24,Cady,I watched this really lovely girl get all her holes filled by lots of guys,TARGET,2025-03-24,01:15:11,Cady,I watched this really lovely girl get all her holes filled by lots of guys
2025-03-24,Cady,I watched this really lovely girl get all her holes filled by lots of guys,AFTER,2025-03-24,01:15:17,Cady,Hehehe yes
2025-03-24,Cady,I watched this really lovely girl get all her holes filled by lots of guys,AFTER,2025-03-24,01:15:29,Cady,Eeeeeee
2025-03-24,Cady,I watched this really lovely girl get all her holes filled by lots of guys,AFTER,2025-03-24,01:15:43,Cady,Can’t wait to be your slutty wife
2025-03-24,Cady,I watched this really lovely girl get all her holes filled by lots of guys,AFTER,2025-03-24,01:16:00,Henry Woods,me neither
2025-03-24,Cady,I watched this really lovely girl get all her holes filled by lots of guys,AFTER,2025-03-24,01:16:45,Henry Woods,"just to clarify, is he teasing about coming over now; or is he now going to be the second guy to fuck you today?"
2025-03-24,Cady,I watched this really lovely girl get all her holes filled by lots of guys,AFTER,2025-03-24,01:17:01,Cady,Was teasing
2025-03-24,Cady,I watched this really lovely girl get all her holes filled by lots of guys,AFTER,2025-03-24,01:17:11,Cady,I just had a wank instead lol
2025-03-24,Cady,I watched this really lovely girl get all her holes filled by lots of guys,AFTER,2025-03-24,01:17:19,Cady,I was gonna invite him over
2025-03-24,Cady,I watched this really lovely girl get all her holes filled by lots of guys,AFTER,2025-03-24,01:17:43,Henry Woods,but…
2025-03-24,Cady,I watched this really lovely girl get all her holes filled by lots of guys,AFTER,2025-03-24,01:17:53,Cady,Ooops
2025-03-24,Henry Woods,Post the fisting and huge dildo riding she wants me to record so she can fuck this guy from onlyfans,BEFORE,2025-03-24,19:55:47,Cady,I love how you’re filthy as fuck but still so kind
2025-03-24,Henry Woods,Post the fisting and huge dildo riding she wants me to record so she can fuck this guy from onlyfans,BEFORE,2025-03-24,20:05:58,Henry Woods,"Sorry for the break in replies, mum and dad called"
2025-03-24,Henry Woods,Post the fisting and huge dildo riding she wants me to record so she can fuck this guy from onlyfans,BEFORE,2025-03-24,20:07:17,Henry Woods,But yeah I need to (as kindly as possible) make it clear that we’re never getting back together and that you and her should have a call before we can hang out again
2025-03-24,Henry Woods,Post the fisting and huge dildo riding she wants me to record so she can fuck this guy from onlyfans,BEFORE,2025-03-24,20:07:34,Henry Woods,\~hang out\~ fuck
2025-03-24,Henry Woods,Post the fisting and huge dildo riding she wants me to record so she can fuck this guy from onlyfans,BEFORE,2025-03-24,20:08:02,Cady,Haha ok
2025-03-24,Henry Woods,Post the fisting and huge dildo riding she wants me to record so she can fuck this guy from onlyfans,BEFORE,2025-03-24,20:08:09,Cady,Haha typo
2025-03-24,Henry Woods,Post the fisting and huge dildo riding she wants me to record so she can fuck this guy from onlyfans,BEFORE,2025-03-24,20:08:12,Cady,Sounds good babe
2025-03-24,Henry Woods,Post the fisting and huge dildo riding she wants me to record so she can fuck this guy from onlyfans,BEFORE,2025-03-24,20:08:15,Cady,How are parents
2025-03-24,Henry Woods,Post the fisting and huge dildo riding she wants me to record so she can fuck this guy from onlyfans,BEFORE,2025-03-24,20:08:28,Henry Woods,"But (because I’m only 99%) perfect, this conversation will be tomorrow"
2025-03-24,Henry Woods,Post the fisting and huge dildo riding she wants me to record so she can fuck this guy from onlyfans,BEFORE,2025-03-24,20:08:41,Cady,Oki :)
2025-03-24,Henry Woods,Post the fisting and huge dildo riding she wants me to record so she can fuck this guy from onlyfans,TARGET,2025-03-24,20:09:46,Henry Woods,Post the fisting and huge dildo riding she wants me to record so she can fuck this guy from onlyfans
2025-03-24,Henry Woods,Post the fisting and huge dildo riding she wants me to record so she can fuck this guy from onlyfans,AFTER,2025-03-24,20:10:01,Cady,I mean we must help a girl out
2025-03-24,Henry Woods,Post the fisting and huge dildo riding she wants me to record so she can fuck this guy from onlyfans,AFTER,2025-03-24,20:10:07,Henry Woods,"…hmmm, maybe I don’t need to worry about her being hung up on me too much"
2025-03-24,Henry Woods,Post the fisting and huge dildo riding she wants me to record so she can fuck this guy from onlyfans,AFTER,2025-03-24,20:10:23,Henry Woods,ð¤£ð
2025-03-24,Henry Woods,Post the fisting and huge dildo riding she wants me to record so she can fuck this guy from onlyfans,AFTER,2025-03-24,20:10:29,Cady,Hahaha
2025-03-24,Henry Woods,Post the fisting and huge dildo riding she wants me to record so she can fuck this guy from onlyfans,AFTER,2025-03-24,20:10:31,Cady,Haha
2025-03-24,Henry Woods,Post the fisting and huge dildo riding she wants me to record so she can fuck this guy from onlyfans,AFTER,2025-03-24,20:10:59,Cady,Just cause she wants to fuck a hot guy doesn’t mean she doesn’t want you to be hers lol….
2025-03-24,Henry Woods,Post the fisting and huge dildo riding she wants me to record so she can fuck this guy from onlyfans,AFTER,2025-03-24,20:11:07,Henry Woods,Well true
2025-03-24,Henry Woods,Post the fisting and huge dildo riding she wants me to record so she can fuck this guy from onlyfans,AFTER,2025-03-24,20:11:19,Henry Woods,But she wasn’t so into it before
2025-03-24,Henry Woods,Post the fisting and huge dildo riding she wants me to record so she can fuck this guy from onlyfans,AFTER,2025-03-24,20:11:32,Cady,Just being a little silly cause I keep fucking hot guys lol
2025-03-24,Henry Woods,Post the fisting and huge dildo riding she wants me to record so she can fuck this guy from onlyfans,AFTER,2025-03-24,20:11:38,Cady,Oh really?
2025-03-24,Cady,Just being a little silly cause I keep fucking hot guys lol,BEFORE,2025-03-24,20:08:41,Cady,Oki :)
2025-03-24,Cady,Just being a little silly cause I keep fucking hot guys lol,BEFORE,2025-03-24,20:09:46,Henry Woods,Post the fisting and huge dildo riding she wants me to record so she can fuck this guy from onlyfans
2025-03-24,Cady,Just being a little silly cause I keep fucking hot guys lol,BEFORE,2025-03-24,20:10:01,Cady,I mean we must help a girl out
2025-03-24,Cady,Just being a little silly cause I keep fucking hot guys lol,BEFORE,2025-03-24,20:10:07,Henry Woods,"…hmmm, maybe I don’t need to worry about her being hung up on me too much"
2025-03-24,Cady,Just being a little silly cause I keep fucking hot guys lol,BEFORE,2025-03-24,20:10:23,Henry Woods,ð¤£ð
2025-03-24,Cady,Just being a little silly cause I keep fucking hot guys lol,BEFORE,2025-03-24,20:10:29,Cady,Hahaha
2025-03-24,Cady,Just being a little silly cause I keep fucking hot guys lol,BEFORE,2025-03-24,20:10:31,Cady,Haha
2025-03-24,Cady,Just being a little silly cause I keep fucking hot guys lol,BEFORE,2025-03-24,20:10:59,Cady,Just cause she wants to fuck a hot guy doesn’t mean she doesn’t want you to be hers lol….
2025-03-24,Cady,Just being a little silly cause I keep fucking hot guys lol,BEFORE,2025-03-24,20:11:07,Henry Woods,Well true
2025-03-24,Cady,Just being a little silly cause I keep fucking hot guys lol,BEFORE,2025-03-24,20:11:19,Henry Woods,But she wasn’t so into it before
2025-03-24,Cady,Just being a little silly cause I keep fucking hot guys lol,TARGET,2025-03-24,20:11:32,Cady,Just being a little silly cause I keep fucking hot guys lol
2025-03-24,Cady,Just being a little silly cause I keep fucking hot guys lol,AFTER,2025-03-24,20:11:38,Cady,Oh really?
2025-03-24,Cady,Just being a little silly cause I keep fucking hot guys lol,AFTER,2025-03-24,20:11:49,Henry Woods,"Eh, it was weird and complex"
2025-03-24,Cady,Just being a little silly cause I keep fucking hot guys lol,AFTER,2025-03-24,20:12:26,Cady,I feel ya
2025-03-24,Cady,Just being a little silly cause I keep fucking hot guys lol,AFTER,2025-03-24,20:13:15,Henry Woods,"Big picture: not as comfortable with me seeing other people as she made out, was also seeing other people but keeping it to herself"
2025-03-24,Cady,Just being a little silly cause I keep fucking hot guys lol,AFTER,2025-03-24,20:13:29,Cady,Sheesh
2025-03-24,Cady,Just being a little silly cause I keep fucking hot guys lol,AFTER,2025-03-24,20:13:33,Henry Woods,Eh
2025-03-24,Cady,Just being a little silly cause I keep fucking hot guys lol,AFTER,2025-03-24,20:13:59,Cady,Idk I have a low tolerance
2025-03-24,Cady,Just being a little silly cause I keep fucking hot guys lol,AFTER,2025-03-24,20:14:04,Henry Woods,"She had also been Hollied, so I’d cut her some slack"
2025-03-24,Cady,Just being a little silly cause I keep fucking hot guys lol,AFTER,2025-03-24,20:14:13,Cady,Yeah I keep remembering that
2025-03-24,Cady,Just being a little silly cause I keep fucking hot guys lol,AFTER,2025-03-24,20:15:21,Henry Woods,"But, to be fair, I have a low tolerance too and that’s why we aren’t dating"
2025-03-24,Cady,lol Anne Marie is signing up for seeking to try to find a sugar mama,BEFORE,2025-03-24,20:28:26,Cady,Haha yeah
2025-03-24,Cady,lol Anne Marie is signing up for seeking to try to find a sugar mama,BEFORE,2025-03-24,20:28:33,Cady,Tis true
2025-03-24,Cady,lol Anne Marie is signing up for seeking to try to find a sugar mama,BEFORE,2025-03-24,20:37:30,Cady,I’m sure I confused the shit out of my nurses
2025-03-24,Cady,lol Anne Marie is signing up for seeking to try to find a sugar mama,BEFORE,2025-03-24,20:37:48,Cady,Talking about moving and getting married and still needing an sti test
2025-03-24,Cady,lol Anne Marie is signing up for seeking to try to find a sugar mama,BEFORE,2025-03-24,20:38:25,Henry Woods,Lololol
2025-03-24,Cady,lol Anne Marie is signing up for seeking to try to find a sugar mama,BEFORE,2025-03-24,20:52:45,Henry Woods,‘You wouldn’t get it…’
2025-03-24,Cady,lol Anne Marie is signing up for seeking to try to find a sugar mama,BEFORE,2025-03-24,20:52:49,Cady,Lololol
2025-03-24,Cady,lol Anne Marie is signing up for seeking to try to find a sugar mama,BEFORE,2025-03-24,20:52:53,Cady,Yesss
2025-03-24,Cady,lol Anne Marie is signing up for seeking to try to find a sugar mama,BEFORE,2025-03-24,20:55:05,Henry Woods,I can totally see the stereotypical southern nurses nodding and relaxing as if ‘oh he’s British’ explained it all
2025-03-24,Cady,lol Anne Marie is signing up for seeking to try to find a sugar mama,BEFORE,2025-03-24,20:55:30,Cady,Hahaha I mean it fuels their wildest fantasies
2025-03-24,Cady,lol Anne Marie is signing up for seeking to try to find a sugar mama,TARGET,2025-03-24,20:55:57,Cady,lol Anne Marie is signing up for seeking to try to find a sugar mama
2025-03-24,Cady,lol Anne Marie is signing up for seeking to try to find a sugar mama,AFTER,2025-03-24,20:59:04,Cady,Lololol did you just make thissss
2025-03-24,Cady,lol Anne Marie is signing up for seeking to try to find a sugar mama,AFTER,2025-03-24,20:59:16,Cady,I love it
2025-03-24,Cady,lol Anne Marie is signing up for seeking to try to find a sugar mama,AFTER,2025-03-24,20:59:28,Henry Woods,"Weirdly, my dad just sent it to me for no reason"
2025-03-24,Cady,lol Anne Marie is signing up for seeking to try to find a sugar mama,AFTER,2025-03-24,20:59:36,Cady,Hahahahahaaaaa
2025-03-24,Cady,lol Anne Marie is signing up for seeking to try to find a sugar mama,AFTER,2025-03-24,20:59:49,Cady,Naughty James
2025-03-24,Cady,lol Anne Marie is signing up for seeking to try to find a sugar mama,AFTER,2025-03-24,20:59:58,Henry Woods,"Lel, I was joking"
2025-03-24,Cady,lol Anne Marie is signing up for seeking to try to find a sugar mama,AFTER,2025-03-24,21:00:11,Cady,Joking back ð
2025-03-24,Cady,lol Anne Marie is signing up for seeking to try to find a sugar mama,AFTER,2025-03-24,21:00:15,Henry Woods,Yes I made the meme that quotes from the conversation we just had ð
2025-03-24,Cady,lol Anne Marie is signing up for seeking to try to find a sugar mama,AFTER,2025-03-24,21:00:17,Henry Woods,Fuckkkk
2025-03-24,Cady,lol Anne Marie is signing up for seeking to try to find a sugar mama,AFTER,2025-03-24,21:00:25,Henry Woods,Walked into that one
2025-03-25,Cady,Tbh I’m kinda scared she won’t be into me if I tell her about sugar dating and I need to address that fear lol,BEFORE,2025-03-25,16:47:32,Cady,Eeee I love when we bring out the best in each other
2025-03-25,Cady,Tbh I’m kinda scared she won’t be into me if I tell her about sugar dating and I need to address that fear lol,BEFORE,2025-03-25,16:47:42,Henry Woods,Exactly
2025-03-25,Cady,Tbh I’m kinda scared she won’t be into me if I tell her about sugar dating and I need to address that fear lol,BEFORE,2025-03-25,16:47:43,Henry Woods,Me too
2025-03-25,Cady,Tbh I’m kinda scared she won’t be into me if I tell her about sugar dating and I need to address that fear lol,BEFORE,2025-03-25,16:48:25,Cady,You’re my king :)
2025-03-25,Cady,Tbh I’m kinda scared she won’t be into me if I tell her about sugar dating and I need to address that fear lol,BEFORE,2025-03-25,16:48:31,Cady,Going to do arts and crafts with Chelsea
2025-03-25,Cady,Tbh I’m kinda scared she won’t be into me if I tell her about sugar dating and I need to address that fear lol,BEFORE,2025-03-25,16:49:41,Henry Woods,Lovely
2025-03-25,Cady,Tbh I’m kinda scared she won’t be into me if I tell her about sugar dating and I need to address that fear lol,BEFORE,2025-03-25,16:50:27,Henry Woods,Enjoy your sexually charged shyness
2025-03-25,Cady,Tbh I’m kinda scared she won’t be into me if I tell her about sugar dating and I need to address that fear lol,BEFORE,2025-03-25,16:50:56,Cady,Lololol
2025-03-25,Cady,Tbh I’m kinda scared she won’t be into me if I tell her about sugar dating and I need to address that fear lol,BEFORE,2025-03-25,16:50:59,Cady,I shall \<This message was edited\>
2025-03-25,Cady,Tbh I’m kinda scared she won’t be into me if I tell her about sugar dating and I need to address that fear lol,BEFORE,2025-03-25,16:51:09,Cady,And I’ll try to bridge that gap
2025-03-25,Cady,Tbh I’m kinda scared she won’t be into me if I tell her about sugar dating and I need to address that fear lol,TARGET,2025-03-25,16:51:59,Cady,Tbh I’m kinda scared she won’t be into me if I tell her about sugar dating and I need to address that fear lol
2025-03-25,Cady,Tbh I’m kinda scared she won’t be into me if I tell her about sugar dating and I need to address that fear lol,AFTER,2025-03-25,16:53:47,Henry Woods,"Heheh, just pushing you as well with a light tease"
2025-03-25,Cady,Tbh I’m kinda scared she won’t be into me if I tell her about sugar dating and I need to address that fear lol,AFTER,2025-03-25,16:54:08,Cady,I like it :)
2025-03-25,Cady,Tbh I’m kinda scared she won’t be into me if I tell her about sugar dating and I need to address that fear lol,AFTER,2025-03-25,16:54:17,Henry Woods,"Eh, tell her or don’t. Think it’s kinda none of her business unless you want it to be"
2025-03-25,Cady,Tbh I’m kinda scared she won’t be into me if I tell her about sugar dating and I need to address that fear lol,AFTER,2025-03-25,16:54:32,Cady,True
2025-03-25,Cady,Tbh I’m kinda scared she won’t be into me if I tell her about sugar dating and I need to address that fear lol,AFTER,2025-03-25,16:54:36,Henry Woods,But equally maybe you do think it’s relevant if you sleep together
2025-03-25,Cady,Tbh I’m kinda scared she won’t be into me if I tell her about sugar dating and I need to address that fear lol,AFTER,2025-03-25,16:55:05,Cady,That’s what I was thinking
2025-03-25,Cady,Tbh I’m kinda scared she won’t be into me if I tell her about sugar dating and I need to address that fear lol,AFTER,2025-03-25,16:55:29,Cady,I’ll probably tell her. I don’t think she’d stop being friends with me
2025-03-25,Cady,Tbh I’m kinda scared she won’t be into me if I tell her about sugar dating and I need to address that fear lol,AFTER,2025-03-25,16:55:42,Cady,Nah ive decided to
2025-03-25,Cady,Tbh I’m kinda scared she won’t be into me if I tell her about sugar dating and I need to address that fear lol,AFTER,2025-03-25,16:55:45,Henry Woods,Yeah it would surprise me as well
2025-03-25,Cady,Tbh I’m kinda scared she won’t be into me if I tell her about sugar dating and I need to address that fear lol,AFTER,2025-03-25,16:56:16,Henry Woods,"Also like, if she does, that’s a few months of useless friendship you’ve saved :)"
2025-03-25,Cady,Hehehe co fusing the guys with us,BEFORE,2025-03-25,17:55:58,Henry Woods,I feel like every poly/queer/alternative woman has had one at some point tbh
2025-03-25,Cady,Hehehe co fusing the guys with us,BEFORE,2025-03-25,17:56:20,Henry Woods,In my experience rarer to find people who haven’t ð
2025-03-25,Cady,Hehehe co fusing the guys with us,BEFORE,2025-03-25,18:01:24,Cady,Nice
2025-03-25,Cady,Hehehe co fusing the guys with us,BEFORE,2025-03-25,18:01:30,Cady,That makes me feel good
2025-03-25,Cady,Hehehe co fusing the guys with us,BEFORE,2025-03-25,18:01:51,Cady,I’m still letting go of all of the slut shaming of my youth
2025-03-25,Cady,Hehehe co fusing the guys with us,BEFORE,2025-03-25,18:03:51,Henry Woods,Oh don’t worry I’ll still slut shame you
2025-03-25,Cady,Hehehe co fusing the guys with us,BEFORE,2025-03-25,18:04:05,Henry Woods,But only as a kink
2025-03-25,Cady,Hehehe co fusing the guys with us,BEFORE,2025-03-25,18:09:37,Cady,Thanks babyyy
2025-03-25,Cady,Hehehe co fusing the guys with us,BEFORE,2025-03-25,18:10:42,Henry Woods,And cause you’re a filthy slut that needs to be pinned down and treated like it ð
2025-03-25,Cady,Hehehe co fusing the guys with us,BEFORE,2025-03-25,18:18:41,Cady,Yesssssss
2025-03-25,Cady,Hehehe co fusing the guys with us,TARGET,2025-03-25,18:25:54,Cady,Hehehe co fusing the guys with us
2025-03-25,Cady,Hehehe co fusing the guys with us,AFTER,2025-03-25,18:26:32,Cady,So you’re getting married but you’re still doing seeking arrangements?
2025-03-25,Cady,Hehehe co fusing the guys with us,AFTER,2025-03-25,19:01:13,Cady,lol one made a vibrator holder for me
2025-03-25,Cady,Hehehe co fusing the guys with us,AFTER,2025-03-25,19:08:46,Cady,He’s a sexy firefighter and I might have to fuck him
2025-03-25,Cady,Hehehe co fusing the guys with us,AFTER,2025-03-25,20:18:27,Cady,He kissed my forehead we’re hooking up
2025-03-25,Cady,Hehehe co fusing the guys with us,AFTER,2025-03-25,20:21:14,Cady,Going skinny dipping
2025-03-25,Cady,Hehehe co fusing the guys with us,AFTER,2025-03-25,20:21:22,Cady,lol Alabama things
2025-03-25,Cady,Hehehe co fusing the guys with us,AFTER,2025-03-25,20:37:34,Cady,I wasn’t expecting to be so rewarded with my honesty
2025-03-25,Cady,Hehehe co fusing the guys with us,AFTER,2025-03-25,21:27:58,Henry Woods,hehehe
2025-03-25,Cady,Hehehe co fusing the guys with us,AFTER,2025-03-25,21:28:02,Henry Woods,yummmmmy
2025-03-25,Cady,Hehehe co fusing the guys with us,AFTER,2025-03-25,21:28:12,Henry Woods,ð
2025-03-26,Cady,I have too many guys lined up for the rest of the week,BEFORE,2025-03-26,00:28:24,Cady,Hope the accountant pulls through
2025-03-26,Cady,I have too many guys lined up for the rest of the week,BEFORE,2025-03-26,00:29:10,Cady,Let’s touch base about that tomorrow
2025-03-26,Cady,I have too many guys lined up for the rest of the week,BEFORE,2025-03-26,00:29:19,Henry Woods,Indeed
2025-03-26,Cady,I have too many guys lined up for the rest of the week,BEFORE,2025-03-26,00:29:47,Cady,Need to know how much dick I need to be sucking etc lol
2025-03-26,Cady,I have too many guys lined up for the rest of the week,BEFORE,2025-03-26,00:30:31,Henry Woods,I’ll push for it again in the morning
2025-03-26,Cady,I have too many guys lined up for the rest of the week,BEFORE,2025-03-26,00:30:44,Cady,Ok
2025-03-26,Cady,I have too many guys lined up for the rest of the week,BEFORE,2025-03-26,00:30:51,Henry Woods,"I mean, all of it anyway ð"
2025-03-26,Cady,I have too many guys lined up for the rest of the week,BEFORE,2025-03-26,00:31:09,Cady,Hehehe
2025-03-26,Cady,I have too many guys lined up for the rest of the week,BEFORE,2025-03-26,00:31:24,Cady,True but I need to know if they need to pay or not
2025-03-26,Cady,I have too many guys lined up for the rest of the week,BEFORE,2025-03-26,00:31:39,Henry Woods,Hehe
2025-03-26,Cady,I have too many guys lined up for the rest of the week,TARGET,2025-03-26,00:31:43,Cady,I have too many guys lined up for the rest of the week
2025-03-26,Cady,I have too many guys lined up for the rest of the week,AFTER,2025-03-26,00:31:54,Cady,Although I’m probably taking tomorrow off
2025-03-26,Cady,I have too many guys lined up for the rest of the week,AFTER,2025-03-26,00:32:18,Henry Woods,God you turn me on so fucking much
2025-03-26,Cady,I have too many guys lined up for the rest of the week,AFTER,2025-03-26,00:32:25,Cady,Hehehe
2025-03-26,Cady,I have too many guys lined up for the rest of the week,AFTER,2025-03-26,00:32:39,Cady,https://open.spotify.com/track/0dlP9SnqQa5k1A9mReybFb?si=OWClEfgSTua5AzGjayN4mQ\&context=spotify%3Aplaylist%3A37i9dQZF1EYkqdzj48dyYq
2025-03-26,Cady,I have too many guys lined up for the rest of the week,AFTER,2025-03-26,00:32:43,Henry Woods,"Just a little sucking, fucking machine"
2025-03-26,Cady,I have too many guys lined up for the rest of the week,AFTER,2025-03-26,00:33:00,Cady,This jist came on my shuffle
2025-03-26,Cady,I have too many guys lined up for the rest of the week,AFTER,2025-03-26,00:33:26,Henry Woods,Hehe
2025-03-26,Cady,I have too many guys lined up for the rest of the week,AFTER,2025-03-26,00:33:35,Henry Woods,Watching a film with the house rn
2025-03-26,Cady,I have too many guys lined up for the rest of the week,AFTER,2025-03-26,00:33:51,Cady,Nice
2025-03-26,Cady,I have too many guys lined up for the rest of the week,AFTER,2025-03-26,00:34:13,Henry Woods,But I’ll listen to treat me like a slut later
2025-03-26,Henry Woods,"Like, all these guys that meet you are gonna be like ‘fuck, remember that girl who I met on a casual Tuesday and fucked her in the ass a few hours later?’",BEFORE,2025-03-26,00:50:24,Cady,Missing you
2025-03-26,Henry Woods,"Like, all these guys that meet you are gonna be like ‘fuck, remember that girl who I met on a casual Tuesday and fucked her in the ass a few hours later?’",BEFORE,2025-03-26,00:50:31,Henry Woods,One day more checked off
2025-03-26,Henry Woods,"Like, all these guys that meet you are gonna be like ‘fuck, remember that girl who I met on a casual Tuesday and fucked her in the ass a few hours later?’",BEFORE,2025-03-26,00:50:35,Cady,Yep :)
2025-03-26,Henry Woods,"Like, all these guys that meet you are gonna be like ‘fuck, remember that girl who I met on a casual Tuesday and fucked her in the ass a few hours later?’",BEFORE,2025-03-26,09:16:47,Cady,Just had the craziest dream
2025-03-26,Henry Woods,"Like, all these guys that meet you are gonna be like ‘fuck, remember that girl who I met on a casual Tuesday and fucked her in the ass a few hours later?’",BEFORE,2025-03-26,09:17:15,Cady,Was driving down a mountain and then hit a bump and was flying down it then I landed
2025-03-26,Henry Woods,"Like, all these guys that meet you are gonna be like ‘fuck, remember that girl who I met on a casual Tuesday and fucked her in the ass a few hours later?’",BEFORE,2025-03-26,09:17:22,Cady,Perhaps the rope swing lol
2025-03-26,Henry Woods,"Like, all these guys that meet you are gonna be like ‘fuck, remember that girl who I met on a casual Tuesday and fucked her in the ass a few hours later?’",BEFORE,2025-03-26,09:54:21,Henry Woods,Lol
2025-03-26,Henry Woods,"Like, all these guys that meet you are gonna be like ‘fuck, remember that girl who I met on a casual Tuesday and fucked her in the ass a few hours later?’",BEFORE,2025-03-26,09:54:27,Henry Woods,Yeah that’ll do it
2025-03-26,Henry Woods,"Like, all these guys that meet you are gonna be like ‘fuck, remember that girl who I met on a casual Tuesday and fucked her in the ass a few hours later?’",BEFORE,2025-03-26,09:54:39,Henry Woods,I had some crazy ones on my skydiving course
2025-03-26,Henry Woods,"Like, all these guys that meet you are gonna be like ‘fuck, remember that girl who I met on a casual Tuesday and fucked her in the ass a few hours later?’",BEFORE,2025-03-26,12:40:10,Henry Woods,"Mmmh thinking about you calling me post fuck yesterday and just being like ‘yeah we had some fun, my ass is sore ð’"
2025-03-26,Henry Woods,"Like, all these guys that meet you are gonna be like ‘fuck, remember that girl who I met on a casual Tuesday and fucked her in the ass a few hours later?’",TARGET,2025-03-26,12:41:26,Henry Woods,"Like, all these guys that meet you are gonna be like ‘fuck, remember that girl who I met on a casual Tuesday and fucked her in the ass a few hours later?’"
2025-03-26,Henry Woods,"Like, all these guys that meet you are gonna be like ‘fuck, remember that girl who I met on a casual Tuesday and fucked her in the ass a few hours later?’",AFTER,2025-03-26,12:42:25,Henry Woods,You’re a dream
2025-03-26,Henry Woods,"Like, all these guys that meet you are gonna be like ‘fuck, remember that girl who I met on a casual Tuesday and fucked her in the ass a few hours later?’",AFTER,2025-03-26,12:52:05,Cady,Hahahaha
2025-03-26,Henry Woods,"Like, all these guys that meet you are gonna be like ‘fuck, remember that girl who I met on a casual Tuesday and fucked her in the ass a few hours later?’",AFTER,2025-03-26,12:52:30,Cady,Soon it will not make my ass sore lol
2025-03-26,Henry Woods,"Like, all these guys that meet you are gonna be like ‘fuck, remember that girl who I met on a casual Tuesday and fucked her in the ass a few hours later?’",AFTER,2025-03-26,13:03:27,Henry Woods,Hehe
2025-03-26,Henry Woods,"Like, all these guys that meet you are gonna be like ‘fuck, remember that girl who I met on a casual Tuesday and fucked her in the ass a few hours later?’",AFTER,2025-03-26,13:03:53,Henry Woods,Unf I just love and miss you more and more
2025-03-26,Henry Woods,"Like, all these guys that meet you are gonna be like ‘fuck, remember that girl who I met on a casual Tuesday and fucked her in the ass a few hours later?’",AFTER,2025-03-26,13:04:00,Cady,Same baby
2025-03-26,Henry Woods,"Like, all these guys that meet you are gonna be like ‘fuck, remember that girl who I met on a casual Tuesday and fucked her in the ass a few hours later?’",AFTER,2025-03-26,13:04:06,Cady,About to cum thinking about you
2025-03-26,Henry Woods,"Like, all these guys that meet you are gonna be like ‘fuck, remember that girl who I met on a casual Tuesday and fucked her in the ass a few hours later?’",AFTER,2025-03-26,13:04:12,Henry Woods,Mmmh
2025-03-26,Henry Woods,"Like, all these guys that meet you are gonna be like ‘fuck, remember that girl who I met on a casual Tuesday and fucked her in the ass a few hours later?’",AFTER,2025-03-26,13:04:29,Henry Woods,You’re the best and the worst
2025-03-26,Henry Woods,"Like, all these guys that meet you are gonna be like ‘fuck, remember that girl who I met on a casual Tuesday and fucked her in the ass a few hours later?’",AFTER,2025-03-26,13:04:34,Henry Woods,Now I miss you more ð­
2025-03-26,Henry Woods,Record some content,BEFORE,2025-03-26,14:11:23,Cady,Otherwise it’s too hard to start on your own
2025-03-26,Henry Woods,Record some content,BEFORE,2025-03-26,14:11:29,Henry Woods,Yeah that fair
2025-03-26,Henry Woods,Record some content,BEFORE,2025-03-26,14:11:57,Cady,Which I’ve been finding to be true
2025-03-26,Henry Woods,Record some content,BEFORE,2025-03-26,14:12:11,Henry Woods,I get that
2025-03-26,Henry Woods,Record some content,BEFORE,2025-03-26,14:12:31,Cady,So I’ve been focusing on the sugaring since the money is better right away
2025-03-26,Henry Woods,Record some content,BEFORE,2025-03-26,14:14:57,Henry Woods,Yeah I got that
2025-03-26,Henry Woods,Record some content,BEFORE,2025-03-26,14:15:09,Henry Woods,We’ll get into a routine once you’re over here
2025-03-26,Henry Woods,Record some content,BEFORE,2025-03-26,14:15:23,Cady,Yes :) I’m so excited for that
2025-03-26,Henry Woods,Record some content,BEFORE,2025-03-26,14:15:23,Henry Woods,"Wake up, suck my dick"
2025-03-26,Henry Woods,Record some content,BEFORE,2025-03-26,14:15:26,Cady,Hehehe
2025-03-26,Henry Woods,Record some content,TARGET,2025-03-26,14:15:27,Henry Woods,Record some content
2025-03-26,Henry Woods,Record some content,AFTER,2025-03-26,14:15:38,Henry Woods,"Post to Reddit, twitter, onlyfans"
2025-03-26,Henry Woods,Record some content,AFTER,2025-03-26,14:15:42,Cady,Yep yep
2025-03-26,Henry Woods,Record some content,AFTER,2025-03-26,14:16:06,Henry Woods,"And, most importantly, fuck \*loads\* of established content creators"
2025-03-26,Henry Woods,Record some content,AFTER,2025-03-26,14:16:11,Cady,Yesssss
2025-03-26,Henry Woods,Record some content,AFTER,2025-03-26,14:16:17,Cady,Ugh I love you Henry
2025-03-26,Henry Woods,Record some content,AFTER,2025-03-26,14:16:30,Henry Woods,I’ll get my cameraman skills up to scratch
2025-03-26,Henry Woods,Record some content,AFTER,2025-03-26,14:16:35,Cady,Yeah baby
2025-03-26,Henry Woods,Record some content,AFTER,2025-03-26,14:16:38,Cady,I’ll show you
2025-03-26,Henry Woods,Record some content,AFTER,2025-03-26,14:16:50,Henry Woods,"(+directorial, though I’m pretty sure I have the knack already)"
2025-03-26,Henry Woods,Record some content,AFTER,2025-03-26,14:16:57,Henry Woods,A lot of fun ideas
2025-03-26,Henry Woods,"Post to Reddit, twitter, onlyfans",BEFORE,2025-03-26,14:11:29,Henry Woods,Yeah that fair
2025-03-26,Henry Woods,"Post to Reddit, twitter, onlyfans",BEFORE,2025-03-26,14:11:57,Cady,Which I’ve been finding to be true
2025-03-26,Henry Woods,"Post to Reddit, twitter, onlyfans",BEFORE,2025-03-26,14:12:11,Henry Woods,I get that
2025-03-26,Henry Woods,"Post to Reddit, twitter, onlyfans",BEFORE,2025-03-26,14:12:31,Cady,So I’ve been focusing on the sugaring since the money is better right away
2025-03-26,Henry Woods,"Post to Reddit, twitter, onlyfans",BEFORE,2025-03-26,14:14:57,Henry Woods,Yeah I got that
2025-03-26,Henry Woods,"Post to Reddit, twitter, onlyfans",BEFORE,2025-03-26,14:15:09,Henry Woods,We’ll get into a routine once you’re over here
2025-03-26,Henry Woods,"Post to Reddit, twitter, onlyfans",BEFORE,2025-03-26,14:15:23,Cady,Yes :) I’m so excited for that
2025-03-26,Henry Woods,"Post to Reddit, twitter, onlyfans",BEFORE,2025-03-26,14:15:23,Henry Woods,"Wake up, suck my dick"
2025-03-26,Henry Woods,"Post to Reddit, twitter, onlyfans",BEFORE,2025-03-26,14:15:26,Cady,Hehehe
2025-03-26,Henry Woods,"Post to Reddit, twitter, onlyfans",BEFORE,2025-03-26,14:15:27,Henry Woods,Record some content
2025-03-26,Henry Woods,"Post to Reddit, twitter, onlyfans",TARGET,2025-03-26,14:15:38,Henry Woods,"Post to Reddit, twitter, onlyfans"
2025-03-26,Henry Woods,"Post to Reddit, twitter, onlyfans",AFTER,2025-03-26,14:15:42,Cady,Yep yep
2025-03-26,Henry Woods,"Post to Reddit, twitter, onlyfans",AFTER,2025-03-26,14:16:06,Henry Woods,"And, most importantly, fuck \*loads\* of established content creators"
2025-03-26,Henry Woods,"Post to Reddit, twitter, onlyfans",AFTER,2025-03-26,14:16:11,Cady,Yesssss
2025-03-26,Henry Woods,"Post to Reddit, twitter, onlyfans",AFTER,2025-03-26,14:16:17,Cady,Ugh I love you Henry
2025-03-26,Henry Woods,"Post to Reddit, twitter, onlyfans",AFTER,2025-03-26,14:16:30,Henry Woods,I’ll get my cameraman skills up to scratch
2025-03-26,Henry Woods,"Post to Reddit, twitter, onlyfans",AFTER,2025-03-26,14:16:35,Cady,Yeah baby
2025-03-26,Henry Woods,"Post to Reddit, twitter, onlyfans",AFTER,2025-03-26,14:16:38,Cady,I’ll show you
2025-03-26,Henry Woods,"Post to Reddit, twitter, onlyfans",AFTER,2025-03-26,14:16:50,Henry Woods,"(+directorial, though I’m pretty sure I have the knack already)"
2025-03-26,Henry Woods,"Post to Reddit, twitter, onlyfans",AFTER,2025-03-26,14:16:57,Henry Woods,A lot of fun ideas
2025-03-26,Henry Woods,"Post to Reddit, twitter, onlyfans",AFTER,2025-03-26,14:16:59,Cady,Hehe I bet you do
2025-03-26,Henry Woods,"And, most importantly, fuck \*loads\* of established content creators",BEFORE,2025-03-26,14:12:11,Henry Woods,I get that
2025-03-26,Henry Woods,"And, most importantly, fuck \*loads\* of established content creators",BEFORE,2025-03-26,14:12:31,Cady,So I’ve been focusing on the sugaring since the money is better right away
2025-03-26,Henry Woods,"And, most importantly, fuck \*loads\* of established content creators",BEFORE,2025-03-26,14:14:57,Henry Woods,Yeah I got that
2025-03-26,Henry Woods,"And, most importantly, fuck \*loads\* of established content creators",BEFORE,2025-03-26,14:15:09,Henry Woods,We’ll get into a routine once you’re over here
2025-03-26,Henry Woods,"And, most importantly, fuck \*loads\* of established content creators",BEFORE,2025-03-26,14:15:23,Cady,Yes :) I’m so excited for that
2025-03-26,Henry Woods,"And, most importantly, fuck \*loads\* of established content creators",BEFORE,2025-03-26,14:15:23,Henry Woods,"Wake up, suck my dick"
2025-03-26,Henry Woods,"And, most importantly, fuck \*loads\* of established content creators",BEFORE,2025-03-26,14:15:26,Cady,Hehehe
2025-03-26,Henry Woods,"And, most importantly, fuck \*loads\* of established content creators",BEFORE,2025-03-26,14:15:27,Henry Woods,Record some content
2025-03-26,Henry Woods,"And, most importantly, fuck \*loads\* of established content creators",BEFORE,2025-03-26,14:15:38,Henry Woods,"Post to Reddit, twitter, onlyfans"
2025-03-26,Henry Woods,"And, most importantly, fuck \*loads\* of established content creators",BEFORE,2025-03-26,14:15:42,Cady,Yep yep
2025-03-26,Henry Woods,"And, most importantly, fuck \*loads\* of established content creators",TARGET,2025-03-26,14:16:06,Henry Woods,"And, most importantly, fuck \*loads\* of established content creators"
2025-03-26,Henry Woods,"And, most importantly, fuck \*loads\* of established content creators",AFTER,2025-03-26,14:16:11,Cady,Yesssss
2025-03-26,Henry Woods,"And, most importantly, fuck \*loads\* of established content creators",AFTER,2025-03-26,14:16:17,Cady,Ugh I love you Henry
2025-03-26,Henry Woods,"And, most importantly, fuck \*loads\* of established content creators",AFTER,2025-03-26,14:16:30,Henry Woods,I’ll get my cameraman skills up to scratch
2025-03-26,Henry Woods,"And, most importantly, fuck \*loads\* of established content creators",AFTER,2025-03-26,14:16:35,Cady,Yeah baby
2025-03-26,Henry Woods,"And, most importantly, fuck \*loads\* of established content creators",AFTER,2025-03-26,14:16:38,Cady,I’ll show you
2025-03-26,Henry Woods,"And, most importantly, fuck \*loads\* of established content creators",AFTER,2025-03-26,14:16:50,Henry Woods,"(+directorial, though I’m pretty sure I have the knack already)"
2025-03-26,Henry Woods,"And, most importantly, fuck \*loads\* of established content creators",AFTER,2025-03-26,14:16:57,Henry Woods,A lot of fun ideas
2025-03-26,Henry Woods,"And, most importantly, fuck \*loads\* of established content creators",AFTER,2025-03-26,14:16:59,Cady,Hehe I bet you do
2025-03-26,Henry Woods,"And, most importantly, fuck \*loads\* of established content creators",AFTER,2025-03-26,14:17:18,Henry Woods,And the presence and gentleness to get people to do what I want without \~praising\~ bruising egos \<This message was edited\>
2025-03-26,Henry Woods,"And, most importantly, fuck \*loads\* of established content creators",AFTER,2025-03-26,14:17:36,Cady,You are a wonder i tell you
2025-03-26,Cady,I’m gonna have to start including non paying guys on my spreadsheet,BEFORE,2025-03-26,15:02:51,Cady,Ok I guess I’m not taking a day off this week
2025-03-26,Cady,I’m gonna have to start including non paying guys on my spreadsheet,BEFORE,2025-03-26,15:02:58,Cady,I forgot that new Aaron guy wants to fuck today
2025-03-26,Cady,I’m gonna have to start including non paying guys on my spreadsheet,BEFORE,2025-03-26,15:17:14,Henry Woods,Hehehe
2025-03-26,Cady,I’m gonna have to start including non paying guys on my spreadsheet,BEFORE,2025-03-26,15:17:36,Henry Woods,Seeking/feeld/old buddy?
2025-03-26,Cady,I’m gonna have to start including non paying guys on my spreadsheet,BEFORE,2025-03-26,15:17:41,Henry Woods,I also can’t keep track
2025-03-26,Cady,I’m gonna have to start including non paying guys on my spreadsheet,BEFORE,2025-03-26,15:18:02,Henry Woods,Fuck baby you’re such a total whore I love you so muchhhh
2025-03-26,Cady,I’m gonna have to start including non paying guys on my spreadsheet,BEFORE,2025-03-26,15:18:05,Henry Woods,ð­ð­ð­
2025-03-26,Cady,I’m gonna have to start including non paying guys on my spreadsheet,BEFORE,2025-03-26,15:23:41,Cady,Feeld
2025-03-26,Cady,I’m gonna have to start including non paying guys on my spreadsheet,BEFORE,2025-03-26,15:23:45,Cady,Hahaha thanks hen
2025-03-26,Cady,I’m gonna have to start including non paying guys on my spreadsheet,BEFORE,2025-03-26,15:23:51,Cady,We’re quite the pair
2025-03-26,Cady,I’m gonna have to start including non paying guys on my spreadsheet,TARGET,2025-03-26,15:24:09,Cady,I’m gonna have to start including non paying guys on my spreadsheet
2025-03-26,Cady,I’m gonna have to start including non paying guys on my spreadsheet,AFTER,2025-03-26,15:24:15,Cady,Cause I’m adding 3 new guys this week
2025-03-26,Cady,I’m gonna have to start including non paying guys on my spreadsheet,AFTER,2025-03-26,15:24:28,Cady,Also lol the firefighter has the same name as my baby brother—Elijah
2025-03-26,Cady,I’m gonna have to start including non paying guys on my spreadsheet,AFTER,2025-03-26,15:42:29,Henry Woods,"I hope you don’t get bored of me saying it, but fuck you turn me on"
2025-03-26,Cady,I’m gonna have to start including non paying guys on my spreadsheet,AFTER,2025-03-26,15:45:13,Henry Woods,I’ll have to look into getting a revolving door at the front of the house once you move in
2025-03-26,Cady,I’m gonna have to start including non paying guys on my spreadsheet,AFTER,2025-03-26,15:45:28,Cady,Hehe I don’t think I’ll ever get tired of turning you on
2025-03-26,Cady,I’m gonna have to start including non paying guys on my spreadsheet,AFTER,2025-03-26,15:45:31,Cady,Hehehehe
2025-03-26,Cady,I’m gonna have to start including non paying guys on my spreadsheet,AFTER,2025-03-26,15:45:35,Cady,Love it
2025-03-26,Cady,I’m gonna have to start including non paying guys on my spreadsheet,AFTER,2025-03-26,15:45:49,Henry Woods,/paying guys get you to themselves
2025-03-26,Cady,I’m gonna have to start including non paying guys on my spreadsheet,AFTER,2025-03-26,15:46:07,Cady,Mmmmhm
2025-03-26,Cady,I’m gonna have to start including non paying guys on my spreadsheet,AFTER,2025-03-26,15:46:16,Henry Woods,Hookups have to be in threesomes or moresomes so you can keep up with demand ð
2025-03-26,Cady,Cause I’m adding 3 new guys this week,BEFORE,2025-03-26,15:02:58,Cady,I forgot that new Aaron guy wants to fuck today
2025-03-26,Cady,Cause I’m adding 3 new guys this week,BEFORE,2025-03-26,15:17:14,Henry Woods,Hehehe
2025-03-26,Cady,Cause I’m adding 3 new guys this week,BEFORE,2025-03-26,15:17:36,Henry Woods,Seeking/feeld/old buddy?
2025-03-26,Cady,Cause I’m adding 3 new guys this week,BEFORE,2025-03-26,15:17:41,Henry Woods,I also can’t keep track
2025-03-26,Cady,Cause I’m adding 3 new guys this week,BEFORE,2025-03-26,15:18:02,Henry Woods,Fuck baby you’re such a total whore I love you so muchhhh
2025-03-26,Cady,Cause I’m adding 3 new guys this week,BEFORE,2025-03-26,15:18:05,Henry Woods,ð­ð­ð­
2025-03-26,Cady,Cause I’m adding 3 new guys this week,BEFORE,2025-03-26,15:23:41,Cady,Feeld
2025-03-26,Cady,Cause I’m adding 3 new guys this week,BEFORE,2025-03-26,15:23:45,Cady,Hahaha thanks hen
2025-03-26,Cady,Cause I’m adding 3 new guys this week,BEFORE,2025-03-26,15:23:51,Cady,We’re quite the pair
2025-03-26,Cady,Cause I’m adding 3 new guys this week,BEFORE,2025-03-26,15:24:09,Cady,I’m gonna have to start including non paying guys on my spreadsheet
2025-03-26,Cady,Cause I’m adding 3 new guys this week,TARGET,2025-03-26,15:24:15,Cady,Cause I’m adding 3 new guys this week
2025-03-26,Cady,Cause I’m adding 3 new guys this week,AFTER,2025-03-26,15:24:28,Cady,Also lol the firefighter has the same name as my baby brother—Elijah
2025-03-26,Cady,Cause I’m adding 3 new guys this week,AFTER,2025-03-26,15:42:29,Henry Woods,"I hope you don’t get bored of me saying it, but fuck you turn me on"
2025-03-26,Cady,Cause I’m adding 3 new guys this week,AFTER,2025-03-26,15:45:13,Henry Woods,I’ll have to look into getting a revolving door at the front of the house once you move in
2025-03-26,Cady,Cause I’m adding 3 new guys this week,AFTER,2025-03-26,15:45:28,Cady,Hehe I don’t think I’ll ever get tired of turning you on
2025-03-26,Cady,Cause I’m adding 3 new guys this week,AFTER,2025-03-26,15:45:31,Cady,Hehehehe
2025-03-26,Cady,Cause I’m adding 3 new guys this week,AFTER,2025-03-26,15:45:35,Cady,Love it
2025-03-26,Cady,Cause I’m adding 3 new guys this week,AFTER,2025-03-26,15:45:49,Henry Woods,/paying guys get you to themselves
2025-03-26,Cady,Cause I’m adding 3 new guys this week,AFTER,2025-03-26,15:46:07,Cady,Mmmmhm
2025-03-26,Cady,Cause I’m adding 3 new guys this week,AFTER,2025-03-26,15:46:16,Henry Woods,Hookups have to be in threesomes or moresomes so you can keep up with demand ð
2025-03-26,Cady,Cause I’m adding 3 new guys this week,AFTER,2025-03-26,15:46:29,Cady,Hahaha that’s a good idea
2025-03-26,Henry Woods,/paying guys get you to themselves,BEFORE,2025-03-26,15:23:45,Cady,Hahaha thanks hen
2025-03-26,Henry Woods,/paying guys get you to themselves,BEFORE,2025-03-26,15:23:51,Cady,We’re quite the pair
2025-03-26,Henry Woods,/paying guys get you to themselves,BEFORE,2025-03-26,15:24:09,Cady,I’m gonna have to start including non paying guys on my spreadsheet
2025-03-26,Henry Woods,/paying guys get you to themselves,BEFORE,2025-03-26,15:24:15,Cady,Cause I’m adding 3 new guys this week
2025-03-26,Henry Woods,/paying guys get you to themselves,BEFORE,2025-03-26,15:24:28,Cady,Also lol the firefighter has the same name as my baby brother—Elijah
2025-03-26,Henry Woods,/paying guys get you to themselves,BEFORE,2025-03-26,15:42:29,Henry Woods,"I hope you don’t get bored of me saying it, but fuck you turn me on"
2025-03-26,Henry Woods,/paying guys get you to themselves,BEFORE,2025-03-26,15:45:13,Henry Woods,I’ll have to look into getting a revolving door at the front of the house once you move in
2025-03-26,Henry Woods,/paying guys get you to themselves,BEFORE,2025-03-26,15:45:28,Cady,Hehe I don’t think I’ll ever get tired of turning you on
2025-03-26,Henry Woods,/paying guys get you to themselves,BEFORE,2025-03-26,15:45:31,Cady,Hehehehe
2025-03-26,Henry Woods,/paying guys get you to themselves,BEFORE,2025-03-26,15:45:35,Cady,Love it
2025-03-26,Henry Woods,/paying guys get you to themselves,TARGET,2025-03-26,15:45:49,Henry Woods,/paying guys get you to themselves
2025-03-26,Henry Woods,/paying guys get you to themselves,AFTER,2025-03-26,15:46:07,Cady,Mmmmhm
2025-03-26,Henry Woods,/paying guys get you to themselves,AFTER,2025-03-26,15:46:16,Henry Woods,Hookups have to be in threesomes or moresomes so you can keep up with demand ð
2025-03-26,Henry Woods,/paying guys get you to themselves,AFTER,2025-03-26,15:46:29,Cady,Hahaha that’s a good idea
2025-03-26,Henry Woods,/paying guys get you to themselves,AFTER,2025-03-26,16:09:05,Henry Woods,Indeed
2025-03-26,Henry Woods,/paying guys get you to themselves,AFTER,2025-03-26,16:09:58,Henry Woods,Also - blowbangs
2025-03-26,Henry Woods,/paying guys get you to themselves,AFTER,2025-03-26,16:10:04,Cady,Yesss
2025-03-26,Henry Woods,/paying guys get you to themselves,AFTER,2025-03-26,16:10:39,Henry Woods,I just loooove the whole vibe of ‘all this dick for me and I don’t want to get distracted by my own orgasms’
2025-03-26,Henry Woods,/paying guys get you to themselves,AFTER,2025-03-26,16:10:46,Cady,Mmmmhm
2025-03-26,Henry Woods,/paying guys get you to themselves,AFTER,2025-03-26,16:10:51,Cady,I’ll have to work my way there
2025-03-26,Henry Woods,/paying guys get you to themselves,AFTER,2025-03-26,16:10:56,Cady,Gonna have a strong as fuck neck
2025-03-26,Henry Woods,"‘when you’re out there you’re representing me as well, so I want big smiles and thank yous to all of those hung men for cumming deep up your asshole'",BEFORE,2025-03-26,16:18:43,Cady,But I’ll have my tits pierced by then too
2025-03-26,Henry Woods,"‘when you’re out there you’re representing me as well, so I want big smiles and thank yous to all of those hung men for cumming deep up your asshole'",BEFORE,2025-03-26,16:18:55,Henry Woods,And yes
2025-03-26,Henry Woods,"‘when you’re out there you’re representing me as well, so I want big smiles and thank yous to all of those hung men for cumming deep up your asshole'",BEFORE,2025-03-26,16:19:03,Henry Woods,Mmmmh same
2025-03-26,Henry Woods,"‘when you’re out there you’re representing me as well, so I want big smiles and thank yous to all of those hung men for cumming deep up your asshole'",BEFORE,2025-03-26,16:19:17,Cady,Eeee I’m so scared about my clit
2025-03-26,Henry Woods,"‘when you’re out there you’re representing me as well, so I want big smiles and thank yous to all of those hung men for cumming deep up your asshole'",BEFORE,2025-03-26,16:21:23,Henry Woods,I want it in your professional shoots as well
2025-03-26,Henry Woods,"‘when you’re out there you’re representing me as well, so I want big smiles and thank yous to all of those hung men for cumming deep up your asshole'",BEFORE,2025-03-26,16:21:36,Cady,Yessss
2025-03-26,Henry Woods,"‘when you’re out there you’re representing me as well, so I want big smiles and thank yous to all of those hung men for cumming deep up your asshole'",BEFORE,2025-03-26,16:22:55,Henry Woods,be like ‘mmmh yes that’s \*my\* slut getting ruined on camera'
2025-03-26,Henry Woods,"‘when you’re out there you’re representing me as well, so I want big smiles and thank yous to all of those hung men for cumming deep up your asshole'",BEFORE,2025-03-26,16:23:03,Cady,Yes baby
2025-03-26,Henry Woods,"‘when you’re out there you’re representing me as well, so I want big smiles and thank yous to all of those hung men for cumming deep up your asshole'",BEFORE,2025-03-26,16:23:09,Cady,Always representing you
2025-03-26,Henry Woods,"‘when you’re out there you’re representing me as well, so I want big smiles and thank yous to all of those hung men for cumming deep up your asshole'",BEFORE,2025-03-26,16:24:42,Henry Woods,mmmh
2025-03-26,Henry Woods,"‘when you’re out there you’re representing me as well, so I want big smiles and thank yous to all of those hung men for cumming deep up your asshole'",TARGET,2025-03-26,16:27:39,Henry Woods,"‘when you’re out there you’re representing me as well, so I want big smiles and thank yous to all of those hung men for cumming deep up your asshole'"
2025-03-26,Henry Woods,"‘when you’re out there you’re representing me as well, so I want big smiles and thank yous to all of those hung men for cumming deep up your asshole'",AFTER,2025-03-26,16:28:08,Cady,Yes of course daddyyy
2025-03-26,Henry Woods,"‘when you’re out there you’re representing me as well, so I want big smiles and thank yous to all of those hung men for cumming deep up your asshole'",AFTER,2025-03-26,16:28:39,Henry Woods,‘and make sure to invite them all back to fuck you again any time they want’
2025-03-26,Henry Woods,"‘when you’re out there you’re representing me as well, so I want big smiles and thank yous to all of those hung men for cumming deep up your asshole'",AFTER,2025-03-26,16:28:53,Cady,Hehehe we’re going to have so many new friends
2025-03-26,Henry Woods,"‘when you’re out there you’re representing me as well, so I want big smiles and thank yous to all of those hung men for cumming deep up your asshole'",AFTER,2025-03-26,16:29:21,Henry Woods,we are ð
2025-03-26,Henry Woods,"‘when you’re out there you’re representing me as well, so I want big smiles and thank yous to all of those hung men for cumming deep up your asshole'",AFTER,2025-03-26,16:29:57,Henry Woods,and they’re going to gangbang you and groupsuck me on a daily basis
2025-03-26,Henry Woods,"‘when you’re out there you’re representing me as well, so I want big smiles and thank yous to all of those hung men for cumming deep up your asshole'",AFTER,2025-03-26,16:30:10,Cady,Hehehe yes
2025-03-26,Henry Woods,"‘when you’re out there you’re representing me as well, so I want big smiles and thank yous to all of those hung men for cumming deep up your asshole'",AFTER,2025-03-26,16:30:25,Cady,I can’t wait to invite a bunch of sluts over for you
2025-03-26,Henry Woods,"‘when you’re out there you’re representing me as well, so I want big smiles and thank yous to all of those hung men for cumming deep up your asshole'",AFTER,2025-03-26,16:30:49,Henry Woods,it’s gonna be the beeeest
2025-03-26,Henry Woods,"‘when you’re out there you’re representing me as well, so I want big smiles and thank yous to all of those hung men for cumming deep up your asshole'",AFTER,2025-03-26,16:31:06,Henry Woods,4 sexy women on their knees for me
2025-03-26,Henry Woods,"‘when you’re out there you’re representing me as well, so I want big smiles and thank yous to all of those hung men for cumming deep up your asshole'",AFTER,2025-03-26,16:31:15,Cady,Yes babyyyyy
2025-03-26,Henry Woods,Love that you’ve now broken the regularly fucking multiple guys a day boundary,BEFORE,2025-03-26,19:36:53,Henry Woods,Like Inara in Firefly
2025-03-26,Henry Woods,Love that you’ve now broken the regularly fucking multiple guys a day boundary,BEFORE,2025-03-26,19:37:00,Cady,Yes\!
2025-03-26,Henry Woods,Love that you’ve now broken the regularly fucking multiple guys a day boundary,BEFORE,2025-03-26,19:37:12,Cady,I love her
2025-03-26,Henry Woods,Love that you’ve now broken the regularly fucking multiple guys a day boundary,BEFORE,2025-03-26,19:37:41,Henry Woods,You’re like her if Mal kept her chained in his cabin for stress relief
2025-03-26,Henry Woods,Love that you’ve now broken the regularly fucking multiple guys a day boundary,BEFORE,2025-03-26,19:37:49,Cady,lol yes
2025-03-26,Henry Woods,Love that you’ve now broken the regularly fucking multiple guys a day boundary,BEFORE,2025-03-26,19:38:00,Cady,What a good show
2025-03-26,Henry Woods,Love that you’ve now broken the regularly fucking multiple guys a day boundary,BEFORE,2025-03-26,19:38:08,Cady,I was just talking to the guy I just hooked up about it
2025-03-26,Henry Woods,Love that you’ve now broken the regularly fucking multiple guys a day boundary,BEFORE,2025-03-26,19:39:00,Henry Woods,Nice
2025-03-26,Henry Woods,Love that you’ve now broken the regularly fucking multiple guys a day boundary,BEFORE,2025-03-26,19:39:21,Henry Woods,In between him repeatedly ramming his cock into your holes ð
2025-03-26,Henry Woods,Love that you’ve now broken the regularly fucking multiple guys a day boundary,BEFORE,2025-03-26,19:39:31,Cady,Yes hehehe
2025-03-26,Henry Woods,Love that you’ve now broken the regularly fucking multiple guys a day boundary,TARGET,2025-03-26,19:40:42,Henry Woods,Love that you’ve now broken the regularly fucking multiple guys a day boundary
2025-03-26,Henry Woods,Love that you’ve now broken the regularly fucking multiple guys a day boundary,AFTER,2025-03-26,19:40:58,Cady,Hehe I love when you’re reading my mind
2025-03-26,Henry Woods,Love that you’ve now broken the regularly fucking multiple guys a day boundary,AFTER,2025-03-26,19:41:00,Cady,Cause me too
2025-03-26,Henry Woods,Love that you’ve now broken the regularly fucking multiple guys a day boundary,AFTER,2025-03-26,19:41:09,Cady,My cervix is going to hurt
2025-03-26,Henry Woods,Love that you’ve now broken the regularly fucking multiple guys a day boundary,AFTER,2025-03-26,19:41:17,Cady,Aaron has a really long dick
2025-03-26,Henry Woods,Love that you’ve now broken the regularly fucking multiple guys a day boundary,AFTER,2025-03-26,19:41:24,Henry Woods,Hehe
2025-03-26,Henry Woods,Love that you’ve now broken the regularly fucking multiple guys a day boundary,AFTER,2025-03-26,19:41:26,Cady,Terrence is just big lol ð
2025-03-26,Henry Woods,Love that you’ve now broken the regularly fucking multiple guys a day boundary,AFTER,2025-03-26,19:41:34,Henry Woods,Yummm
2025-03-26,Henry Woods,Love that you’ve now broken the regularly fucking multiple guys a day boundary,AFTER,2025-03-26,19:41:54,Henry Woods,Would love some pics/vids of you sucking it if he’s into it again
2025-03-26,Henry Woods,Love that you’ve now broken the regularly fucking multiple guys a day boundary,AFTER,2025-03-26,19:42:14,Cady,I’ll bring my tripod ð
2025-03-26,Henry Woods,Love that you’ve now broken the regularly fucking multiple guys a day boundary,AFTER,2025-03-26,19:42:19,Henry Woods,Hehe
2025-03-26,Henry Woods,Kinda also into sleeping in the bed where you fuck 5+ guys daily,BEFORE,2025-03-26,19:45:44,Henry Woods,And love supporting it
2025-03-26,Henry Woods,Kinda also into sleeping in the bed where you fuck 5+ guys daily,BEFORE,2025-03-26,19:45:48,Henry Woods,And how much it turns me on
2025-03-26,Henry Woods,Kinda also into sleeping in the bed where you fuck 5+ guys daily,BEFORE,2025-03-26,19:45:56,Cady,Yessss
2025-03-26,Henry Woods,Kinda also into sleeping in the bed where you fuck 5+ guys daily,BEFORE,2025-03-26,19:46:16,Henry Woods,I’ll make some sex furniture for it
2025-03-26,Henry Woods,Kinda also into sleeping in the bed where you fuck 5+ guys daily,BEFORE,2025-03-26,19:46:23,Henry Woods,We can put toys all along the walls
2025-03-26,Henry Woods,Kinda also into sleeping in the bed where you fuck 5+ guys daily,BEFORE,2025-03-26,19:46:28,Cady,Eeeee only if I can help
2025-03-26,Henry Woods,Kinda also into sleeping in the bed where you fuck 5+ guys daily,BEFORE,2025-03-26,19:46:32,Henry Woods,Set up a camgirl corner
2025-03-26,Henry Woods,Kinda also into sleeping in the bed where you fuck 5+ guys daily,BEFORE,2025-03-26,19:46:40,Cady,Ahhhh I gotta start a new Pinterest board lol
2025-03-26,Henry Woods,Kinda also into sleeping in the bed where you fuck 5+ guys daily,BEFORE,2025-03-26,19:47:18,Henry Woods,Hmm shall we turn my room into an office/walk in wardrobe
2025-03-26,Henry Woods,Kinda also into sleeping in the bed where you fuck 5+ guys daily,BEFORE,2025-03-26,19:47:29,Cady,Sure
2025-03-26,Henry Woods,Kinda also into sleeping in the bed where you fuck 5+ guys daily,TARGET,2025-03-26,19:47:38,Henry Woods,Kinda also into sleeping in the bed where you fuck 5+ guys daily
2025-03-26,Henry Woods,Kinda also into sleeping in the bed where you fuck 5+ guys daily,AFTER,2025-03-26,19:47:46,Cady,Hahaha
2025-03-26,Henry Woods,Kinda also into sleeping in the bed where you fuck 5+ guys daily,AFTER,2025-03-26,19:47:51,Cady,Yes?
2025-03-26,Henry Woods,Kinda also into sleeping in the bed where you fuck 5+ guys daily,AFTER,2025-03-26,19:47:54,Henry Woods,Sex/sleep room
2025-03-26,Henry Woods,Kinda also into sleeping in the bed where you fuck 5+ guys daily,AFTER,2025-03-26,19:48:00,Cady,Yesss
2025-03-26,Henry Woods,Kinda also into sleeping in the bed where you fuck 5+ guys daily,AFTER,2025-03-26,19:48:03,Henry Woods,And then the living bedroom
2025-03-26,Henry Woods,Kinda also into sleeping in the bed where you fuck 5+ guys daily,AFTER,2025-03-26,19:48:12,Cady,Right
2025-03-26,Henry Woods,Kinda also into sleeping in the bed where you fuck 5+ guys daily,AFTER,2025-03-26,19:49:29,Henry Woods,"‘Stick your ass in the air you slut, breathe in the scent of all the men who fucked you like a whore today’"
2025-03-26,Henry Woods,Kinda also into sleeping in the bed where you fuck 5+ guys daily,AFTER,2025-03-26,19:49:39,Cady,Mmmmm
2025-03-26,Henry Woods,Kinda also into sleeping in the bed where you fuck 5+ guys daily,AFTER,2025-03-26,19:49:43,Cady,Yesss
2025-03-26,Henry Woods,Kinda also into sleeping in the bed where you fuck 5+ guys daily,AFTER,2025-03-26,19:51:19,Henry Woods,"‘No I’m not gonna eat your pussy filled with all their cum, you’re  fucking disgusting’"
2025-03-26,Henry Woods,"‘Stick your ass in the air you slut, breathe in the scent of all the men who fucked you like a whore today’",BEFORE,2025-03-26,19:46:40,Cady,Ahhhh I gotta start a new Pinterest board lol
2025-03-26,Henry Woods,"‘Stick your ass in the air you slut, breathe in the scent of all the men who fucked you like a whore today’",BEFORE,2025-03-26,19:47:18,Henry Woods,Hmm shall we turn my room into an office/walk in wardrobe
2025-03-26,Henry Woods,"‘Stick your ass in the air you slut, breathe in the scent of all the men who fucked you like a whore today’",BEFORE,2025-03-26,19:47:29,Cady,Sure
2025-03-26,Henry Woods,"‘Stick your ass in the air you slut, breathe in the scent of all the men who fucked you like a whore today’",BEFORE,2025-03-26,19:47:38,Henry Woods,Kinda also into sleeping in the bed where you fuck 5+ guys daily
2025-03-26,Henry Woods,"‘Stick your ass in the air you slut, breathe in the scent of all the men who fucked you like a whore today’",BEFORE,2025-03-26,19:47:46,Cady,Hahaha
2025-03-26,Henry Woods,"‘Stick your ass in the air you slut, breathe in the scent of all the men who fucked you like a whore today’",BEFORE,2025-03-26,19:47:51,Cady,Yes?
2025-03-26,Henry Woods,"‘Stick your ass in the air you slut, breathe in the scent of all the men who fucked you like a whore today’",BEFORE,2025-03-26,19:47:54,Henry Woods,Sex/sleep room
2025-03-26,Henry Woods,"‘Stick your ass in the air you slut, breathe in the scent of all the men who fucked you like a whore today’",BEFORE,2025-03-26,19:48:00,Cady,Yesss
2025-03-26,Henry Woods,"‘Stick your ass in the air you slut, breathe in the scent of all the men who fucked you like a whore today’",BEFORE,2025-03-26,19:48:03,Henry Woods,And then the living bedroom
2025-03-26,Henry Woods,"‘Stick your ass in the air you slut, breathe in the scent of all the men who fucked you like a whore today’",BEFORE,2025-03-26,19:48:12,Cady,Right
2025-03-26,Henry Woods,"‘Stick your ass in the air you slut, breathe in the scent of all the men who fucked you like a whore today’",TARGET,2025-03-26,19:49:29,Henry Woods,"‘Stick your ass in the air you slut, breathe in the scent of all the men who fucked you like a whore today’"
2025-03-26,Henry Woods,"‘Stick your ass in the air you slut, breathe in the scent of all the men who fucked you like a whore today’",AFTER,2025-03-26,19:49:39,Cady,Mmmmm
2025-03-26,Henry Woods,"‘Stick your ass in the air you slut, breathe in the scent of all the men who fucked you like a whore today’",AFTER,2025-03-26,19:49:43,Cady,Yesss
2025-03-26,Henry Woods,"‘Stick your ass in the air you slut, breathe in the scent of all the men who fucked you like a whore today’",AFTER,2025-03-26,19:51:19,Henry Woods,"‘No I’m not gonna eat your pussy filled with all their cum, you’re  fucking disgusting’"
2025-03-26,Henry Woods,"‘Stick your ass in the air you slut, breathe in the scent of all the men who fucked you like a whore today’",AFTER,2025-03-26,19:51:28,Cady,Hehehe
2025-03-26,Henry Woods,"‘Stick your ass in the air you slut, breathe in the scent of all the men who fucked you like a whore today’",AFTER,2025-03-26,19:51:34,Henry Woods,(And also that’s Ola’s job to clean you up)
2025-03-26,Henry Woods,"‘Stick your ass in the air you slut, breathe in the scent of all the men who fucked you like a whore today’",AFTER,2025-03-26,19:51:43,Cady,Mmmmmmf yessss
2025-03-26,Henry Woods,"‘Stick your ass in the air you slut, breathe in the scent of all the men who fucked you like a whore today’",AFTER,2025-03-26,19:54:52,Cady,lol Terrence has been saving all his cum for me
2025-03-26,Henry Woods,"‘Stick your ass in the air you slut, breathe in the scent of all the men who fucked you like a whore today’",AFTER,2025-03-26,19:54:59,Cady,Since like last Monday
2025-03-26,Henry Woods,"‘Stick your ass in the air you slut, breathe in the scent of all the men who fucked you like a whore today’",AFTER,2025-03-26,19:56:10,Henry Woods,does he fuck you raw too?
2025-03-26,Henry Woods,"‘Stick your ass in the air you slut, breathe in the scent of all the men who fucked you like a whore today’",AFTER,2025-03-26,19:56:34,Cady,He did also show me an sti test
2025-03-26,Henry Woods,I’m literally marring a whore who lets random guys she just met and paying clients cum in her,BEFORE,2025-03-26,19:56:41,Cady,So yes. Sorry I didn’t tell you sooner
2025-03-26,Henry Woods,I’m literally marring a whore who lets random guys she just met and paying clients cum in her,BEFORE,2025-03-26,19:56:47,Henry Woods,all good
2025-03-26,Henry Woods,I’m literally marring a whore who lets random guys she just met and paying clients cum in her,BEFORE,2025-03-26,19:56:55,Henry Woods,(it’s hotttt)
2025-03-26,Henry Woods,I’m literally marring a whore who lets random guys she just met and paying clients cum in her,BEFORE,2025-03-26,19:57:00,Cady,I should have already told youuuu
2025-03-26,Henry Woods,I’m literally marring a whore who lets random guys she just met and paying clients cum in her,BEFORE,2025-03-26,19:57:10,Cady,It issss
2025-03-26,Henry Woods,I’m literally marring a whore who lets random guys she just met and paying clients cum in her,BEFORE,2025-03-26,19:57:21,Henry Woods,"doesn’t matter, you just diiiiid"
2025-03-26,Henry Woods,I’m literally marring a whore who lets random guys she just met and paying clients cum in her,BEFORE,2025-03-26,19:57:27,Cady,Thanks babe
2025-03-26,Henry Woods,I’m literally marring a whore who lets random guys she just met and paying clients cum in her,BEFORE,2025-03-26,20:12:21,Henry Woods,"also, like"
2025-03-26,Henry Woods,I’m literally marring a whore who lets random guys she just met and paying clients cum in her,BEFORE,2025-03-26,20:12:29,Henry Woods,it’s so filthy and slutty
2025-03-26,Henry Woods,I’m literally marring a whore who lets random guys she just met and paying clients cum in her,BEFORE,2025-03-26,20:12:34,Cady,Hehe
2025-03-26,Henry Woods,I’m literally marring a whore who lets random guys she just met and paying clients cum in her,TARGET,2025-03-26,20:12:59,Henry Woods,I’m literally marring a whore who lets random guys she just met and paying clients cum in her
2025-03-26,Henry Woods,I’m literally marring a whore who lets random guys she just met and paying clients cum in her,AFTER,2025-03-26,20:13:07,Cady,Hehehe you are
2025-03-26,Henry Woods,I’m literally marring a whore who lets random guys she just met and paying clients cum in her,AFTER,2025-03-26,20:13:50,Henry Woods,absolute filth
2025-03-26,Henry Woods,I’m literally marring a whore who lets random guys she just met and paying clients cum in her,AFTER,2025-03-26,20:14:06,Henry Woods,and random guys she just met fuck her in the ass
2025-03-26,Henry Woods,I’m literally marring a whore who lets random guys she just met and paying clients cum in her,AFTER,2025-03-26,20:14:24,Henry Woods,and just epic levels of all out sluttery
2025-03-26,Henry Woods,I’m literally marring a whore who lets random guys she just met and paying clients cum in her,AFTER,2025-03-26,20:14:31,Henry Woods,hottest thing ever
2025-03-26,Henry Woods,I’m literally marring a whore who lets random guys she just met and paying clients cum in her,AFTER,2025-03-26,20:14:35,Cady,Hehe I love how you love me
2025-03-26,Henry Woods,I’m literally marring a whore who lets random guys she just met and paying clients cum in her,AFTER,2025-03-26,20:15:00,Henry Woods,I do
2025-03-26,Henry Woods,I’m literally marring a whore who lets random guys she just met and paying clients cum in her,AFTER,2025-03-26,20:15:45,Cady,We do luckyyyy
2025-03-26,Henry Woods,I’m literally marring a whore who lets random guys she just met and paying clients cum in her,AFTER,2025-03-26,21:04:08,Cady,So\*
2025-03-26,Henry Woods,I’m literally marring a whore who lets random guys she just met and paying clients cum in her,AFTER,2025-03-26,22:00:16,Henry Woods,We arrre
2025-03-26,Henry Woods,and random guys she just met fuck her in the ass,BEFORE,2025-03-26,19:57:00,Cady,I should have already told youuuu
2025-03-26,Henry Woods,and random guys she just met fuck her in the ass,BEFORE,2025-03-26,19:57:10,Cady,It issss
2025-03-26,Henry Woods,and random guys she just met fuck her in the ass,BEFORE,2025-03-26,19:57:21,Henry Woods,"doesn’t matter, you just diiiiid"
2025-03-26,Henry Woods,and random guys she just met fuck her in the ass,BEFORE,2025-03-26,19:57:27,Cady,Thanks babe
2025-03-26,Henry Woods,and random guys she just met fuck her in the ass,BEFORE,2025-03-26,20:12:21,Henry Woods,"also, like"
2025-03-26,Henry Woods,and random guys she just met fuck her in the ass,BEFORE,2025-03-26,20:12:29,Henry Woods,it’s so filthy and slutty
2025-03-26,Henry Woods,and random guys she just met fuck her in the ass,BEFORE,2025-03-26,20:12:34,Cady,Hehe
2025-03-26,Henry Woods,and random guys she just met fuck her in the ass,BEFORE,2025-03-26,20:12:59,Henry Woods,I’m literally marring a whore who lets random guys she just met and paying clients cum in her
2025-03-26,Henry Woods,and random guys she just met fuck her in the ass,BEFORE,2025-03-26,20:13:07,Cady,Hehehe you are
2025-03-26,Henry Woods,and random guys she just met fuck her in the ass,BEFORE,2025-03-26,20:13:50,Henry Woods,absolute filth
2025-03-26,Henry Woods,and random guys she just met fuck her in the ass,TARGET,2025-03-26,20:14:06,Henry Woods,and random guys she just met fuck her in the ass
2025-03-26,Henry Woods,and random guys she just met fuck her in the ass,AFTER,2025-03-26,20:14:24,Henry Woods,and just epic levels of all out sluttery
2025-03-26,Henry Woods,and random guys she just met fuck her in the ass,AFTER,2025-03-26,20:14:31,Henry Woods,hottest thing ever
2025-03-26,Henry Woods,and random guys she just met fuck her in the ass,AFTER,2025-03-26,20:14:35,Cady,Hehe I love how you love me
2025-03-26,Henry Woods,and random guys she just met fuck her in the ass,AFTER,2025-03-26,20:15:00,Henry Woods,I do
2025-03-26,Henry Woods,and random guys she just met fuck her in the ass,AFTER,2025-03-26,20:15:45,Cady,We do luckyyyy
2025-03-26,Henry Woods,and random guys she just met fuck her in the ass,AFTER,2025-03-26,21:04:08,Cady,So\*
2025-03-26,Henry Woods,and random guys she just met fuck her in the ass,AFTER,2025-03-26,22:00:16,Henry Woods,We arrre
2025-03-26,Henry Woods,and random guys she just met fuck her in the ass,AFTER,2025-03-26,22:00:27,Cady,Oh hello sexy
2025-03-26,Henry Woods,and random guys she just met fuck her in the ass,AFTER,2025-03-26,22:00:47,Cady,Oh my days
2025-03-26,Henry Woods,and random guys she just met fuck her in the ass,AFTER,2025-03-26,22:00:49,Henry Woods,"hope he’s not a dick, cause he’s hot"
2025-03-27,Henry Woods,can’t wait to be the one fucking you while you plan with other guys when you’re gonna see them,BEFORE,2025-03-27,16:53:37,Cady,He’s been telling me how he’s in love with his flatmate lol
2025-03-27,Henry Woods,can’t wait to be the one fucking you while you plan with other guys when you’re gonna see them,BEFORE,2025-03-27,16:54:05,Henry Woods,indeed
2025-03-27,Henry Woods,can’t wait to be the one fucking you while you plan with other guys when you’re gonna see them,BEFORE,2025-03-27,16:54:17,Henry Woods,you brainstorming how to get them together?
2025-03-27,Henry Woods,can’t wait to be the one fucking you while you plan with other guys when you’re gonna see them,BEFORE,2025-03-27,16:54:57,Henry Woods,you could help out by eg. gushing about him to her
2025-03-27,Henry Woods,can’t wait to be the one fucking you while you plan with other guys when you’re gonna see them,BEFORE,2025-03-27,16:55:20,Cady,Hehehe yes of course I am
2025-03-27,Henry Woods,can’t wait to be the one fucking you while you plan with other guys when you’re gonna see them,BEFORE,2025-03-27,16:55:27,Henry Woods,gooooood girl ❤️
2025-03-27,Henry Woods,can’t wait to be the one fucking you while you plan with other guys when you’re gonna see them,BEFORE,2025-03-27,16:55:34,Henry Woods,spreading love and orgasms in equal measure
2025-03-27,Henry Woods,can’t wait to be the one fucking you while you plan with other guys when you’re gonna see them,BEFORE,2025-03-27,16:55:39,Cady,Exactly babyyyyyy
2025-03-27,Henry Woods,can’t wait to be the one fucking you while you plan with other guys when you’re gonna see them,BEFORE,2025-03-27,16:56:23,Henry Woods,hehe love you bab
2025-03-27,Henry Woods,can’t wait to be the one fucking you while you plan with other guys when you’re gonna see them,BEFORE,2025-03-27,16:56:30,Cady,Love youuuu
2025-03-27,Henry Woods,can’t wait to be the one fucking you while you plan with other guys when you’re gonna see them,TARGET,2025-03-27,16:56:46,Henry Woods,can’t wait to be the one fucking you while you plan with other guys when you’re gonna see them
2025-03-27,Henry Woods,can’t wait to be the one fucking you while you plan with other guys when you’re gonna see them,AFTER,2025-03-27,16:56:52,Henry Woods,rather than the other way around :’(
2025-03-27,Henry Woods,can’t wait to be the one fucking you while you plan with other guys when you’re gonna see them,AFTER,2025-03-27,16:57:00,Cady,Yessss
2025-03-27,Henry Woods,can’t wait to be the one fucking you while you plan with other guys when you’re gonna see them,AFTER,2025-03-27,16:57:09,Cady,I know ð­
2025-03-27,Henry Woods,can’t wait to be the one fucking you while you plan with other guys when you’re gonna see them,AFTER,2025-03-27,17:31:28,Cady,Do you like this song? https://open.spotify.com/track/19PJ75UGKjpBo0muDNyxPW?si=iT3tfT2CSYG-9VNHSHwy9Q
2025-03-27,Henry Woods,can’t wait to be the one fucking you while you plan with other guys when you’re gonna see them,AFTER,2025-03-27,17:35:44,Henry Woods,I do\!
2025-03-27,Henry Woods,can’t wait to be the one fucking you while you plan with other guys when you’re gonna see them,AFTER,2025-03-27,17:35:59,Henry Woods,but in anticipation of your next question
2025-03-27,Henry Woods,can’t wait to be the one fucking you while you plan with other guys when you’re gonna see them,AFTER,2025-03-27,17:36:07,Henry Woods,this is our first dance song:
2025-03-27,Henry Woods,can’t wait to be the one fucking you while you plan with other guys when you’re gonna see them,AFTER,2025-03-27,17:36:11,Cady,I don’t have another hahaha
2025-03-27,Henry Woods,can’t wait to be the one fucking you while you plan with other guys when you’re gonna see them,AFTER,2025-03-27,17:36:23,Cady,Oh I know baby
2025-03-27,Henry Woods,can’t wait to be the one fucking you while you plan with other guys when you’re gonna see them,AFTER,2025-03-27,17:36:29,Cady,I listen to it all the time now
2025-03-27,Cady,He’s one of the first guys I fucked when you told me to be more slutty,BEFORE,2025-03-27,19:19:01,Cady,All good
2025-03-27,Cady,He’s one of the first guys I fucked when you told me to be more slutty,BEFORE,2025-03-27,19:51:25,Henry Woods,"Video call, 6 min"
2025-03-27,Cady,He’s one of the first guys I fucked when you told me to be more slutty,BEFORE,2025-03-27,20:04:23,Henry Woods,"Video call, 28 min"
2025-03-27,Cady,He’s one of the first guys I fucked when you told me to be more slutty,BEFORE,2025-03-27,20:40:59,Henry Woods,mmh just had a nice hard cum to some Cady porn ð¥°
2025-03-27,Cady,He’s one of the first guys I fucked when you told me to be more slutty,BEFORE,2025-03-27,20:42:04,Cady,Yessss
2025-03-27,Cady,He’s one of the first guys I fucked when you told me to be more slutty,BEFORE,2025-03-27,20:42:07,Cady,"Video call, 10 sec"
2025-03-27,Cady,He’s one of the first guys I fucked when you told me to be more slutty,BEFORE,2025-03-27,20:42:14,Henry Woods,love that it’s getting to the stage where I can choose which video depending on my mood
2025-03-27,Cady,He’s one of the first guys I fucked when you told me to be more slutty,BEFORE,2025-03-27,20:42:34,Cady,"Video call, 8 min"
2025-03-27,Cady,He’s one of the first guys I fucked when you told me to be more slutty,BEFORE,2025-03-27,21:10:10,Cady,Oh I forgot to tell you
2025-03-27,Cady,He’s one of the first guys I fucked when you told me to be more slutty,BEFORE,2025-03-27,21:10:27,Cady,I’m going overnight camping with Austin next weekend
2025-03-27,Cady,He’s one of the first guys I fucked when you told me to be more slutty,TARGET,2025-03-27,21:10:47,Cady,He’s one of the first guys I fucked when you told me to be more slutty
2025-03-27,Cady,He’s one of the first guys I fucked when you told me to be more slutty,AFTER,2025-03-27,21:11:41,Cady,Maybe we can film some fucking outside hehe
2025-03-27,Cady,He’s one of the first guys I fucked when you told me to be more slutty,AFTER,2025-03-27,21:28:15,Henry Woods,hehe
2025-03-27,Cady,He’s one of the first guys I fucked when you told me to be more slutty,AFTER,2025-03-27,21:28:17,Henry Woods,yummy
2025-03-27,Cady,He’s one of the first guys I fucked when you told me to be more slutty,AFTER,2025-03-27,21:28:22,Henry Woods,yes and yes
2025-03-27,Cady,He’s one of the first guys I fucked when you told me to be more slutty,AFTER,2025-03-27,21:28:35,Henry Woods,sounds fun ð
2025-03-27,Cady,He’s one of the first guys I fucked when you told me to be more slutty,AFTER,2025-03-27,21:29:20,Henry Woods,loving and missing you and DESPERATE for you
2025-03-27,Cady,He’s one of the first guys I fucked when you told me to be more slutty,AFTER,2025-03-27,21:29:44,Cady,I’m so desperate for you hen
2025-03-27,Cady,He’s one of the first guys I fucked when you told me to be more slutty,AFTER,2025-03-27,21:29:50,Cady,So so so
2025-03-27,Cady,He’s one of the first guys I fucked when you told me to be more slutty,AFTER,2025-03-27,21:30:02,Cady,Let’s camp too?
2025-03-27,Cady,He’s one of the first guys I fucked when you told me to be more slutty,AFTER,2025-03-27,21:30:09,Henry Woods,definitely
2025-03-27,Henry Woods,"Bonnie Blue, she’s the one who fucked 1000 guys in 24hrs",BEFORE,2025-03-27,22:04:41,Cady,My dad might actually pay for the visa
2025-03-27,Henry Woods,"Bonnie Blue, she’s the one who fucked 1000 guys in 24hrs",BEFORE,2025-03-27,22:05:00,Cady,He’s buying my car and he’s gonna see if he can do it now for me
2025-03-27,Henry Woods,"Bonnie Blue, she’s the one who fucked 1000 guys in 24hrs",BEFORE,2025-03-27,22:05:22,Henry Woods,That is exceptional news
2025-03-27,Henry Woods,"Bonnie Blue, she’s the one who fucked 1000 guys in 24hrs",BEFORE,2025-03-27,22:07:39,Cady,I think he’ll pull through. Talking to him now and he’s gonna see what he’s got / talk to my mom
2025-03-27,Henry Woods,"Bonnie Blue, she’s the one who fucked 1000 guys in 24hrs",BEFORE,2025-03-27,22:16:09,Cady,Omg hahahaha
2025-03-27,Henry Woods,"Bonnie Blue, she’s the one who fucked 1000 guys in 24hrs",BEFORE,2025-03-27,22:18:00,Henry Woods,Shame that she got too much surgery and looks ambiguously aged
2025-03-27,Henry Woods,"Bonnie Blue, she’s the one who fucked 1000 guys in 24hrs",BEFORE,2025-03-27,22:18:07,Henry Woods,She supposed to be 25
2025-03-27,Henry Woods,"Bonnie Blue, she’s the one who fucked 1000 guys in 24hrs",BEFORE,2025-03-27,22:22:07,Cady,Oh wow she looks older
2025-03-27,Henry Woods,"Bonnie Blue, she’s the one who fucked 1000 guys in 24hrs",BEFORE,2025-03-27,22:22:21,Cady,Ooooooo
2025-03-27,Henry Woods,"Bonnie Blue, she’s the one who fucked 1000 guys in 24hrs",BEFORE,2025-03-27,22:22:33,Cady,She’s interesting
2025-03-27,Henry Woods,"Bonnie Blue, she’s the one who fucked 1000 guys in 24hrs",TARGET,2025-03-27,22:23:40,Henry Woods,"Bonnie Blue, she’s the one who fucked 1000 guys in 24hrs"
2025-03-27,Henry Woods,"Bonnie Blue, she’s the one who fucked 1000 guys in 24hrs",AFTER,2025-03-27,22:24:03,Henry Woods,"But the video is a bit grim tbh, some pretty disgusting guys in flip flops and socks"
2025-03-27,Henry Woods,"Bonnie Blue, she’s the one who fucked 1000 guys in 24hrs",AFTER,2025-03-27,22:24:57,Cady,Ehhh yeah I’ve read about her
2025-03-27,Henry Woods,"Bonnie Blue, she’s the one who fucked 1000 guys in 24hrs",AFTER,2025-03-27,22:25:03,Cady,Probably not gonna copy her in that
2025-03-27,Henry Woods,"Bonnie Blue, she’s the one who fucked 1000 guys in 24hrs",AFTER,2025-03-27,22:25:10,Henry Woods,Yeah no thanks
2025-03-27,Henry Woods,"Bonnie Blue, she’s the one who fucked 1000 guys in 24hrs",AFTER,2025-03-27,22:25:22,Henry Woods,There’s a point where it becomes not so hot
2025-03-27,Henry Woods,"Bonnie Blue, she’s the one who fucked 1000 guys in 24hrs",AFTER,2025-03-27,22:26:12,Henry Woods,I think at the point that you have to drop your standards to find the people
2025-03-27,Henry Woods,"Bonnie Blue, she’s the one who fucked 1000 guys in 24hrs",AFTER,2025-03-27,22:26:31,Henry Woods,"1000 super hot, hung fun guys?"
2025-03-27,Henry Woods,"Bonnie Blue, she’s the one who fucked 1000 guys in 24hrs",AFTER,2025-03-27,22:26:32,Henry Woods,Sure
2025-03-27,Henry Woods,"Bonnie Blue, she’s the one who fucked 1000 guys in 24hrs",AFTER,2025-03-27,22:26:55,Henry Woods,10 hot guys and 990 incels who probably don’t wipe? \<This message was edited\>
2025-03-27,Henry Woods,"Bonnie Blue, she’s the one who fucked 1000 guys in 24hrs",AFTER,2025-03-27,22:26:57,Henry Woods,Nope
2025-03-27,Henry Woods,"But the video is a bit grim tbh, some pretty disgusting guys in flip flops and socks",BEFORE,2025-03-27,22:05:00,Cady,He’s buying my car and he’s gonna see if he can do it now for me
2025-03-27,Henry Woods,"But the video is a bit grim tbh, some pretty disgusting guys in flip flops and socks",BEFORE,2025-03-27,22:05:22,Henry Woods,That is exceptional news
2025-03-27,Henry Woods,"But the video is a bit grim tbh, some pretty disgusting guys in flip flops and socks",BEFORE,2025-03-27,22:07:39,Cady,I think he’ll pull through. Talking to him now and he’s gonna see what he’s got / talk to my mom
2025-03-27,Henry Woods,"But the video is a bit grim tbh, some pretty disgusting guys in flip flops and socks",BEFORE,2025-03-27,22:16:09,Cady,Omg hahahaha
2025-03-27,Henry Woods,"But the video is a bit grim tbh, some pretty disgusting guys in flip flops and socks",BEFORE,2025-03-27,22:18:00,Henry Woods,Shame that she got too much surgery and looks ambiguously aged
2025-03-27,Henry Woods,"But the video is a bit grim tbh, some pretty disgusting guys in flip flops and socks",BEFORE,2025-03-27,22:18:07,Henry Woods,She supposed to be 25
2025-03-27,Henry Woods,"But the video is a bit grim tbh, some pretty disgusting guys in flip flops and socks",BEFORE,2025-03-27,22:22:07,Cady,Oh wow she looks older
2025-03-27,Henry Woods,"But the video is a bit grim tbh, some pretty disgusting guys in flip flops and socks",BEFORE,2025-03-27,22:22:21,Cady,Ooooooo
2025-03-27,Henry Woods,"But the video is a bit grim tbh, some pretty disgusting guys in flip flops and socks",BEFORE,2025-03-27,22:22:33,Cady,She’s interesting
2025-03-27,Henry Woods,"But the video is a bit grim tbh, some pretty disgusting guys in flip flops and socks",BEFORE,2025-03-27,22:23:40,Henry Woods,"Bonnie Blue, she’s the one who fucked 1000 guys in 24hrs"
2025-03-27,Henry Woods,"But the video is a bit grim tbh, some pretty disgusting guys in flip flops and socks",TARGET,2025-03-27,22:24:03,Henry Woods,"But the video is a bit grim tbh, some pretty disgusting guys in flip flops and socks"
2025-03-27,Henry Woods,"But the video is a bit grim tbh, some pretty disgusting guys in flip flops and socks",AFTER,2025-03-27,22:24:57,Cady,Ehhh yeah I’ve read about her
2025-03-27,Henry Woods,"But the video is a bit grim tbh, some pretty disgusting guys in flip flops and socks",AFTER,2025-03-27,22:25:03,Cady,Probably not gonna copy her in that
2025-03-27,Henry Woods,"But the video is a bit grim tbh, some pretty disgusting guys in flip flops and socks",AFTER,2025-03-27,22:25:10,Henry Woods,Yeah no thanks
2025-03-27,Henry Woods,"But the video is a bit grim tbh, some pretty disgusting guys in flip flops and socks",AFTER,2025-03-27,22:25:22,Henry Woods,There’s a point where it becomes not so hot
2025-03-27,Henry Woods,"But the video is a bit grim tbh, some pretty disgusting guys in flip flops and socks",AFTER,2025-03-27,22:26:12,Henry Woods,I think at the point that you have to drop your standards to find the people
2025-03-27,Henry Woods,"But the video is a bit grim tbh, some pretty disgusting guys in flip flops and socks",AFTER,2025-03-27,22:26:31,Henry Woods,"1000 super hot, hung fun guys?"
2025-03-27,Henry Woods,"But the video is a bit grim tbh, some pretty disgusting guys in flip flops and socks",AFTER,2025-03-27,22:26:32,Henry Woods,Sure
2025-03-27,Henry Woods,"But the video is a bit grim tbh, some pretty disgusting guys in flip flops and socks",AFTER,2025-03-27,22:26:55,Henry Woods,10 hot guys and 990 incels who probably don’t wipe? \<This message was edited\>
2025-03-27,Henry Woods,"But the video is a bit grim tbh, some pretty disgusting guys in flip flops and socks",AFTER,2025-03-27,22:26:57,Henry Woods,Nope
2025-03-27,Henry Woods,"But the video is a bit grim tbh, some pretty disgusting guys in flip flops and socks",AFTER,2025-03-27,22:28:25,Cady,Ewwww
2025-03-27,Henry Woods,"1000 super hot, hung fun guys?",BEFORE,2025-03-27,22:22:07,Cady,Oh wow she looks older
2025-03-27,Henry Woods,"1000 super hot, hung fun guys?",BEFORE,2025-03-27,22:22:21,Cady,Ooooooo
2025-03-27,Henry Woods,"1000 super hot, hung fun guys?",BEFORE,2025-03-27,22:22:33,Cady,She’s interesting
2025-03-27,Henry Woods,"1000 super hot, hung fun guys?",BEFORE,2025-03-27,22:23:40,Henry Woods,"Bonnie Blue, she’s the one who fucked 1000 guys in 24hrs"
2025-03-27,Henry Woods,"1000 super hot, hung fun guys?",BEFORE,2025-03-27,22:24:03,Henry Woods,"But the video is a bit grim tbh, some pretty disgusting guys in flip flops and socks"
2025-03-27,Henry Woods,"1000 super hot, hung fun guys?",BEFORE,2025-03-27,22:24:57,Cady,Ehhh yeah I’ve read about her
2025-03-27,Henry Woods,"1000 super hot, hung fun guys?",BEFORE,2025-03-27,22:25:03,Cady,Probably not gonna copy her in that
2025-03-27,Henry Woods,"1000 super hot, hung fun guys?",BEFORE,2025-03-27,22:25:10,Henry Woods,Yeah no thanks
2025-03-27,Henry Woods,"1000 super hot, hung fun guys?",BEFORE,2025-03-27,22:25:22,Henry Woods,There’s a point where it becomes not so hot
2025-03-27,Henry Woods,"1000 super hot, hung fun guys?",BEFORE,2025-03-27,22:26:12,Henry Woods,I think at the point that you have to drop your standards to find the people
2025-03-27,Henry Woods,"1000 super hot, hung fun guys?",TARGET,2025-03-27,22:26:31,Henry Woods,"1000 super hot, hung fun guys?"
2025-03-27,Henry Woods,"1000 super hot, hung fun guys?",AFTER,2025-03-27,22:26:32,Henry Woods,Sure
2025-03-27,Henry Woods,"1000 super hot, hung fun guys?",AFTER,2025-03-27,22:26:55,Henry Woods,10 hot guys and 990 incels who probably don’t wipe? \<This message was edited\>
2025-03-27,Henry Woods,"1000 super hot, hung fun guys?",AFTER,2025-03-27,22:26:57,Henry Woods,Nope
2025-03-27,Henry Woods,"1000 super hot, hung fun guys?",AFTER,2025-03-27,22:28:25,Cady,Ewwww
2025-03-27,Henry Woods,"1000 super hot, hung fun guys?",AFTER,2025-03-27,22:28:30,Cady,Yes
2025-03-27,Henry Woods,"1000 super hot, hung fun guys?",AFTER,2025-03-27,22:44:39,Cady,Made it to Nash
2025-03-27,Henry Woods,"1000 super hot, hung fun guys?",AFTER,2025-03-27,22:47:07,Henry Woods,Thanks for letting me know baby
2025-03-27,Henry Woods,"1000 super hot, hung fun guys?",AFTER,2025-03-27,22:47:17,Henry Woods,How is Marcus?
2025-03-27,Henry Woods,"1000 super hot, hung fun guys?",AFTER,2025-03-27,22:47:26,Cady,He’s good
2025-03-27,Henry Woods,"1000 super hot, hung fun guys?",AFTER,2025-03-27,22:48:22,Henry Woods,I should get finger tattoos
2025-03-27,Henry Woods,10 hot guys and 990 incels who probably don’t wipe? \<This message was edited\>,BEFORE,2025-03-27,22:22:33,Cady,She’s interesting
2025-03-27,Henry Woods,10 hot guys and 990 incels who probably don’t wipe? \<This message was edited\>,BEFORE,2025-03-27,22:23:40,Henry Woods,"Bonnie Blue, she’s the one who fucked 1000 guys in 24hrs"
2025-03-27,Henry Woods,10 hot guys and 990 incels who probably don’t wipe? \<This message was edited\>,BEFORE,2025-03-27,22:24:03,Henry Woods,"But the video is a bit grim tbh, some pretty disgusting guys in flip flops and socks"
2025-03-27,Henry Woods,10 hot guys and 990 incels who probably don’t wipe? \<This message was edited\>,BEFORE,2025-03-27,22:24:57,Cady,Ehhh yeah I’ve read about her
2025-03-27,Henry Woods,10 hot guys and 990 incels who probably don’t wipe? \<This message was edited\>,BEFORE,2025-03-27,22:25:03,Cady,Probably not gonna copy her in that
2025-03-27,Henry Woods,10 hot guys and 990 incels who probably don’t wipe? \<This message was edited\>,BEFORE,2025-03-27,22:25:10,Henry Woods,Yeah no thanks
2025-03-27,Henry Woods,10 hot guys and 990 incels who probably don’t wipe? \<This message was edited\>,BEFORE,2025-03-27,22:25:22,Henry Woods,There’s a point where it becomes not so hot
2025-03-27,Henry Woods,10 hot guys and 990 incels who probably don’t wipe? \<This message was edited\>,BEFORE,2025-03-27,22:26:12,Henry Woods,I think at the point that you have to drop your standards to find the people
2025-03-27,Henry Woods,10 hot guys and 990 incels who probably don’t wipe? \<This message was edited\>,BEFORE,2025-03-27,22:26:31,Henry Woods,"1000 super hot, hung fun guys?"
2025-03-27,Henry Woods,10 hot guys and 990 incels who probably don’t wipe? \<This message was edited\>,BEFORE,2025-03-27,22:26:32,Henry Woods,Sure
2025-03-27,Henry Woods,10 hot guys and 990 incels who probably don’t wipe? \<This message was edited\>,TARGET,2025-03-27,22:26:55,Henry Woods,10 hot guys and 990 incels who probably don’t wipe? \<This message was edited\>
2025-03-27,Henry Woods,10 hot guys and 990 incels who probably don’t wipe? \<This message was edited\>,AFTER,2025-03-27,22:26:57,Henry Woods,Nope
2025-03-27,Henry Woods,10 hot guys and 990 incels who probably don’t wipe? \<This message was edited\>,AFTER,2025-03-27,22:28:25,Cady,Ewwww
2025-03-27,Henry Woods,10 hot guys and 990 incels who probably don’t wipe? \<This message was edited\>,AFTER,2025-03-27,22:28:30,Cady,Yes
2025-03-27,Henry Woods,10 hot guys and 990 incels who probably don’t wipe? \<This message was edited\>,AFTER,2025-03-27,22:44:39,Cady,Made it to Nash
2025-03-27,Henry Woods,10 hot guys and 990 incels who probably don’t wipe? \<This message was edited\>,AFTER,2025-03-27,22:47:07,Henry Woods,Thanks for letting me know baby
2025-03-27,Henry Woods,10 hot guys and 990 incels who probably don’t wipe? \<This message was edited\>,AFTER,2025-03-27,22:47:17,Henry Woods,How is Marcus?
2025-03-27,Henry Woods,10 hot guys and 990 incels who probably don’t wipe? \<This message was edited\>,AFTER,2025-03-27,22:47:26,Cady,He’s good
2025-03-27,Henry Woods,10 hot guys and 990 incels who probably don’t wipe? \<This message was edited\>,AFTER,2025-03-27,22:48:22,Henry Woods,I should get finger tattoos
2025-03-27,Henry Woods,10 hot guys and 990 incels who probably don’t wipe? \<This message was edited\>,AFTER,2025-03-27,22:48:26,Henry Woods,I think it would suit me
2025-03-27,Henry Woods,10 hot guys and 990 incels who probably don’t wipe? \<This message was edited\>,AFTER,2025-03-27,22:49:04,Cady,You’re funny
2025-03-28,Henry Woods,also…that’ll be a fun one to put on the onlyfans/insta,BEFORE,2025-03-28,12:51:17,Cady,Hehehe
2025-03-28,Henry Woods,also…that’ll be a fun one to put on the onlyfans/insta,BEFORE,2025-03-28,12:51:30,Cady,A big one
2025-03-28,Henry Woods,also…that’ll be a fun one to put on the onlyfans/insta,BEFORE,2025-03-28,13:01:06,Henry Woods,gonna be doing my pressups and hip thrusts in the morning with you in the splits pushing your neck forward and back against a band
2025-03-28,Henry Woods,also…that’ll be a fun one to put on the onlyfans/insta,BEFORE,2025-03-28,13:01:12,Henry Woods,‘train for the job you want'
2025-03-28,Henry Woods,also…that’ll be a fun one to put on the onlyfans/insta,BEFORE,2025-03-28,13:01:24,Cady,Hehehe
2025-03-28,Henry Woods,also…that’ll be a fun one to put on the onlyfans/insta,BEFORE,2025-03-28,13:01:27,Cady,That’s so cute \<This message was edited\>
2025-03-28,Henry Woods,also…that’ll be a fun one to put on the onlyfans/insta,BEFORE,2025-03-28,13:02:27,Henry Woods,training specifically to suck and fuck each other better
2025-03-28,Henry Woods,also…that’ll be a fun one to put on the onlyfans/insta,BEFORE,2025-03-28,13:02:34,Henry Woods,(and everyone else)
2025-03-28,Henry Woods,also…that’ll be a fun one to put on the onlyfans/insta,BEFORE,2025-03-28,13:02:39,Cady,Hahaha yes
2025-03-28,Henry Woods,also…that’ll be a fun one to put on the onlyfans/insta,BEFORE,2025-03-28,13:02:49,Cady,It’s beautiful
2025-03-28,Henry Woods,also…that’ll be a fun one to put on the onlyfans/insta,TARGET,2025-03-28,13:03:24,Henry Woods,also…that’ll be a fun one to put on the onlyfans/insta
2025-03-28,Henry Woods,also…that’ll be a fun one to put on the onlyfans/insta,AFTER,2025-03-28,13:03:30,Cady,Yes
2025-03-28,Henry Woods,also…that’ll be a fun one to put on the onlyfans/insta,AFTER,2025-03-28,13:03:36,Cady,I’m really excited to make content
2025-03-28,Henry Woods,also…that’ll be a fun one to put on the onlyfans/insta,AFTER,2025-03-28,13:03:43,Henry Woods,me tooo
2025-03-28,Henry Woods,also…that’ll be a fun one to put on the onlyfans/insta,AFTER,2025-03-28,13:03:51,Henry Woods,I wanna make so much with you
2025-03-28,Henry Woods,also…that’ll be a fun one to put on the onlyfans/insta,AFTER,2025-03-28,13:03:57,Cady,Mmmmm
2025-03-28,Henry Woods,also…that’ll be a fun one to put on the onlyfans/insta,AFTER,2025-03-28,13:03:59,Henry Woods,just film every fuck
2025-03-28,Henry Woods,also…that’ll be a fun one to put on the onlyfans/insta,AFTER,2025-03-28,13:04:03,Cady,Yes
2025-03-28,Henry Woods,also…that’ll be a fun one to put on the onlyfans/insta,AFTER,2025-03-28,13:04:04,Henry Woods,every suck
2025-03-28,Henry Woods,also…that’ll be a fun one to put on the onlyfans/insta,AFTER,2025-03-28,13:04:17,Cady,Going to be a great scrapbook lol
2025-03-28,Henry Woods,also…that’ll be a fun one to put on the onlyfans/insta,AFTER,2025-03-28,13:04:27,Henry Woods,documenting it to make everyone jealous
2025-03-28,Cady,I’m really excited to make content,BEFORE,2025-03-28,13:01:06,Henry Woods,gonna be doing my pressups and hip thrusts in the morning with you in the splits pushing your neck forward and back against a band
2025-03-28,Cady,I’m really excited to make content,BEFORE,2025-03-28,13:01:12,Henry Woods,‘train for the job you want'
2025-03-28,Cady,I’m really excited to make content,BEFORE,2025-03-28,13:01:24,Cady,Hehehe
2025-03-28,Cady,I’m really excited to make content,BEFORE,2025-03-28,13:01:27,Cady,That’s so cute \<This message was edited\>
2025-03-28,Cady,I’m really excited to make content,BEFORE,2025-03-28,13:02:27,Henry Woods,training specifically to suck and fuck each other better
2025-03-28,Cady,I’m really excited to make content,BEFORE,2025-03-28,13:02:34,Henry Woods,(and everyone else)
2025-03-28,Cady,I’m really excited to make content,BEFORE,2025-03-28,13:02:39,Cady,Hahaha yes
2025-03-28,Cady,I’m really excited to make content,BEFORE,2025-03-28,13:02:49,Cady,It’s beautiful
2025-03-28,Cady,I’m really excited to make content,BEFORE,2025-03-28,13:03:24,Henry Woods,also…that’ll be a fun one to put on the onlyfans/insta
2025-03-28,Cady,I’m really excited to make content,BEFORE,2025-03-28,13:03:30,Cady,Yes
2025-03-28,Cady,I’m really excited to make content,TARGET,2025-03-28,13:03:36,Cady,I’m really excited to make content
2025-03-28,Cady,I’m really excited to make content,AFTER,2025-03-28,13:03:43,Henry Woods,me tooo
2025-03-28,Cady,I’m really excited to make content,AFTER,2025-03-28,13:03:51,Henry Woods,I wanna make so much with you
2025-03-28,Cady,I’m really excited to make content,AFTER,2025-03-28,13:03:57,Cady,Mmmmm
2025-03-28,Cady,I’m really excited to make content,AFTER,2025-03-28,13:03:59,Henry Woods,just film every fuck
2025-03-28,Cady,I’m really excited to make content,AFTER,2025-03-28,13:04:03,Cady,Yes
2025-03-28,Cady,I’m really excited to make content,AFTER,2025-03-28,13:04:04,Henry Woods,every suck
2025-03-28,Cady,I’m really excited to make content,AFTER,2025-03-28,13:04:17,Cady,Going to be a great scrapbook lol
2025-03-28,Cady,I’m really excited to make content,AFTER,2025-03-28,13:04:27,Henry Woods,documenting it to make everyone jealous
2025-03-28,Cady,I’m really excited to make content,AFTER,2025-03-28,13:04:32,Cady,Yes
2025-03-28,Cady,I’m really excited to make content,AFTER,2025-03-28,13:04:51,Henry Woods,I’ll have to register as a creator as well if I want to be in them (which I 100% do)
2025-03-28,Henry Woods,‘then I suck him off again while he goes through my feeld profile and approves the men I’ve lined up to fuck for today',BEFORE,2025-03-28,13:07:29,Cady,I want to tease you awake rnnnn
2025-03-28,Henry Woods,‘then I suck him off again while he goes through my feeld profile and approves the men I’ve lined up to fuck for today',BEFORE,2025-03-28,13:07:56,Henry Woods,?
2025-03-28,Henry Woods,‘then I suck him off again while he goes through my feeld profile and approves the men I’ve lined up to fuck for today',BEFORE,2025-03-28,13:08:07,Cady,Idk that’s what some girls call it
2025-03-28,Henry Woods,‘then I suck him off again while he goes through my feeld profile and approves the men I’ve lined up to fuck for today',BEFORE,2025-03-28,13:08:08,Henry Woods,‘once he’s fully awake I suck him hard till he comes in my mouth’
2025-03-28,Henry Woods,‘then I suck him off again while he goes through my feeld profile and approves the men I’ve lined up to fuck for today',BEFORE,2025-03-28,13:08:28,Henry Woods,‘then I go to the bathroom and prep for his morning anal fuck’
2025-03-28,Henry Woods,‘then I suck him off again while he goes through my feeld profile and approves the men I’ve lined up to fuck for today',BEFORE,2025-03-28,13:08:35,Cady,Hehehe
2025-03-28,Henry Woods,‘then I suck him off again while he goes through my feeld profile and approves the men I’ve lined up to fuck for today',BEFORE,2025-03-28,13:08:45,Henry Woods,‘then I make and bring him breakfast while he sends emails and does some admin'
2025-03-28,Henry Woods,‘then I suck him off again while he goes through my feeld profile and approves the men I’ve lined up to fuck for today',BEFORE,2025-03-28,13:08:49,Cady,Then I bring him breakfast
2025-03-28,Henry Woods,‘then I suck him off again while he goes through my feeld profile and approves the men I’ve lined up to fuck for today',BEFORE,2025-03-28,13:08:51,Cady,lol
2025-03-28,Henry Woods,‘then I suck him off again while he goes through my feeld profile and approves the men I’ve lined up to fuck for today',BEFORE,2025-03-28,13:09:54,Cady,Then what then what
2025-03-28,Henry Woods,‘then I suck him off again while he goes through my feeld profile and approves the men I’ve lined up to fuck for today',TARGET,2025-03-28,13:10:23,Henry Woods,‘then I suck him off again while he goes through my feeld profile and approves the men I’ve lined up to fuck for today'
2025-03-28,Henry Woods,‘then I suck him off again while he goes through my feeld profile and approves the men I’ve lined up to fuck for today',AFTER,2025-03-28,13:10:31,Cady,Hahaha
2025-03-28,Henry Woods,‘then I suck him off again while he goes through my feeld profile and approves the men I’ve lined up to fuck for today',AFTER,2025-03-28,13:10:33,Cady,Yes
2025-03-28,Henry Woods,‘then I suck him off again while he goes through my feeld profile and approves the men I’ve lined up to fuck for today',AFTER,2025-03-28,13:11:03,Henry Woods,‘as he sits down to work the first two are arriving’
2025-03-28,Henry Woods,‘then I suck him off again while he goes through my feeld profile and approves the men I’ve lined up to fuck for today',AFTER,2025-03-28,13:11:49,Cady,Hehehe
2025-03-28,Henry Woods,‘then I suck him off again while he goes through my feeld profile and approves the men I’ve lined up to fuck for today',AFTER,2025-03-28,13:12:22,Henry Woods,"‘a rugby player from the uni I’ve fucked before and his mate he’s bringing along, it’s gonna be the mate’s first dp and I’m very excited’"
2025-03-28,Henry Woods,‘then I suck him off again while he goes through my feeld profile and approves the men I’ve lined up to fuck for today',AFTER,2025-03-28,13:12:30,Cady,Hahaha
2025-03-28,Henry Woods,‘then I suck him off again while he goes through my feeld profile and approves the men I’ve lined up to fuck for today',AFTER,2025-03-28,13:12:39,Cady,Yes
2025-03-28,Henry Woods,‘then I suck him off again while he goes through my feeld profile and approves the men I’ve lined up to fuck for today',AFTER,2025-03-28,13:13:49,Cady,I want like a cctv set up so you can watch even if you’re in the other room working
2025-03-28,Henry Woods,‘then I suck him off again while he goes through my feeld profile and approves the men I’ve lined up to fuck for today',AFTER,2025-03-28,13:13:58,Henry Woods,ooooh
2025-03-28,Henry Woods,‘then I suck him off again while he goes through my feeld profile and approves the men I’ve lined up to fuck for today',AFTER,2025-03-28,13:13:59,Henry Woods,yes
2025-03-28,Henry Woods,thank the lads for keeping you warmed up for me,BEFORE,2025-03-28,13:12:22,Henry Woods,"‘a rugby player from the uni I’ve fucked before and his mate he’s bringing along, it’s gonna be the mate’s first dp and I’m very excited’"
2025-03-28,Henry Woods,thank the lads for keeping you warmed up for me,BEFORE,2025-03-28,13:12:30,Cady,Hahaha
2025-03-28,Henry Woods,thank the lads for keeping you warmed up for me,BEFORE,2025-03-28,13:12:39,Cady,Yes
2025-03-28,Henry Woods,thank the lads for keeping you warmed up for me,BEFORE,2025-03-28,13:13:49,Cady,I want like a cctv set up so you can watch even if you’re in the other room working
2025-03-28,Henry Woods,thank the lads for keeping you warmed up for me,BEFORE,2025-03-28,13:13:58,Henry Woods,ooooh
2025-03-28,Henry Woods,thank the lads for keeping you warmed up for me,BEFORE,2025-03-28,13:13:59,Henry Woods,yes
2025-03-28,Henry Woods,thank the lads for keeping you warmed up for me,BEFORE,2025-03-28,13:14:34,Cady,So you can always participate at what ever level you feel like
2025-03-28,Henry Woods,thank the lads for keeping you warmed up for me,BEFORE,2025-03-28,13:15:02,Henry Woods,"watch you, get turned on"
2025-03-28,Henry Woods,thank the lads for keeping you warmed up for me,BEFORE,2025-03-28,13:15:14,Henry Woods,take a 5min lesson break to come in and cum in your mouth
2025-03-28,Henry Woods,thank the lads for keeping you warmed up for me,BEFORE,2025-03-28,13:15:21,Cady,Yessss
2025-03-28,Henry Woods,thank the lads for keeping you warmed up for me,TARGET,2025-03-28,13:15:34,Henry Woods,thank the lads for keeping you warmed up for me
2025-03-28,Henry Woods,thank the lads for keeping you warmed up for me,AFTER,2025-03-28,13:15:39,Henry Woods,then back to teaching xD
2025-03-28,Henry Woods,thank the lads for keeping you warmed up for me,AFTER,2025-03-28,13:15:40,Cady,Hehe of course
2025-03-28,Henry Woods,thank the lads for keeping you warmed up for me,AFTER,2025-03-28,13:17:28,Henry Woods,unf I need a blowjob so badly now
2025-03-28,Henry Woods,thank the lads for keeping you warmed up for me,AFTER,2025-03-28,13:17:41,Cady,Oh baby I wish I was there
2025-03-28,Henry Woods,thank the lads for keeping you warmed up for me,AFTER,2025-03-28,13:20:43,Henry Woods,so bad
2025-03-28,Henry Woods,thank the lads for keeping you warmed up for me,AFTER,2025-03-28,13:21:14,Cady,lol you just coming up to me and pushing my head to your dick
2025-03-28,Henry Woods,thank the lads for keeping you warmed up for me,AFTER,2025-03-28,13:21:34,Henry Woods,absolutely
2025-03-28,Henry Woods,thank the lads for keeping you warmed up for me,AFTER,2025-03-28,13:21:43,Henry Woods,as god intended it
2025-03-28,Henry Woods,thank the lads for keeping you warmed up for me,AFTER,2025-03-28,13:23:04,Cady,That’s right lol
2025-03-28,Henry Woods,thank the lads for keeping you warmed up for me,AFTER,2025-03-28,13:23:29,Cady,I love your cock so much baby
2025-03-28,Cady,I can’t remember what I said and I don’t think I was rude or anything but I was like typically white guys don’t have a dick like you,BEFORE,2025-03-28,14:51:09,Cady,Let me say it again you’re incredible
2025-03-28,Cady,I can’t remember what I said and I don’t think I was rude or anything but I was like typically white guys don’t have a dick like you,BEFORE,2025-03-28,14:51:25,Henry Woods,packed up already?
2025-03-28,Cady,I can’t remember what I said and I don’t think I was rude or anything but I was like typically white guys don’t have a dick like you,BEFORE,2025-03-28,14:51:42,Cady,Haha nah just about to go get boxes to start
2025-03-28,Cady,I can’t remember what I said and I don’t think I was rude or anything but I was like typically white guys don’t have a dick like you,BEFORE,2025-03-28,15:04:08,Cady,A yellow jacket jist flew in the car and stung me ð­
2025-03-28,Cady,I can’t remember what I said and I don’t think I was rude or anything but I was like typically white guys don’t have a dick like you,BEFORE,2025-03-28,15:04:17,Henry Woods,oooof
2025-03-28,Cady,I can’t remember what I said and I don’t think I was rude or anything but I was like typically white guys don’t have a dick like you,BEFORE,2025-03-28,15:04:18,Cady,More painful than I remember
2025-03-28,Cady,I can’t remember what I said and I don’t think I was rude or anything but I was like typically white guys don’t have a dick like you,BEFORE,2025-03-28,15:04:40,Henry Woods,they’re nasty
2025-03-28,Cady,I can’t remember what I said and I don’t think I was rude or anything but I was like typically white guys don’t have a dick like you,BEFORE,2025-03-28,15:04:52,Henry Woods,also you’ll have to call them wasps once you’re here xD
2025-03-28,Cady,I can’t remember what I said and I don’t think I was rude or anything but I was like typically white guys don’t have a dick like you,BEFORE,2025-03-28,15:04:58,Cady,Haha deal
2025-03-28,Cady,I can’t remember what I said and I don’t think I was rude or anything but I was like typically white guys don’t have a dick like you,BEFORE,2025-03-28,15:13:43,Cady,Oof Elijah got upset at me
2025-03-28,Cady,I can’t remember what I said and I don’t think I was rude or anything but I was like typically white guys don’t have a dick like you,TARGET,2025-03-28,15:14:28,Cady,I can’t remember what I said and I don’t think I was rude or anything but I was like typically white guys don’t have a dick like you
2025-03-28,Cady,I can’t remember what I said and I don’t think I was rude or anything but I was like typically white guys don’t have a dick like you,AFTER,2025-03-28,15:14:32,Cady,And he just sent me this
2025-03-28,Cady,I can’t remember what I said and I don’t think I was rude or anything but I was like typically white guys don’t have a dick like you,AFTER,2025-03-28,15:15:03,Cady,So idk lol
2025-03-28,Cady,I can’t remember what I said and I don’t think I was rude or anything but I was like typically white guys don’t have a dick like you,AFTER,2025-03-28,15:16:47,Cady,Tbh I was just being complimentary
2025-03-28,Cady,I can’t remember what I said and I don’t think I was rude or anything but I was like typically white guys don’t have a dick like you,AFTER,2025-03-28,15:20:39,Henry Woods,huh
2025-03-28,Cady,I can’t remember what I said and I don’t think I was rude or anything but I was like typically white guys don’t have a dick like you,AFTER,2025-03-28,15:20:41,Henry Woods,weird
2025-03-28,Cady,I can’t remember what I said and I don’t think I was rude or anything but I was like typically white guys don’t have a dick like you,AFTER,2025-03-28,15:20:47,Henry Woods,people are strange
2025-03-28,Cady,I can’t remember what I said and I don’t think I was rude or anything but I was like typically white guys don’t have a dick like you,AFTER,2025-03-28,15:20:52,Cady,Yeah
2025-03-28,Cady,I can’t remember what I said and I don’t think I was rude or anything but I was like typically white guys don’t have a dick like you,AFTER,2025-03-28,15:21:12,Henry Woods,‘white guys don’t typical have dick like you’
2025-03-28,Cady,I can’t remember what I said and I don’t think I was rude or anything but I was like typically white guys don’t have a dick like you,AFTER,2025-03-28,15:21:13,Cady,I don’t even feel the need to apologise but I don’t feel like arguing
2025-03-28,Cady,I can’t remember what I said and I don’t think I was rude or anything but I was like typically white guys don’t have a dick like you,AFTER,2025-03-28,15:21:21,Cady,lol
2025-03-28,Henry Woods,‘white guys don’t typical have dick like you’,BEFORE,2025-03-28,15:04:58,Cady,Haha deal
2025-03-28,Henry Woods,‘white guys don’t typical have dick like you’,BEFORE,2025-03-28,15:13:43,Cady,Oof Elijah got upset at me
2025-03-28,Henry Woods,‘white guys don’t typical have dick like you’,BEFORE,2025-03-28,15:14:28,Cady,I can’t remember what I said and I don’t think I was rude or anything but I was like typically white guys don’t have a dick like you
2025-03-28,Henry Woods,‘white guys don’t typical have dick like you’,BEFORE,2025-03-28,15:14:32,Cady,And he just sent me this
2025-03-28,Henry Woods,‘white guys don’t typical have dick like you’,BEFORE,2025-03-28,15:15:03,Cady,So idk lol
2025-03-28,Henry Woods,‘white guys don’t typical have dick like you’,BEFORE,2025-03-28,15:16:47,Cady,Tbh I was just being complimentary
2025-03-28,Henry Woods,‘white guys don’t typical have dick like you’,BEFORE,2025-03-28,15:20:39,Henry Woods,huh
2025-03-28,Henry Woods,‘white guys don’t typical have dick like you’,BEFORE,2025-03-28,15:20:41,Henry Woods,weird
2025-03-28,Henry Woods,‘white guys don’t typical have dick like you’,BEFORE,2025-03-28,15:20:47,Henry Woods,people are strange
2025-03-28,Henry Woods,‘white guys don’t typical have dick like you’,BEFORE,2025-03-28,15:20:52,Cady,Yeah
2025-03-28,Henry Woods,‘white guys don’t typical have dick like you’,TARGET,2025-03-28,15:21:12,Henry Woods,‘white guys don’t typical have dick like you’
2025-03-28,Henry Woods,‘white guys don’t typical have dick like you’,AFTER,2025-03-28,15:21:13,Cady,I don’t even feel the need to apologise but I don’t feel like arguing
2025-03-28,Henry Woods,‘white guys don’t typical have dick like you’,AFTER,2025-03-28,15:21:21,Cady,lol
2025-03-28,Henry Woods,‘white guys don’t typical have dick like you’,AFTER,2025-03-28,15:21:26,Henry Woods,"like, huh?"
2025-03-28,Henry Woods,‘white guys don’t typical have dick like you’,AFTER,2025-03-28,15:21:40,Cady,He must have a hang up about black guys or something
2025-03-28,Henry Woods,‘white guys don’t typical have dick like you’,AFTER,2025-03-28,15:21:54,Henry Woods,"maybe just reply something like ‘sorry that wasn’t the point, I was just saying you have a great dick'"
2025-03-28,Henry Woods,‘white guys don’t typical have dick like you’,AFTER,2025-03-28,15:22:01,Cady,Yeah
2025-03-28,Henry Woods,‘white guys don’t typical have dick like you’,AFTER,2025-03-28,15:22:11,Henry Woods,but also maybe just meh
2025-03-28,Henry Woods,‘white guys don’t typical have dick like you’,AFTER,2025-03-28,15:22:21,Henry Woods,I don’t think it’s on you
2025-03-28,Henry Woods,‘white guys don’t typical have dick like you’,AFTER,2025-03-28,15:22:27,Cady,Yeah I agree
2025-03-28,Henry Woods,‘white guys don’t typical have dick like you’,AFTER,2025-03-28,15:22:35,Henry Woods,question is…to bin or not to bin?
2025-03-28,Cady,He must have a hang up about black guys or something,BEFORE,2025-03-28,15:15:03,Cady,So idk lol
2025-03-28,Cady,He must have a hang up about black guys or something,BEFORE,2025-03-28,15:16:47,Cady,Tbh I was just being complimentary
2025-03-28,Cady,He must have a hang up about black guys or something,BEFORE,2025-03-28,15:20:39,Henry Woods,huh
2025-03-28,Cady,He must have a hang up about black guys or something,BEFORE,2025-03-28,15:20:41,Henry Woods,weird
2025-03-28,Cady,He must have a hang up about black guys or something,BEFORE,2025-03-28,15:20:47,Henry Woods,people are strange
2025-03-28,Cady,He must have a hang up about black guys or something,BEFORE,2025-03-28,15:20:52,Cady,Yeah
2025-03-28,Cady,He must have a hang up about black guys or something,BEFORE,2025-03-28,15:21:12,Henry Woods,‘white guys don’t typical have dick like you’
2025-03-28,Cady,He must have a hang up about black guys or something,BEFORE,2025-03-28,15:21:13,Cady,I don’t even feel the need to apologise but I don’t feel like arguing
2025-03-28,Cady,He must have a hang up about black guys or something,BEFORE,2025-03-28,15:21:21,Cady,lol
2025-03-28,Cady,He must have a hang up about black guys or something,BEFORE,2025-03-28,15:21:26,Henry Woods,"like, huh?"
2025-03-28,Cady,He must have a hang up about black guys or something,TARGET,2025-03-28,15:21:40,Cady,He must have a hang up about black guys or something
2025-03-28,Cady,He must have a hang up about black guys or something,AFTER,2025-03-28,15:21:54,Henry Woods,"maybe just reply something like ‘sorry that wasn’t the point, I was just saying you have a great dick'"
2025-03-28,Cady,He must have a hang up about black guys or something,AFTER,2025-03-28,15:22:01,Cady,Yeah
2025-03-28,Cady,He must have a hang up about black guys or something,AFTER,2025-03-28,15:22:11,Henry Woods,but also maybe just meh
2025-03-28,Cady,He must have a hang up about black guys or something,AFTER,2025-03-28,15:22:21,Henry Woods,I don’t think it’s on you
2025-03-28,Cady,He must have a hang up about black guys or something,AFTER,2025-03-28,15:22:27,Cady,Yeah I agree
2025-03-28,Cady,He must have a hang up about black guys or something,AFTER,2025-03-28,15:22:35,Henry Woods,question is…to bin or not to bin?
2025-03-28,Cady,He must have a hang up about black guys or something,AFTER,2025-03-28,15:22:46,Cady,Thinking about it
2025-03-28,Cady,He must have a hang up about black guys or something,AFTER,2025-03-28,15:22:47,Henry Woods,dick like that is hard to come by ð­
2025-03-28,Cady,He must have a hang up about black guys or something,AFTER,2025-03-28,15:22:52,Cady,I know
2025-03-28,Cady,He must have a hang up about black guys or something,AFTER,2025-03-28,15:23:01,Cady,I think I’ll just see how it plays out and not worry
2025-03-28,Henry Woods,men are so weird,BEFORE,2025-03-28,15:42:24,Cady,Of me cause I keep saying random shit about you
2025-03-28,Henry Woods,men are so weird,BEFORE,2025-03-28,15:45:22,Cady,Of\*
2025-03-28,Henry Woods,men are so weird,BEFORE,2025-03-28,16:02:53,Cady,Elijah just sent me three more paragraphs basically saying he doesn’t think casual sex is for him and he’s too in love with his roommate haha
2025-03-28,Henry Woods,men are so weird,BEFORE,2025-03-28,16:03:00,Cady,Which actually makes all this make sense
2025-03-28,Henry Woods,men are so weird,BEFORE,2025-03-28,16:03:26,Henry Woods,yeah that makes more sense
2025-03-28,Henry Woods,men are so weird,BEFORE,2025-03-28,16:03:35,Henry Woods,might have called it spot on
2025-03-28,Henry Woods,men are so weird,BEFORE,2025-03-28,16:03:42,Cady,Yep
2025-03-28,Henry Woods,men are so weird,BEFORE,2025-03-28,16:03:46,Cady,You’re good babe
2025-03-28,Henry Woods,men are so weird,BEFORE,2025-03-28,16:07:50,Cady,I was able to suggest not continuing and him agreeing hehe
2025-03-28,Henry Woods,men are so weird,BEFORE,2025-03-28,16:46:17,Henry Woods,nice
2025-03-28,Henry Woods,men are so weird,TARGET,2025-03-28,16:46:27,Henry Woods,men are so weird
2025-03-28,Henry Woods,men are so weird,AFTER,2025-03-28,16:46:37,Cady,Can be for sure
2025-03-28,Henry Woods,men are so weird,AFTER,2025-03-28,16:46:59,Cady,So are women tho
2025-03-28,Henry Woods,men are so weird,AFTER,2025-03-28,16:47:01,Cady,People are weird
2025-03-28,Henry Woods,men are so weird,AFTER,2025-03-28,16:47:09,Cady,And get extra weird when it comes to sex
2025-03-28,Henry Woods,men are so weird,AFTER,2025-03-28,16:47:09,Henry Woods,"constantly wanting sex, then when it’s handed to them on a silver platter in the form of a spread wide, gorgeous up and coming pornstar, they baulk \<This message was edited\>"
2025-03-28,Henry Woods,men are so weird,AFTER,2025-03-28,16:47:18,Cady,Hahaha yeah strange
2025-03-28,Henry Woods,men are so weird,AFTER,2025-03-28,16:47:39,Henry Woods,aaaaand I’m horny again
2025-03-28,Henry Woods,men are so weird,AFTER,2025-03-28,16:47:50,Cady,Hahaha oh baby god damn we neeeeeed to be in the same place
2025-03-28,Henry Woods,men are so weird,AFTER,2025-03-28,16:48:05,Cady,I want all your cum
2025-03-28,Henry Woods,men are so weird,AFTER,2025-03-28,16:48:14,Henry Woods,hehe yesss
2025-03-28,Cady,I’m so excited for you guys,BEFORE,2025-03-28,16:51:21,Cady,Just a side note lemme know
2025-03-28,Cady,I’m so excited for you guys,BEFORE,2025-03-28,17:12:33,Henry Woods,not that I can think of
2025-03-28,Cady,I’m so excited for you guys,BEFORE,2025-03-28,17:18:33,Henry Woods,I’ve chased up the accountant again
2025-03-28,Cady,I’m so excited for you guys,BEFORE,2025-03-28,17:18:41,Henry Woods,will let you know any response
2025-03-28,Cady,I’m so excited for you guys,BEFORE,2025-03-28,17:19:37,Cady,Ok baby
2025-03-28,Cady,I’m so excited for you guys,BEFORE,2025-03-28,17:19:52,Cady,lol just did yoga and all I could think about was how I want to be working out on your dick
2025-03-28,Cady,I’m so excited for you guys,BEFORE,2025-03-28,17:20:02,Henry Woods,mmh yessss
2025-03-28,Cady,I’m so excited for you guys,BEFORE,2025-03-28,17:20:16,Henry Woods,hehe and Ola’s pussy
2025-03-28,Cady,I’m so excited for you guys,BEFORE,2025-03-28,17:20:20,Cady,Yessss
2025-03-28,Cady,I’m so excited for you guys,BEFORE,2025-03-28,17:20:27,Henry Woods,looking forward to seeing her next month
2025-03-28,Cady,I’m so excited for you guys,TARGET,2025-03-28,17:20:33,Cady,I’m so excited for you guys
2025-03-28,Cady,I’m so excited for you guys,AFTER,2025-03-28,17:20:43,Henry Woods,so sad you won’t be there
2025-03-28,Cady,I’m so excited for you guys,AFTER,2025-03-28,17:20:48,Cady,I know me too
2025-03-28,Cady,I’m so excited for you guys,AFTER,2025-03-28,17:20:55,Henry Woods,but also I/we have no reason to leave Poland after Tsun’s exams
2025-03-28,Cady,I’m so excited for you guys,AFTER,2025-03-28,17:21:13,Henry Woods,/probably best to get you moved in then come back
2025-03-28,Cady,I’m so excited for you guys,AFTER,2025-03-28,17:21:16,Cady,Threesomes on threesomes
2025-03-28,Cady,I’m so excited for you guys,AFTER,2025-03-28,17:21:17,Cady,Yes
2025-03-28,Cady,I’m so excited for you guys,AFTER,2025-03-28,17:21:30,Henry Woods,flights are literally cheaper than a train to london
2025-03-28,Cady,I’m so excited for you guys,AFTER,2025-03-28,17:21:38,Henry Woods,something like £29
2025-03-28,Cady,I’m so excited for you guys,AFTER,2025-03-28,17:21:40,Cady,Hahaha oh darn\!
2025-03-28,Cady,I’m so excited for you guys,AFTER,2025-03-28,17:21:49,Cady,We must take advantage of this deal I suppose
2025-03-28,Cady,Spamming your insta with content things,BEFORE,2025-03-28,18:18:16,Henry Woods,not that I plan to any time soon
2025-03-28,Cady,Spamming your insta with content things,BEFORE,2025-03-28,18:18:24,Cady,Haha I know what you mean
2025-03-28,Cady,Spamming your insta with content things,BEFORE,2025-03-28,18:18:25,Henry Woods,"but point being, customise it"
2025-03-28,Cady,Spamming your insta with content things,BEFORE,2025-03-28,18:18:27,Henry Woods,then it’s done
2025-03-28,Cady,Spamming your insta with content things,BEFORE,2025-03-28,18:18:30,Cady,Ok :)
2025-03-28,Cady,Spamming your insta with content things,BEFORE,2025-03-28,18:18:40,Henry Woods,and then we can settle back and enjoy it
2025-03-28,Cady,Spamming your insta with content things,BEFORE,2025-03-28,18:18:44,Cady,We can always recustomise if we need
2025-03-28,Cady,Spamming your insta with content things,BEFORE,2025-03-28,18:19:17,Henry Woods,(and definitely not decide to upgrade the moment we finish each piece because we have the same tabasco brain
2025-03-28,Cady,Spamming your insta with content things,BEFORE,2025-03-28,18:23:15,Cady,Hahahaha
2025-03-28,Cady,Spamming your insta with content things,BEFORE,2025-03-28,18:23:19,Cady,Right right
2025-03-28,Cady,Spamming your insta with content things,TARGET,2025-03-28,19:21:21,Cady,Spamming your insta with content things
2025-03-28,Cady,Spamming your insta with content things,AFTER,2025-03-28,20:14:17,Henry Woods,hmm
2025-03-28,Cady,Spamming your insta with content things,AFTER,2025-03-28,20:14:18,Henry Woods,no
2025-03-28,Cady,Spamming your insta with content things,AFTER,2025-03-28,20:14:27,Henry Woods,it is called a spider?
2025-03-28,Cady,Spamming your insta with content things,AFTER,2025-03-28,20:14:28,Cady,I like dem
2025-03-28,Cady,Spamming your insta with content things,AFTER,2025-03-28,20:14:35,Henry Woods,or a banana?
2025-03-28,Cady,Spamming your insta with content things,AFTER,2025-03-28,20:14:39,Henry Woods,I can’t remember
2025-03-28,Cady,Spamming your insta with content things,AFTER,2025-03-28,20:14:47,Cady,I think monstera
2025-03-28,Cady,Spamming your insta with content things,AFTER,2025-03-28,20:15:14,Cady,Yeah that’s it
2025-03-28,Cady,Spamming your insta with content things,AFTER,2025-03-28,20:15:15,Henry Woods,cheese plant
2025-03-28,Cady,Spamming your insta with content things,AFTER,2025-03-28,20:15:19,Cady,Yesss
2025-03-28,Henry Woods,but gay bar/prep is for men,BEFORE,2025-03-28,21:31:27,Henry Woods,as in a pun on toe fetish
2025-03-28,Henry Woods,but gay bar/prep is for men,BEFORE,2025-03-28,21:31:32,Cady,Yes
2025-03-28,Henry Woods,but gay bar/prep is for men,BEFORE,2025-03-28,21:31:50,Henry Woods,got it
2025-03-28,Henry Woods,but gay bar/prep is for men,BEFORE,2025-03-28,21:31:56,Henry Woods,this is funny
2025-03-28,Henry Woods,but gay bar/prep is for men,BEFORE,2025-03-28,21:32:10,Cady,White
2025-03-28,Henry Woods,but gay bar/prep is for men,BEFORE,2025-03-28,21:32:19,Cady,Quite\*
2025-03-28,Henry Woods,but gay bar/prep is for men,BEFORE,2025-03-28,21:42:34,Cady,Prep / sti clinic and gay bar I love it
2025-03-28,Henry Woods,but gay bar/prep is for men,BEFORE,2025-03-28,21:42:50,Henry Woods,love it
2025-03-28,Henry Woods,but gay bar/prep is for men,BEFORE,2025-03-28,21:42:53,Henry Woods,that’s cool
2025-03-28,Henry Woods,but gay bar/prep is for men,BEFORE,2025-03-28,21:43:24,Henry Woods,I was about to say surprising for Tenessee
2025-03-28,Henry Woods,but gay bar/prep is for men,TARGET,2025-03-28,21:43:36,Henry Woods,but gay bar/prep is for men
2025-03-28,Henry Woods,but gay bar/prep is for men,AFTER,2025-03-28,21:43:43,Henry Woods,the south only hates women
2025-03-28,Henry Woods,but gay bar/prep is for men,AFTER,2025-03-28,21:43:45,Cady,Yeah
2025-03-28,Henry Woods,but gay bar/prep is for men,AFTER,2025-03-28,21:43:45,Henry Woods,gays are fine
2025-03-28,Henry Woods,but gay bar/prep is for men,AFTER,2025-03-28,21:44:03,Cady,Hahaha true
2025-03-28,Henry Woods,but gay bar/prep is for men,AFTER,2025-03-28,22:39:58,Cady,Well I’m amazing at falling gently whilst rollerblading
2025-03-28,Henry Woods,but gay bar/prep is for men,AFTER,2025-03-28,22:40:05,Cady,Unfortunately I didn’t get a video of my falls
2025-03-28,Henry Woods,but gay bar/prep is for men,AFTER,2025-03-28,22:40:37,Cady,To be fair it’s been like 20 years since I’ve done this
2025-03-28,Henry Woods,but gay bar/prep is for men,AFTER,2025-03-29,00:15:31,Henry Woods,Lolololol
2025-03-28,Henry Woods,but gay bar/prep is for men,AFTER,2025-03-29,00:15:57,Henry Woods,That’s exceptional
2025-03-28,Henry Woods,but gay bar/prep is for men,AFTER,2025-03-29,00:16:19,Henry Woods,Ooooh
2025-03-29,Cady,He’s been testing them out making content,BEFORE,2025-03-29,00:20:50,Henry Woods,tessellated into my body
2025-03-29,Cady,He’s been testing them out making content,BEFORE,2025-03-29,00:20:57,Cady,Mmmmhmmmm
2025-03-29,Cady,He’s been testing them out making content,BEFORE,2025-03-29,00:22:24,Henry Woods,you fit so well into me
2025-03-29,Cady,He’s been testing them out making content,BEFORE,2025-03-29,00:22:34,Cady,I do
2025-03-29,Cady,He’s been testing them out making content,BEFORE,2025-03-29,00:22:39,Cady,It’s my happiest place
2025-03-29,Cady,He’s been testing them out making content,BEFORE,2025-03-29,00:22:51,Henry Woods,mine too
2025-03-29,Cady,He’s been testing them out making content,BEFORE,2025-03-29,00:22:52,Cady,So soon
2025-03-29,Cady,He’s been testing them out making content,BEFORE,2025-03-29,00:23:11,Cady,Then the best sleep forever
2025-03-29,Cady,He’s been testing them out making content,BEFORE,2025-03-29,00:30:22,Cady,Omg Marcus just had the best idea
2025-03-29,Cady,He’s been testing them out making content,BEFORE,2025-03-29,00:30:34,Cady,Get you some google glasses to record us fucking
2025-03-29,Cady,He’s been testing them out making content,TARGET,2025-03-29,00:30:52,Cady,He’s been testing them out making content
2025-03-29,Cady,He’s been testing them out making content,AFTER,2025-03-29,00:43:07,Cady,I like your longer Feeld bio
2025-03-29,Cady,He’s been testing them out making content,AFTER,2025-03-29,00:43:18,Cady,Nashville Feeld is a sad state
2025-03-29,Cady,He’s been testing them out making content,AFTER,2025-03-29,01:13:20,Henry Woods,oooh
2025-03-29,Cady,He’s been testing them out making content,AFTER,2025-03-29,01:13:25,Henry Woods,fun
2025-03-29,Cady,He’s been testing them out making content,AFTER,2025-03-29,01:16:19,Henry Woods,thanks ð
2025-03-29,Cady,He’s been testing them out making content,AFTER,2025-03-29,01:16:23,Henry Woods,ooh dear
2025-03-29,Cady,He’s been testing them out making content,AFTER,2025-03-29,01:16:34,Henry Woods,highlights/lowlights?
2025-03-29,Cady,He’s been testing them out making content,AFTER,2025-03-29,01:16:48,Cady,lol lemme show you the one guy I’m chatting with
2025-03-29,Cady,He’s been testing them out making content,AFTER,2025-03-29,01:16:52,Cady,I’m not really into him
2025-03-29,Cady,He’s been testing them out making content,AFTER,2025-03-29,01:17:04,Henry Woods,oof
2025-03-29,Cady,“Last time I was in Nashville my friend and I were gangbanged by all these guys who didn’t speak English”,BEFORE,2025-03-29,01:27:43,Henry Woods,or whatever number you’re on
2025-03-29,Cady,“Last time I was in Nashville my friend and I were gangbanged by all these guys who didn’t speak English”,BEFORE,2025-03-29,01:27:47,Henry Woods,how many this week?
2025-03-29,Cady,“Last time I was in Nashville my friend and I were gangbanged by all these guys who didn’t speak English”,BEFORE,2025-03-29,01:27:53,Cady,I need to update the spreadsheet
2025-03-29,Cady,“Last time I was in Nashville my friend and I were gangbanged by all these guys who didn’t speak English”,BEFORE,2025-03-29,01:27:57,Cady,Lemme see if I can find it
2025-03-29,Cady,“Last time I was in Nashville my friend and I were gangbanged by all these guys who didn’t speak English”,BEFORE,2025-03-29,01:28:21,Cady,Only 5 I think
2025-03-29,Cady,“Last time I was in Nashville my friend and I were gangbanged by all these guys who didn’t speak English”,BEFORE,2025-03-29,01:28:31,Henry Woods,hehe
2025-03-29,Cady,“Last time I was in Nashville my friend and I were gangbanged by all these guys who didn’t speak English”,BEFORE,2025-03-29,01:28:37,Henry Woods,‘only'
2025-03-29,Cady,“Last time I was in Nashville my friend and I were gangbanged by all these guys who didn’t speak English”,BEFORE,2025-03-29,01:28:47,Henry Woods,love it
2025-03-29,Cady,“Last time I was in Nashville my friend and I were gangbanged by all these guys who didn’t speak English”,BEFORE,2025-03-29,01:29:02,Cady,Teeheee
2025-03-29,Cady,“Last time I was in Nashville my friend and I were gangbanged by all these guys who didn’t speak English”,BEFORE,2025-03-29,02:15:14,Cady,Talking to Marcus’s girlie on FaceTime
2025-03-29,Cady,“Last time I was in Nashville my friend and I were gangbanged by all these guys who didn’t speak English”,TARGET,2025-03-29,02:15:36,Cady,“Last time I was in Nashville my friend and I were gangbanged by all these guys who didn’t speak English”
2025-03-29,Cady,“Last time I was in Nashville my friend and I were gangbanged by all these guys who didn’t speak English”,AFTER,2025-03-29,02:15:48,Cady,I was like omg girl can we be besties do you have tips
2025-03-29,Cady,“Last time I was in Nashville my friend and I were gangbanged by all these guys who didn’t speak English”,AFTER,2025-03-29,02:16:05,Henry Woods,She sounds funnnnn
2025-03-29,Cady,“Last time I was in Nashville my friend and I were gangbanged by all these guys who didn’t speak English”,AFTER,2025-03-29,02:16:21,Cady,Big impressed
2025-03-29,Cady,“Last time I was in Nashville my friend and I were gangbanged by all these guys who didn’t speak English”,AFTER,2025-03-29,02:17:47,Cady,She’s cute with a nose ring
2025-03-29,Cady,“Last time I was in Nashville my friend and I were gangbanged by all these guys who didn’t speak English”,AFTER,2025-03-29,02:17:53,Cady,24
2025-03-29,Cady,“Last time I was in Nashville my friend and I were gangbanged by all these guys who didn’t speak English”,AFTER,2025-03-29,02:18:15,Henry Woods,Funnn
2025-03-29,Cady,“Last time I was in Nashville my friend and I were gangbanged by all these guys who didn’t speak English”,AFTER,2025-03-29,02:18:20,Henry Woods,Unf
2025-03-29,Cady,“Last time I was in Nashville my friend and I were gangbanged by all these guys who didn’t speak English”,AFTER,2025-03-29,02:18:29,Henry Woods,Yes make friends with her
2025-03-29,Cady,“Last time I was in Nashville my friend and I were gangbanged by all these guys who didn’t speak English”,AFTER,2025-03-29,02:20:09,Cady,Hehe she wanted to ask me about honesty in our relationship and I sent her some resources lol
2025-03-29,Cady,“Last time I was in Nashville my friend and I were gangbanged by all these guys who didn’t speak English”,AFTER,2025-03-29,02:20:12,Cady,We’re friends
2025-03-29,Cady,I want advise to be part of my content too,BEFORE,2025-03-29,02:18:29,Henry Woods,Yes make friends with her
2025-03-29,Cady,I want advise to be part of my content too,BEFORE,2025-03-29,02:20:09,Cady,Hehe she wanted to ask me about honesty in our relationship and I sent her some resources lol
2025-03-29,Cady,I want advise to be part of my content too,BEFORE,2025-03-29,02:20:12,Cady,We’re friends
2025-03-29,Cady,I want advise to be part of my content too,BEFORE,2025-03-29,02:33:51,Henry Woods,Aww
2025-03-29,Cady,I want advise to be part of my content too,BEFORE,2025-03-29,02:33:52,Henry Woods,Cute
2025-03-29,Cady,I want advise to be part of my content too,BEFORE,2025-03-29,02:34:08,Henry Woods,"Also, love that we/you’re the one to ask about that"
2025-03-29,Cady,I want advise to be part of my content too,BEFORE,2025-03-29,02:34:15,Henry Woods,"Like, it’s so true"
2025-03-29,Cady,I want advise to be part of my content too,BEFORE,2025-03-29,02:34:22,Henry Woods,I genuinely think we’re the peak
2025-03-29,Cady,I want advise to be part of my content too,BEFORE,2025-03-29,02:34:38,Henry Woods,But it’s nice that people see it
2025-03-29,Cady,I want advise to be part of my content too,BEFORE,2025-03-29,02:34:45,Cady,Yes
2025-03-29,Cady,I want advise to be part of my content too,TARGET,2025-03-29,02:35:06,Cady,I want advise to be part of my content too
2025-03-29,Cady,I want advise to be part of my content too,AFTER,2025-03-29,02:35:13,Cady,And just be a resource for people
2025-03-29,Cady,I want advise to be part of my content too,AFTER,2025-03-29,02:35:21,Cady,And orgasm / vibrator influencer
2025-03-29,Cady,I want advise to be part of my content too,AFTER,2025-03-29,02:35:32,Henry Woods,oooh yses
2025-03-29,Cady,I want advise to be part of my content too,AFTER,2025-03-29,02:35:40,Henry Woods,one of those people who reviews toys
2025-03-29,Cady,I want advise to be part of my content too,AFTER,2025-03-29,02:36:28,Henry Woods,‘today I’m gonna be testing out the omega deathdong XXXL with my butthole'
2025-03-29,Cady,I want advise to be part of my content too,AFTER,2025-03-29,02:36:56,Cady,Yes yes
2025-03-29,Cady,I want advise to be part of my content too,AFTER,2025-03-29,02:36:56,Henry Woods,"also if you ever bring out/design a dildo, it has to be called the omega deathdong"
2025-03-29,Cady,I want advise to be part of my content too,AFTER,2025-03-29,02:37:19,Cady,Hahaha
2025-03-29,Cady,I want advise to be part of my content too,AFTER,2025-03-29,02:37:22,Cady,Why
2025-03-29,Cady,I want advise to be part of my content too,AFTER,2025-03-29,02:37:24,Cady,Tell me
2025-03-29,Cady,I like this guys vibe,BEFORE,2025-03-29,14:06:32,Henry Woods,Yeah I’ve never paid
2025-03-29,Cady,I like this guys vibe,BEFORE,2025-03-29,14:06:35,Henry Woods,Is it worth it?
2025-03-29,Cady,I like this guys vibe,BEFORE,2025-03-29,14:06:47,Cady,Makes it much more fun to see everyone who likes you
2025-03-29,Cady,I like this guys vibe,BEFORE,2025-03-29,14:06:59,Henry Woods,We shall when we’re more flush with cash then
2025-03-29,Cady,I like this guys vibe,BEFORE,2025-03-29,14:07:03,Cady,Yes
2025-03-29,Cady,I like this guys vibe,BEFORE,2025-03-29,14:07:16,Cady,Ugh baby I miss you
2025-03-29,Cady,I like this guys vibe,BEFORE,2025-03-29,14:07:20,Henry Woods,Me too
2025-03-29,Cady,I like this guys vibe,BEFORE,2025-03-29,14:07:56,Cady,I want my morning sex and cuddles and to make you breakfast
2025-03-29,Cady,I like this guys vibe,BEFORE,2025-03-29,14:17:27,Henry Woods,Mmm me too ð­
2025-03-29,Cady,I like this guys vibe,BEFORE,2025-03-29,14:17:59,Cady,ð­
2025-03-29,Cady,I like this guys vibe,TARGET,2025-03-29,14:43:17,Cady,I like this guys vibe
2025-03-29,Cady,I like this guys vibe,AFTER,2025-03-29,14:43:26,Henry Woods,Likewise
2025-03-29,Cady,I like this guys vibe,AFTER,2025-03-29,14:43:31,Henry Woods,That is a shame
2025-03-29,Cady,I like this guys vibe,AFTER,2025-03-29,14:43:50,Cady,Yep
2025-03-29,Cady,I like this guys vibe,AFTER,2025-03-29,15:48:03,Cady,lol he managed his childhood friend’s porn career
2025-03-29,Cady,I like this guys vibe,AFTER,2025-03-29,15:48:33,Henry Woods,Yep
2025-03-29,Cady,I like this guys vibe,AFTER,2025-03-29,15:48:42,Cady,"“I managed a pornstar, my childhood friend and we were so successful she took home best new comer and starlet of the year award at the AVNs”"
2025-03-29,Cady,I like this guys vibe,AFTER,2025-03-29,15:48:42,Henry Woods,Guess you’re definitely fucking him ð
2025-03-29,Cady,I like this guys vibe,AFTER,2025-03-29,15:48:56,Cady,He’s on his way out of town currently but he says he’ll come to birmingham
2025-03-29,Cady,I like this guys vibe,AFTER,2025-03-29,15:49:01,Henry Woods,Hehe
2025-03-29,Cady,I like this guys vibe,AFTER,2025-03-29,15:49:09,Henry Woods,Excellent
2025-03-29,Henry Woods,"in men, they’re the muscles that flex to get hard",BEFORE,2025-03-29,17:47:39,Cady,Need to worship your cock
2025-03-29,Henry Woods,"in men, they’re the muscles that flex to get hard",BEFORE,2025-03-29,17:47:48,Cady,Also I have a question
2025-03-29,Henry Woods,"in men, they’re the muscles that flex to get hard",BEFORE,2025-03-29,17:47:51,Henry Woods,sure
2025-03-29,Henry Woods,"in men, they’re the muscles that flex to get hard",BEFORE,2025-03-29,17:47:56,Cady,How do you do kegels?
2025-03-29,Henry Woods,"in men, they’re the muscles that flex to get hard",BEFORE,2025-03-29,17:47:59,Cady,What does it flex
2025-03-29,Henry Woods,"in men, they’re the muscles that flex to get hard",BEFORE,2025-03-29,17:48:14,Henry Woods,it flexes the pelvic floor/wall
2025-03-29,Henry Woods,"in men, they’re the muscles that flex to get hard",BEFORE,2025-03-29,17:48:22,Cady,Oh ok so kinda same for everyone
2025-03-29,Henry Woods,"in men, they’re the muscles that flex to get hard",BEFORE,2025-03-29,17:48:26,Henry Woods,exactly
2025-03-29,Henry Woods,"in men, they’re the muscles that flex to get hard",BEFORE,2025-03-29,17:48:34,Henry Woods,it’s the muscles that contract around the urethra
2025-03-29,Henry Woods,"in men, they’re the muscles that flex to get hard",BEFORE,2025-03-29,17:48:42,Cady,Ok
2025-03-29,Henry Woods,"in men, they’re the muscles that flex to get hard",TARGET,2025-03-29,17:48:49,Henry Woods,"in men, they’re the muscles that flex to get hard"
2025-03-29,Henry Woods,"in men, they’re the muscles that flex to get hard",AFTER,2025-03-29,17:48:56,Cady,I see that’s what I was wondering
2025-03-29,Henry Woods,"in men, they’re the muscles that flex to get hard",AFTER,2025-03-29,17:48:59,Henry Woods,"in women, the muscles that flex when you orgasm"
2025-03-29,Henry Woods,"in men, they’re the muscles that flex to get hard",AFTER,2025-03-29,17:49:09,Cady,Cool
2025-03-29,Henry Woods,"in men, they’re the muscles that flex to get hard",AFTER,2025-03-29,17:49:11,Cady,Thanks
2025-03-29,Henry Woods,"in men, they’re the muscles that flex to get hard",AFTER,2025-03-29,17:49:12,Henry Woods,those rhythmic spasms
2025-03-29,Henry Woods,"in men, they’re the muscles that flex to get hard",AFTER,2025-03-29,17:49:15,Cady,Mmmmhmmmm
2025-03-29,Henry Woods,"in men, they’re the muscles that flex to get hard",AFTER,2025-03-29,17:49:23,Henry Woods,"but yeah, imagine you’re trying to hold in a pee"
2025-03-29,Henry Woods,"in men, they’re the muscles that flex to get hard",AFTER,2025-03-29,17:49:26,Henry Woods,flex that
2025-03-29,Henry Woods,"in men, they’re the muscles that flex to get hard",AFTER,2025-03-29,17:49:37,Cady,lol I’m like always kegeling
2025-03-29,Henry Woods,"in men, they’re the muscles that flex to get hard",AFTER,2025-03-29,17:49:38,Henry Woods,it’ll probably feel good too ð
2025-03-29,Cady,I’m chatting with other guys but idk who’s going to want to tie him up and fuck me,BEFORE,2025-03-29,18:59:53,Henry Woods,unf I need it too
2025-03-29,Cady,I’m chatting with other guys but idk who’s going to want to tie him up and fuck me,BEFORE,2025-03-29,19:00:12,Cady,Found someone to tie up Marcus and fuck me
2025-03-29,Cady,I’m chatting with other guys but idk who’s going to want to tie him up and fuck me,BEFORE,2025-03-29,19:00:16,Cady,Or he says he’s down
2025-03-29,Cady,I’m chatting with other guys but idk who’s going to want to tie him up and fuck me,BEFORE,2025-03-29,19:00:26,Cady,Idk if we’re vibing tho \<This message was edited\>
2025-03-29,Cady,I’m chatting with other guys but idk who’s going to want to tie him up and fuck me,BEFORE,2025-03-29,19:00:53,Henry Woods,fair
2025-03-29,Cady,I’m chatting with other guys but idk who’s going to want to tie him up and fuck me,BEFORE,2025-03-29,19:01:04,Henry Woods,how come?
2025-03-29,Cady,I’m chatting with other guys but idk who’s going to want to tie him up and fuck me,BEFORE,2025-03-29,19:02:07,Cady,Not talking about sex haha
2025-03-29,Cady,I’m chatting with other guys but idk who’s going to want to tie him up and fuck me,BEFORE,2025-03-29,19:02:14,Cady,He’s a mountaineer he says
2025-03-29,Cady,I’m chatting with other guys but idk who’s going to want to tie him up and fuck me,BEFORE,2025-03-29,19:02:23,Henry Woods,lolol
2025-03-29,Cady,I’m chatting with other guys but idk who’s going to want to tie him up and fuck me,BEFORE,2025-03-29,19:03:21,Cady,But might still meet for a drink and see if we vibe in person
2025-03-29,Cady,I’m chatting with other guys but idk who’s going to want to tie him up and fuck me,TARGET,2025-03-29,19:03:48,Cady,I’m chatting with other guys but idk who’s going to want to tie him up and fuck me
2025-03-29,Cady,I’m chatting with other guys but idk who’s going to want to tie him up and fuck me,AFTER,2025-03-29,19:03:52,Cady,Thoughts on that?
2025-03-29,Cady,I’m chatting with other guys but idk who’s going to want to tie him up and fuck me,AFTER,2025-03-29,19:06:19,Cady,Idk if it’ll be weird but I’m down to try it lol
2025-03-29,Cady,I’m chatting with other guys but idk who’s going to want to tie him up and fuck me,AFTER,2025-03-29,19:15:03,Cady,June 2
2025-03-29,Cady,I’m chatting with other guys but idk who’s going to want to tie him up and fuck me,AFTER,2025-03-29,19:15:08,Cady,Then July 16 again
2025-03-29,Cady,I’m chatting with other guys but idk who’s going to want to tie him up and fuck me,AFTER,2025-03-29,19:15:44,Cady,Did you go to the day party with us after Saleem’s house? I don’t remember you being around
2025-03-29,Cady,I’m chatting with other guys but idk who’s going to want to tie him up and fuck me,AFTER,2025-03-29,20:27:56,Henry Woods,"yeah screw it, you try"
2025-03-29,Cady,I’m chatting with other guys but idk who’s going to want to tie him up and fuck me,AFTER,2025-03-29,20:28:14,Henry Woods,not sure if it’s for me
2025-03-29,Cady,I’m chatting with other guys but idk who’s going to want to tie him up and fuck me,AFTER,2025-03-29,20:28:23,Henry Woods,but you go ahead
2025-03-29,Cady,I’m chatting with other guys but idk who’s going to want to tie him up and fuck me,AFTER,2025-03-29,20:28:26,Cady,Yeah I don’t think I’d want to do it with you
2025-03-29,Cady,I’m chatting with other guys but idk who’s going to want to tie him up and fuck me,AFTER,2025-03-29,20:28:35,Henry Woods,no I went to something else
2025-03-30,Henry Woods,"Having two hung, relentlessly horny men using you any time they want",BEFORE,2025-03-30,22:34:16,Cady,I so 100% support your fun
2025-03-30,Henry Woods,"Having two hung, relentlessly horny men using you any time they want",BEFORE,2025-03-30,22:39:18,Henry Woods,Hehe
2025-03-30,Henry Woods,"Having two hung, relentlessly horny men using you any time they want",BEFORE,2025-03-30,22:39:23,Henry Woods,Unf
2025-03-30,Henry Woods,"Having two hung, relentlessly horny men using you any time they want",BEFORE,2025-03-30,22:39:50,Cady,Also
2025-03-30,Henry Woods,"Having two hung, relentlessly horny men using you any time they want",BEFORE,2025-03-30,22:39:58,Cady,I’m committed to the best life for you
2025-03-30,Henry Woods,"Having two hung, relentlessly horny men using you any time they want",BEFORE,2025-03-30,22:39:58,Henry Woods,Can’t wait to do that
2025-03-30,Henry Woods,"Having two hung, relentlessly horny men using you any time they want",BEFORE,2025-03-30,22:40:03,Cady,Even when I’m not there
2025-03-30,Henry Woods,"Having two hung, relentlessly horny men using you any time they want",BEFORE,2025-03-30,22:42:12,Henry Woods,"Watching someone else just walk up to you, pull your pants and underwear down to your thighs and just shove their cock into you"
2025-03-30,Henry Woods,"Having two hung, relentlessly horny men using you any time they want",BEFORE,2025-03-30,22:42:24,Cady,Mmmmm yes \<This message was edited\>
2025-03-30,Henry Woods,"Having two hung, relentlessly horny men using you any time they want",BEFORE,2025-03-30,22:53:46,Henry Woods,Unf I get off so hard imagining how that would be for you
2025-03-30,Henry Woods,"Having two hung, relentlessly horny men using you any time they want",TARGET,2025-03-30,22:54:15,Henry Woods,"Having two hung, relentlessly horny men using you any time they want"
2025-03-30,Henry Woods,"Having two hung, relentlessly horny men using you any time they want",AFTER,2025-03-30,22:54:18,Cady,I would be insane
2025-03-30,Henry Woods,"Having two hung, relentlessly horny men using you any time they want",AFTER,2025-03-30,22:54:24,Cady,Unffff
2025-03-30,Henry Woods,"Having two hung, relentlessly horny men using you any time they want",AFTER,2025-03-30,22:54:33,Cady,Thanks for making all my dreams come true
2025-03-30,Henry Woods,"Having two hung, relentlessly horny men using you any time they want",AFTER,2025-03-30,22:54:41,Henry Woods,Mmh likewise
2025-03-30,Henry Woods,"Having two hung, relentlessly horny men using you any time they want",AFTER,2025-03-30,22:55:06,Henry Woods,I love you to bits
2025-03-30,Henry Woods,"Having two hung, relentlessly horny men using you any time they want",AFTER,2025-03-30,22:55:12,Cady,Love you baby
2025-03-30,Henry Woods,"Having two hung, relentlessly horny men using you any time they want",AFTER,2025-03-30,22:55:32,Cady,Unf I need to go cum now
2025-03-30,Henry Woods,"Having two hung, relentlessly horny men using you any time they want",AFTER,2025-03-30,22:55:38,Henry Woods,Hehe
2025-03-30,Henry Woods,"Having two hung, relentlessly horny men using you any time they want",AFTER,2025-03-30,22:55:52,Henry Woods,Film and put on the group chat?
2025-03-30,Henry Woods,"Having two hung, relentlessly horny men using you any time they want",AFTER,2025-03-30,22:56:35,Cady,I’m too sleepy today for filming I think
2025-04-01,Cady,I have a sugar daddy prospect in Oxford already lol,BEFORE,2025-04-01,15:01:37,Cady,Ugh babe I’m sorry
2025-04-01,Cady,I have a sugar daddy prospect in Oxford already lol,BEFORE,2025-04-01,15:01:41,Henry Woods,I think Nick owes me some money though so that might be enough for me to do 2/3 or 3/4
2025-04-01,Cady,I have a sugar daddy prospect in Oxford already lol,BEFORE,2025-04-01,15:01:52,Cady,I thought my andy paid you ? Just not much?
2025-04-01,Cady,I have a sugar daddy prospect in Oxford already lol,BEFORE,2025-04-01,15:01:55,Cady,Ok
2025-04-01,Cady,I have a sugar daddy prospect in Oxford already lol,BEFORE,2025-04-01,15:02:00,Cady,We’ll get it soon
2025-04-01,Cady,I have a sugar daddy prospect in Oxford already lol,BEFORE,2025-04-01,15:02:11,Henry Woods,Nope
2025-04-01,Cady,I have a sugar daddy prospect in Oxford already lol,BEFORE,2025-04-01,15:02:16,Henry Woods,Nada
2025-04-01,Cady,I have a sugar daddy prospect in Oxford already lol,BEFORE,2025-04-01,15:02:36,Cady,Oh well shit
2025-04-01,Cady,I have a sugar daddy prospect in Oxford already lol,BEFORE,2025-04-01,15:02:49,Henry Woods,"Think I’m gonna have to just go back to only doing one off jobs for him after the summer, not relying on him for my regular income"
2025-04-01,Cady,I have a sugar daddy prospect in Oxford already lol,BEFORE,2025-04-01,15:03:02,Cady,Yeah I feel that
2025-04-01,Cady,I have a sugar daddy prospect in Oxford already lol,TARGET,2025-04-01,15:03:34,Cady,I have a sugar daddy prospect in Oxford already lol
2025-04-01,Cady,I have a sugar daddy prospect in Oxford already lol,AFTER,2025-04-01,15:07:01,Henry Woods,Lolol
2025-04-01,Cady,I have a sugar daddy prospect in Oxford already lol,AFTER,2025-04-01,15:07:02,Henry Woods,Fun
2025-04-01,Cady,I have a sugar daddy prospect in Oxford already lol,AFTER,2025-04-01,15:07:05,Henry Woods,Who is he?
2025-04-01,Cady,I have a sugar daddy prospect in Oxford already lol,AFTER,2025-04-01,15:07:26,Henry Woods,Slightly protective of you if it’s gonna be long term
2025-04-01,Cady,I have a sugar daddy prospect in Oxford already lol,AFTER,2025-04-01,15:09:38,Cady,I doubt any will be long term
2025-04-01,Cady,I have a sugar daddy prospect in Oxford already lol,AFTER,2025-04-01,15:10:34,Henry Woods,just tie you over while your onlyfans career takes off ð
2025-04-01,Cady,I have a sugar daddy prospect in Oxford already lol,AFTER,2025-04-01,15:10:41,Cady,Exactly
2025-04-01,Cady,I have a sugar daddy prospect in Oxford already lol,AFTER,2025-04-01,15:11:09,Henry Woods,lol
2025-04-01,Cady,I have a sugar daddy prospect in Oxford already lol,AFTER,2025-04-01,15:11:11,Cady,Tbh now that I look at the pic I’m not really attracted at all
2025-04-01,Cady,I have a sugar daddy prospect in Oxford already lol,AFTER,2025-04-01,15:11:25,Henry Woods,yeah that was what this meant
2025-04-01,Henry Woods,just tie you over while your onlyfans career takes off ð,BEFORE,2025-04-01,15:02:16,Henry Woods,Nada
2025-04-01,Henry Woods,just tie you over while your onlyfans career takes off ð,BEFORE,2025-04-01,15:02:36,Cady,Oh well shit
2025-04-01,Henry Woods,just tie you over while your onlyfans career takes off ð,BEFORE,2025-04-01,15:02:49,Henry Woods,"Think I’m gonna have to just go back to only doing one off jobs for him after the summer, not relying on him for my regular income"
2025-04-01,Henry Woods,just tie you over while your onlyfans career takes off ð,BEFORE,2025-04-01,15:03:02,Cady,Yeah I feel that
2025-04-01,Henry Woods,just tie you over while your onlyfans career takes off ð,BEFORE,2025-04-01,15:03:34,Cady,I have a sugar daddy prospect in Oxford already lol
2025-04-01,Henry Woods,just tie you over while your onlyfans career takes off ð,BEFORE,2025-04-01,15:07:01,Henry Woods,Lolol
2025-04-01,Henry Woods,just tie you over while your onlyfans career takes off ð,BEFORE,2025-04-01,15:07:02,Henry Woods,Fun
2025-04-01,Henry Woods,just tie you over while your onlyfans career takes off ð,BEFORE,2025-04-01,15:07:05,Henry Woods,Who is he?
2025-04-01,Henry Woods,just tie you over while your onlyfans career takes off ð,BEFORE,2025-04-01,15:07:26,Henry Woods,Slightly protective of you if it’s gonna be long term
2025-04-01,Henry Woods,just tie you over while your onlyfans career takes off ð,BEFORE,2025-04-01,15:09:38,Cady,I doubt any will be long term
2025-04-01,Henry Woods,just tie you over while your onlyfans career takes off ð,TARGET,2025-04-01,15:10:34,Henry Woods,just tie you over while your onlyfans career takes off ð
2025-04-01,Henry Woods,just tie you over while your onlyfans career takes off ð,AFTER,2025-04-01,15:10:41,Cady,Exactly
2025-04-01,Henry Woods,just tie you over while your onlyfans career takes off ð,AFTER,2025-04-01,15:11:09,Henry Woods,lol
2025-04-01,Henry Woods,just tie you over while your onlyfans career takes off ð,AFTER,2025-04-01,15:11:11,Cady,Tbh now that I look at the pic I’m not really attracted at all
2025-04-01,Henry Woods,just tie you over while your onlyfans career takes off ð,AFTER,2025-04-01,15:11:25,Henry Woods,yeah that was what this meant
2025-04-01,Henry Woods,just tie you over while your onlyfans career takes off ð,AFTER,2025-04-01,15:11:30,Cady,I figured
2025-04-01,Henry Woods,just tie you over while your onlyfans career takes off ð,AFTER,2025-04-01,15:11:59,Henry Woods,he’s 1000 a meet at least xD
2025-04-01,Henry Woods,just tie you over while your onlyfans career takes off ð,AFTER,2025-04-01,15:12:13,Cady,Hahaha yes
2025-04-01,Henry Woods,just tie you over while your onlyfans career takes off ð,AFTER,2025-04-01,15:12:19,Henry Woods,"‘I’m not attracted to him, but I am attracted to money'"
2025-04-01,Henry Woods,just tie you over while your onlyfans career takes off ð,AFTER,2025-04-01,15:13:04,Henry Woods,I get that
2025-04-01,Henry Woods,just tie you over while your onlyfans career takes off ð,AFTER,2025-04-01,15:13:44,Cady,Attracted to moneyyyyy
2025-04-01,Cady,Told him I like our connection and I’m happy to go fwb instead of sugar dating but I have to pay for the visa first,BEFORE,2025-04-01,15:11:11,Cady,Tbh now that I look at the pic I’m not really attracted at all
2025-04-01,Cady,Told him I like our connection and I’m happy to go fwb instead of sugar dating but I have to pay for the visa first,BEFORE,2025-04-01,15:11:25,Henry Woods,yeah that was what this meant
2025-04-01,Cady,Told him I like our connection and I’m happy to go fwb instead of sugar dating but I have to pay for the visa first,BEFORE,2025-04-01,15:11:30,Cady,I figured
2025-04-01,Cady,Told him I like our connection and I’m happy to go fwb instead of sugar dating but I have to pay for the visa first,BEFORE,2025-04-01,15:11:59,Henry Woods,he’s 1000 a meet at least xD
2025-04-01,Cady,Told him I like our connection and I’m happy to go fwb instead of sugar dating but I have to pay for the visa first,BEFORE,2025-04-01,15:12:13,Cady,Hahaha yes
2025-04-01,Cady,Told him I like our connection and I’m happy to go fwb instead of sugar dating but I have to pay for the visa first,BEFORE,2025-04-01,15:12:19,Henry Woods,"‘I’m not attracted to him, but I am attracted to money'"
2025-04-01,Cady,Told him I like our connection and I’m happy to go fwb instead of sugar dating but I have to pay for the visa first,BEFORE,2025-04-01,15:13:04,Henry Woods,I get that
2025-04-01,Cady,Told him I like our connection and I’m happy to go fwb instead of sugar dating but I have to pay for the visa first,BEFORE,2025-04-01,15:13:44,Cady,Attracted to moneyyyyy
2025-04-01,Cady,Told him I like our connection and I’m happy to go fwb instead of sugar dating but I have to pay for the visa first,BEFORE,2025-04-01,15:13:59,Cady,Are you stressing about money/visa?
2025-04-01,Cady,Told him I like our connection and I’m happy to go fwb instead of sugar dating but I have to pay for the visa first,BEFORE,2025-04-01,15:24:46,Cady,Telling Terrence about the visa
2025-04-01,Cady,Told him I like our connection and I’m happy to go fwb instead of sugar dating but I have to pay for the visa first,TARGET,2025-04-01,15:25:24,Cady,Told him I like our connection and I’m happy to go fwb instead of sugar dating but I have to pay for the visa first
2025-04-01,Cady,Told him I like our connection and I’m happy to go fwb instead of sugar dating but I have to pay for the visa first,AFTER,2025-04-01,15:25:28,Cady,So we’ll see
2025-04-01,Cady,Told him I like our connection and I’m happy to go fwb instead of sugar dating but I have to pay for the visa first,AFTER,2025-04-01,15:42:03,Cady,They so cute
2025-04-01,Cady,Told him I like our connection and I’m happy to go fwb instead of sugar dating but I have to pay for the visa first,AFTER,2025-04-01,15:42:41,Henry Woods,"a tad, but not overly"
2025-04-01,Cady,Told him I like our connection and I’m happy to go fwb instead of sugar dating but I have to pay for the visa first,AFTER,2025-04-01,15:42:53,Henry Woods,I just want to get paid
2025-04-01,Cady,Told him I like our connection and I’m happy to go fwb instead of sugar dating but I have to pay for the visa first,AFTER,2025-04-01,15:42:58,Henry Woods,and I want to get you here
2025-04-01,Cady,Told him I like our connection and I’m happy to go fwb instead of sugar dating but I have to pay for the visa first,AFTER,2025-04-01,15:43:12,Henry Woods,and I’m frustrated that them paying me sporadically is costing me/us
2025-04-01,Cady,Told him I like our connection and I’m happy to go fwb instead of sugar dating but I have to pay for the visa first,AFTER,2025-04-01,15:43:35,Henry Woods,"late mortage fees, overdraft fees, potentially having to expedite visa"
2025-04-01,Cady,Told him I like our connection and I’m happy to go fwb instead of sugar dating but I have to pay for the visa first,AFTER,2025-04-01,15:47:02,Cady,Yes
2025-04-01,Cady,Told him I like our connection and I’m happy to go fwb instead of sugar dating but I have to pay for the visa first,AFTER,2025-04-01,15:47:06,Cady,Ok just wanted to check in
2025-04-01,Cady,Told him I like our connection and I’m happy to go fwb instead of sugar dating but I have to pay for the visa first,AFTER,2025-04-01,15:47:18,Cady,I feel we’re on the same page about it lol
2025-04-01,Cady,Just goy a new sugar daddy and he’s sending me money to send him my videos lol,BEFORE,2025-04-01,17:03:43,Henry Woods,love it
2025-04-01,Cady,Just goy a new sugar daddy and he’s sending me money to send him my videos lol,BEFORE,2025-04-01,17:04:07,Cady,Hehehe
2025-04-01,Cady,Just goy a new sugar daddy and he’s sending me money to send him my videos lol,BEFORE,2025-04-01,17:04:22,Cady,I feel it’s only fair if you get a super amazing weekend I can hopefully have one too
2025-04-01,Cady,Just goy a new sugar daddy and he’s sending me money to send him my videos lol,BEFORE,2025-04-01,17:04:31,Henry Woods,oh absolutely
2025-04-01,Cady,Just goy a new sugar daddy and he’s sending me money to send him my videos lol,BEFORE,2025-04-01,17:04:55,Cady,ð
2025-04-01,Cady,Just goy a new sugar daddy and he’s sending me money to send him my videos lol,BEFORE,2025-04-01,17:05:18,Henry Woods,we’ll trade pics
2025-04-01,Cady,Just goy a new sugar daddy and he’s sending me money to send him my videos lol,BEFORE,2025-04-01,17:05:26,Cady,Hehe yes
2025-04-01,Cady,Just goy a new sugar daddy and he’s sending me money to send him my videos lol,BEFORE,2025-04-01,17:05:29,Henry Woods,/see if he wants to facetime?
2025-04-01,Cady,Just goy a new sugar daddy and he’s sending me money to send him my videos lol,BEFORE,2025-04-01,17:05:37,Henry Woods,we can both fuck other people on camera xDD
2025-04-01,Cady,Just goy a new sugar daddy and he’s sending me money to send him my videos lol,BEFORE,2025-04-01,17:12:41,Cady,Omg hot baby
2025-04-01,Cady,Just goy a new sugar daddy and he’s sending me money to send him my videos lol,TARGET,2025-04-01,17:12:58,Cady,Just goy a new sugar daddy and he’s sending me money to send him my videos lol
2025-04-01,Cady,Just goy a new sugar daddy and he’s sending me money to send him my videos lol,AFTER,2025-04-01,17:13:10,Cady,Just sent $50 for some of the Terrence stuff
2025-04-01,Cady,Just goy a new sugar daddy and he’s sending me money to send him my videos lol,AFTER,2025-04-01,17:13:21,Cady,I wish I could do this full time rn
2025-04-01,Cady,Just goy a new sugar daddy and he’s sending me money to send him my videos lol,AFTER,2025-04-01,17:14:50,Henry Woods,Heheh yummm
2025-04-01,Cady,Just goy a new sugar daddy and he’s sending me money to send him my videos lol,AFTER,2025-04-01,17:15:02,Henry Woods,Soon
2025-04-01,Cady,Just goy a new sugar daddy and he’s sending me money to send him my videos lol,AFTER,2025-04-01,17:15:34,Henry Woods,Raking it in just for sharing hot photos and videos of you getting fucked
2025-04-01,Cady,Just goy a new sugar daddy and he’s sending me money to send him my videos lol,AFTER,2025-04-01,17:15:43,Cady,Feels good nlg
2025-04-01,Cady,Just goy a new sugar daddy and he’s sending me money to send him my videos lol,AFTER,2025-04-01,17:15:48,Henry Woods,Though do be cautious
2025-04-01,Cady,Just goy a new sugar daddy and he’s sending me money to send him my videos lol,AFTER,2025-04-01,17:16:01,Henry Woods,Terence’s face is in some of them
2025-04-01,Cady,Just goy a new sugar daddy and he’s sending me money to send him my videos lol,AFTER,2025-04-01,17:16:09,Cady,You’re right I need to edit them
2025-04-01,Cady,Just goy a new sugar daddy and he’s sending me money to send him my videos lol,AFTER,2025-04-01,17:23:14,Henry Woods,I don’t think it’s fair on him to share is all
2025-04-01,Cady,Men are hilarious,BEFORE,2025-04-01,17:16:09,Cady,You’re right I need to edit them
2025-04-01,Cady,Men are hilarious,BEFORE,2025-04-01,17:23:14,Henry Woods,I don’t think it’s fair on him to share is all
2025-04-01,Cady,Men are hilarious,BEFORE,2025-04-01,17:25:03,Cady,Totally
2025-04-01,Cady,Men are hilarious,BEFORE,2025-04-01,17:51:06,Cady,lol guy who wants to fly me to Florida to be his wedding date said he’d consider it as the interview and doesn’t want to pay me
2025-04-01,Cady,Men are hilarious,BEFORE,2025-04-01,17:51:12,Cady,BIN so quickly lol
2025-04-01,Cady,Men are hilarious,BEFORE,2025-04-01,17:53:48,Henry Woods,Lolol
2025-04-01,Cady,Men are hilarious,BEFORE,2025-04-01,17:53:58,Henry Woods,So fast
2025-04-01,Cady,Men are hilarious,BEFORE,2025-04-01,17:54:27,Henry Woods,Yeah what a cunt
2025-04-01,Cady,Men are hilarious,BEFORE,2025-04-01,17:54:56,Cady,That’s so rude
2025-04-01,Cady,Men are hilarious,BEFORE,2025-04-01,17:57:06,Henry Woods,"‘I’d consider it the interview’, as if you’re the one wanting his attention ð¤®"
2025-04-01,Cady,Men are hilarious,TARGET,2025-04-01,17:57:18,Cady,Men are hilarious
2025-04-01,Cady,Men are hilarious,AFTER,2025-04-01,17:57:23,Cady,My DMs couldn’t be more full
2025-04-01,Cady,Men are hilarious,AFTER,2025-04-01,18:00:06,Cady,Okkkk
2025-04-01,Cady,Men are hilarious,AFTER,2025-04-01,18:00:33,Henry Woods,Fair
2025-04-01,Cady,Men are hilarious,AFTER,2025-04-01,18:00:46,Henry Woods,Yeah his whole attitude is off
2025-04-01,Cady,Men are hilarious,AFTER,2025-04-01,18:01:17,Cady,Should I just bin?
2025-04-01,Cady,Men are hilarious,AFTER,2025-04-01,18:01:44,Henry Woods,Yes
2025-04-01,Cady,Men are hilarious,AFTER,2025-04-01,18:01:45,Cady,I would love it if it works out and is like a fun wedding weekend but idk if his vibe is ok
2025-04-01,Cady,Men are hilarious,AFTER,2025-04-01,18:01:53,Henry Woods,His vibe is awful
2025-04-01,Cady,Men are hilarious,AFTER,2025-04-01,18:02:00,Henry Woods,He’s not treating you with respect
2025-04-01,Cady,Men are hilarious,AFTER,2025-04-01,18:02:08,Henry Woods,Not respecting you or your time
2025-04-02,Cady,Gonna help me find my footing with shooting onlyfans content,BEFORE,2025-04-01,22:45:41,Cady,Hahahah
2025-04-02,Cady,Gonna help me find my footing with shooting onlyfans content,BEFORE,2025-04-01,22:45:47,Cady,Tag is firefly brand
2025-04-02,Cady,Gonna help me find my footing with shooting onlyfans content,BEFORE,2025-04-01,22:46:00,Henry Woods,tell him I named my snake Serenity
2025-04-02,Cady,Gonna help me find my footing with shooting onlyfans content,BEFORE,2025-04-02,00:23:51,Cady,Hehe
2025-04-02,Cady,Gonna help me find my footing with shooting onlyfans content,BEFORE,2025-04-02,00:24:06,Cady,This dude is great in so many levels
2025-04-02,Cady,Gonna help me find my footing with shooting onlyfans content,BEFORE,2025-04-02,00:24:19,Cady,Will come to Florida to photograph us and dp me and photograph the dp
2025-04-02,Cady,Gonna help me find my footing with shooting onlyfans content,BEFORE,2025-04-02,00:24:37,Cady,Can I make that happen as an engagement gift to you?
2025-04-02,Cady,Gonna help me find my footing with shooting onlyfans content,BEFORE,2025-04-02,00:25:15,Henry Woods,Yesss
2025-04-02,Cady,Gonna help me find my footing with shooting onlyfans content,BEFORE,2025-04-02,00:26:07,Cady,Eeeeee
2025-04-02,Cady,Gonna help me find my footing with shooting onlyfans content,BEFORE,2025-04-02,00:26:31,Cady,He’s poly and has a few partners. Really cool artist
2025-04-02,Cady,Gonna help me find my footing with shooting onlyfans content,TARGET,2025-04-02,00:27:00,Cady,Gonna help me find my footing with shooting onlyfans content
2025-04-02,Cady,Gonna help me find my footing with shooting onlyfans content,AFTER,2025-04-02,00:37:05,Henry Woods,exceptional on all fronts
2025-04-02,Cady,Gonna help me find my footing with shooting onlyfans content,AFTER,2025-04-02,00:37:28,Cady,Schedule a date on Monday to fuck and shoot
2025-04-02,Cady,Gonna help me find my footing with shooting onlyfans content,AFTER,2025-04-02,00:37:32,Henry Woods,"ahaha ‘to me’ though, love the audacity"
2025-04-02,Cady,Gonna help me find my footing with shooting onlyfans content,AFTER,2025-04-02,00:37:40,Cady,Hahahaha
2025-04-02,Cady,Gonna help me find my footing with shooting onlyfans content,AFTER,2025-04-02,00:37:53,Cady,I don’t believe in love languages but I love “gift giving”
2025-04-02,Cady,Gonna help me find my footing with shooting onlyfans content,AFTER,2025-04-02,00:39:22,Henry Woods,‘what do you mean I didn’t get you a present? what about when you got to dp me?'
2025-04-02,Cady,Gonna help me find my footing with shooting onlyfans content,AFTER,2025-04-02,00:39:52,Henry Woods,"to be fair I’ve shot myself in the foot here, I can’t wait"
2025-04-02,Cady,Gonna help me find my footing with shooting onlyfans content,AFTER,2025-04-02,00:40:14,Cady,Duh
2025-04-02,Cady,Gonna help me find my footing with shooting onlyfans content,AFTER,2025-04-02,00:45:07,Henry Woods,aww sounds so cute
2025-04-02,Cady,Gonna help me find my footing with shooting onlyfans content,AFTER,2025-04-02,00:46:43,Cady,I feel so happy :)
2025-04-02,Cady,I’m fucking two guys today btw,BEFORE,2025-04-02,12:15:15,Henry Woods,our place
2025-04-02,Cady,I’m fucking two guys today btw,BEFORE,2025-04-02,12:15:29,Henry Woods,the house that I live in with the love of my live
2025-04-02,Cady,I’m fucking two guys today btw,BEFORE,2025-04-02,12:15:56,Cady,Our perfect home :)
2025-04-02,Cady,I’m fucking two guys today btw,BEFORE,2025-04-02,12:16:18,Cady,Still gonna send you bath nudes even when we live together
2025-04-02,Cady,I’m fucking two guys today btw,BEFORE,2025-04-02,12:17:19,Henry Woods,yay
2025-04-02,Cady,I’m fucking two guys today btw,BEFORE,2025-04-02,12:17:32,Henry Woods,even when I’m in the bath with you
2025-04-02,Cady,I’m fucking two guys today btw,BEFORE,2025-04-02,12:25:26,Cady,Hehe yesss especially then
2025-04-02,Cady,I’m fucking two guys today btw,BEFORE,2025-04-02,12:25:29,Cady,Fuck I love you
2025-04-02,Cady,I’m fucking two guys today btw,BEFORE,2025-04-02,12:44:59,Henry Woods,and I love you
2025-04-02,Cady,I’m fucking two guys today btw,BEFORE,2025-04-02,12:58:26,Cady,Hope you’re having the best day
2025-04-02,Cady,I’m fucking two guys today btw,TARGET,2025-04-02,12:59:53,Cady,I’m fucking two guys today btw
2025-04-02,Cady,I’m fucking two guys today btw,AFTER,2025-04-02,13:10:47,Henry Woods,Hehehe
2025-04-02,Cady,I’m fucking two guys today btw,AFTER,2025-04-02,13:10:54,Henry Woods,Together?
2025-04-02,Cady,I’m fucking two guys today btw,AFTER,2025-04-02,13:11:01,Henry Woods,Who what where when and why?
2025-04-02,Cady,I’m fucking two guys today btw,AFTER,2025-04-02,13:11:03,Cady,No\!\!\!
2025-04-02,Cady,I’m fucking two guys today btw,AFTER,2025-04-02,13:11:25,Cady,My old friend Aaron first
2025-04-02,Cady,I’m fucking two guys today btw,AFTER,2025-04-02,13:11:31,Cady,Then a new sugar daddy
2025-04-02,Cady,I’m fucking two guys today btw,AFTER,2025-04-02,13:11:45,Henry Woods,Unf you’re the best/filthiest
2025-04-02,Cady,I’m fucking two guys today btw,AFTER,2025-04-02,13:11:51,Cady,Hehehe I know
2025-04-02,Cady,I’m fucking two guys today btw,AFTER,2025-04-02,13:12:04,Cady,Ok I’m gonna have about $2k in my account today
2025-04-02,Cady,I’m fucking two guys today btw,AFTER,2025-04-02,13:12:09,Henry Woods,Nice
2025-04-02,Cady,Then a new sugar daddy,BEFORE,2025-04-02,12:25:26,Cady,Hehe yesss especially then
2025-04-02,Cady,Then a new sugar daddy,BEFORE,2025-04-02,12:25:29,Cady,Fuck I love you
2025-04-02,Cady,Then a new sugar daddy,BEFORE,2025-04-02,12:44:59,Henry Woods,and I love you
2025-04-02,Cady,Then a new sugar daddy,BEFORE,2025-04-02,12:58:26,Cady,Hope you’re having the best day
2025-04-02,Cady,Then a new sugar daddy,BEFORE,2025-04-02,12:59:53,Cady,I’m fucking two guys today btw
2025-04-02,Cady,Then a new sugar daddy,BEFORE,2025-04-02,13:10:47,Henry Woods,Hehehe
2025-04-02,Cady,Then a new sugar daddy,BEFORE,2025-04-02,13:10:54,Henry Woods,Together?
2025-04-02,Cady,Then a new sugar daddy,BEFORE,2025-04-02,13:11:01,Henry Woods,Who what where when and why?
2025-04-02,Cady,Then a new sugar daddy,BEFORE,2025-04-02,13:11:03,Cady,No\!\!\!
2025-04-02,Cady,Then a new sugar daddy,BEFORE,2025-04-02,13:11:25,Cady,My old friend Aaron first
2025-04-02,Cady,Then a new sugar daddy,TARGET,2025-04-02,13:11:31,Cady,Then a new sugar daddy
2025-04-02,Cady,Then a new sugar daddy,AFTER,2025-04-02,13:11:45,Henry Woods,Unf you’re the best/filthiest
2025-04-02,Cady,Then a new sugar daddy,AFTER,2025-04-02,13:11:51,Cady,Hehehe I know
2025-04-02,Cady,Then a new sugar daddy,AFTER,2025-04-02,13:12:04,Cady,Ok I’m gonna have about $2k in my account today
2025-04-02,Cady,Then a new sugar daddy,AFTER,2025-04-02,13:12:09,Henry Woods,Nice
2025-04-02,Cady,Then a new sugar daddy,AFTER,2025-04-02,13:12:15,Henry Woods,I can definitely send the rest over
2025-04-02,Cady,Then a new sugar daddy,AFTER,2025-04-02,13:12:30,Henry Woods,If you get/have access your Revolut I can send it instantly
2025-04-02,Cady,Then a new sugar daddy,AFTER,2025-04-02,13:12:31,Cady,Fabulous happy day
2025-04-02,Cady,Then a new sugar daddy,AFTER,2025-04-02,13:12:39,Cady,I do\!
2025-04-02,Cady,Then a new sugar daddy,AFTER,2025-04-02,13:12:59,Cady,My dad is calling to do it at about 10:30am
2025-04-02,Cady,Then a new sugar daddy,AFTER,2025-04-02,13:13:32,Cady,I think all this is a sign ive healed my relationship with both my parents
2025-05-29,Henry Woods,like do you know about the stats that pornhub released about how during the GOP convention the number of cuckholding and bbc searches spiked drastically \<This message was edited\>,BEFORE,2025-05-29,13:01:07,Cady,I wanna focus on like lawmakers private sec lives and crazy kinks
2025-05-29,Henry Woods,like do you know about the stats that pornhub released about how during the GOP convention the number of cuckholding and bbc searches spiked drastically \<This message was edited\>,BEFORE,2025-05-29,13:01:38,Cady,Like a closeted lawmaker who’s gay as fuck but anti lgbt as far as policy stance
2025-05-29,Henry Woods,like do you know about the stats that pornhub released about how during the GOP convention the number of cuckholding and bbc searches spiked drastically \<This message was edited\>,BEFORE,2025-05-29,13:01:41,Henry Woods,1. everyone masturbates or wants to
2025-05-29,Henry Woods,like do you know about the stats that pornhub released about how during the GOP convention the number of cuckholding and bbc searches spiked drastically \<This message was edited\>,BEFORE,2025-05-29,13:01:52,Cady,Yes
2025-05-29,Henry Woods,like do you know about the stats that pornhub released about how during the GOP convention the number of cuckholding and bbc searches spiked drastically \<This message was edited\>,BEFORE,2025-05-29,13:04:10,Cady,I wonder too about the effect of white slave owners r\*\*ing slaves
2025-05-29,Henry Woods,like do you know about the stats that pornhub released about how during the GOP convention the number of cuckholding and bbc searches spiked drastically \<This message was edited\>,BEFORE,2025-05-29,13:04:12,Henry Woods,well there’s also the whole thing of the more delinquent the thought/behaviour the more attractive it is
2025-05-29,Henry Woods,like do you know about the stats that pornhub released about how during the GOP convention the number of cuckholding and bbc searches spiked drastically \<This message was edited\>,BEFORE,2025-05-29,13:04:14,Cady,All over the place
2025-05-29,Henry Woods,like do you know about the stats that pornhub released about how during the GOP convention the number of cuckholding and bbc searches spiked drastically \<This message was edited\>,BEFORE,2025-05-29,13:04:24,Cady,Yes true
2025-05-29,Henry Woods,like do you know about the stats that pornhub released about how during the GOP convention the number of cuckholding and bbc searches spiked drastically \<This message was edited\>,BEFORE,2025-05-29,13:04:38,Cady,Unf new escort goals
2025-05-29,Henry Woods,like do you know about the stats that pornhub released about how during the GOP convention the number of cuckholding and bbc searches spiked drastically \<This message was edited\>,BEFORE,2025-05-29,13:04:43,Cady,Government
2025-05-29,Henry Woods,like do you know about the stats that pornhub released about how during the GOP convention the number of cuckholding and bbc searches spiked drastically \<This message was edited\>,TARGET,2025-05-29,13:05:12,Henry Woods,like do you know about the stats that pornhub released about how during the GOP convention the number of cuckholding and bbc searches spiked drastically \<This message was edited\>
2025-05-29,Henry Woods,like do you know about the stats that pornhub released about how during the GOP convention the number of cuckholding and bbc searches spiked drastically \<This message was edited\>,AFTER,2025-05-29,13:05:28,Cady,Ooooh
2025-05-29,Henry Woods,like do you know about the stats that pornhub released about how during the GOP convention the number of cuckholding and bbc searches spiked drastically \<This message was edited\>,AFTER,2025-05-29,13:05:32,Cady,I don’t know the specifics
2025-05-29,Henry Woods,like do you know about the stats that pornhub released about how during the GOP convention the number of cuckholding and bbc searches spiked drastically \<This message was edited\>,AFTER,2025-05-29,13:05:38,Cady,I need to compile data like that
2025-05-29,Henry Woods,like do you know about the stats that pornhub released about how during the GOP convention the number of cuckholding and bbc searches spiked drastically \<This message was edited\>,AFTER,2025-05-29,13:05:50,Henry Woods,but yeah it’s basically \*what you said \<This message was edited\>
2025-05-29,Henry Woods,like do you know about the stats that pornhub released about how during the GOP convention the number of cuckholding and bbc searches spiked drastically \<This message was edited\>,AFTER,2025-05-29,13:06:00,Cady,And grinder crashed I think?
2025-05-29,Henry Woods,like do you know about the stats that pornhub released about how during the GOP convention the number of cuckholding and bbc searches spiked drastically \<This message was edited\>,AFTER,2025-05-29,13:06:12,Henry Woods,lololol I didn’t know that
2025-05-29,Henry Woods,like do you know about the stats that pornhub released about how during the GOP convention the number of cuckholding and bbc searches spiked drastically \<This message was edited\>,AFTER,2025-05-29,13:06:18,Henry Woods,but yeah
2025-05-29,Henry Woods,like do you know about the stats that pornhub released about how during the GOP convention the number of cuckholding and bbc searches spiked drastically \<This message was edited\>,AFTER,2025-05-29,13:06:19,Cady,Yeah I’m pretty sure
2025-05-29,Henry Woods,like do you know about the stats that pornhub released about how during the GOP convention the number of cuckholding and bbc searches spiked drastically \<This message was edited\>,AFTER,2025-05-29,13:06:44,Henry Woods,"‘I don’t like black people, so a bunch of them fucking my wife would be extra filthy'"
2025-05-29,Henry Woods,like do you know about the stats that pornhub released about how during the GOP convention the number of cuckholding and bbc searches spiked drastically \<This message was edited\>,AFTER,2025-05-29,13:07:01,Henry Woods,and then there’s the gay side
2025-05-30,Cady,I like when guys recognise that my dance card is probably full,BEFORE,2025-05-30,00:18:53,Henry Woods,fair enough
2025-05-30,Cady,I like when guys recognise that my dance card is probably full,BEFORE,2025-05-30,00:18:55,Cady,A new guy I just started texting today
2025-05-30,Cady,I like when guys recognise that my dance card is probably full,BEFORE,2025-05-30,00:19:15,Henry Woods,from feeld?
2025-05-30,Cady,I like when guys recognise that my dance card is probably full,BEFORE,2025-05-30,00:19:20,Cady,Sometimes they come in hot with a good Feeld message
2025-05-30,Cady,I like when guys recognise that my dance card is probably full,BEFORE,2025-05-30,00:19:24,Henry Woods,hehe
2025-05-30,Cady,I like when guys recognise that my dance card is probably full,BEFORE,2025-05-30,00:19:25,Henry Woods,fun
2025-05-30,Cady,I like when guys recognise that my dance card is probably full,BEFORE,2025-05-30,00:19:30,Cady,And I’m like ok I’ll see whatcha got
2025-05-30,Cady,I like when guys recognise that my dance card is probably full,BEFORE,2025-05-30,00:19:31,Henry Woods,do share
2025-05-30,Cady,I like when guys recognise that my dance card is probably full,BEFORE,2025-05-30,00:56:45,Cady,Omg this guy just kissed me
2025-05-30,Cady,I like when guys recognise that my dance card is probably full,BEFORE,2025-05-30,00:56:51,Cady,My friend who gave me the adderall
2025-05-30,Cady,I like when guys recognise that my dance card is probably full,TARGET,2025-05-30,00:57:14,Cady,I like when guys recognise that my dance card is probably full
2025-05-30,Cady,I like when guys recognise that my dance card is probably full,AFTER,2025-05-30,00:57:33,Cady,But omg I was thinking about making a move with Kenneth adderall guy and didn’t and he just went for it
2025-05-30,Cady,I like when guys recognise that my dance card is probably full,AFTER,2025-05-30,01:33:51,Henry Woods,hehe fun
2025-05-30,Cady,I like when guys recognise that my dance card is probably full,AFTER,2025-05-30,01:33:56,Henry Woods,hmmm
2025-05-30,Cady,I like when guys recognise that my dance card is probably full,AFTER,2025-05-30,01:34:32,Cady,Kinda skinny
2025-05-30,Cady,I like when guys recognise that my dance card is probably full,AFTER,2025-05-30,01:34:35,Henry Woods,yeah it sets that they won’t expect replies immediately
2025-05-30,Cady,I like when guys recognise that my dance card is probably full,AFTER,2025-05-30,01:34:40,Cady,Yeah
2025-05-30,Cady,I like when guys recognise that my dance card is probably full,AFTER,2025-05-30,01:34:51,Cady,Getting my nails doneee
2025-05-30,Cady,I like when guys recognise that my dance card is probably full,AFTER,2025-05-30,01:34:51,Henry Woods,"likewise, I can’t throw stones xD"
2025-05-30,Cady,I like when guys recognise that my dance card is probably full,AFTER,2025-05-30,01:35:01,Henry Woods,❤️ enjoyyy
2025-05-30,Cady,I like when guys recognise that my dance card is probably full,AFTER,2025-05-30,01:35:03,Cady,Hahaha
2025-05-30,Cady,"Hehe no better pull for sugar daddies like ‘I’m leaving in a week , how many times do you wanna fuck before I’m gone forever’",BEFORE,2025-05-30,13:45:52,Cady,I’ve been wanting to learn how to epoxy / resin
2025-05-30,Cady,"Hehe no better pull for sugar daddies like ‘I’m leaving in a week , how many times do you wanna fuck before I’m gone forever’",BEFORE,2025-05-30,13:47:11,Cady,Very nice \!’n
2025-05-30,Cady,"Hehe no better pull for sugar daddies like ‘I’m leaving in a week , how many times do you wanna fuck before I’m gone forever’",BEFORE,2025-05-30,13:47:20,Cady,I was bragging about your skills to my nail lady
2025-05-30,Cady,"Hehe no better pull for sugar daddies like ‘I’m leaving in a week , how many times do you wanna fuck before I’m gone forever’",BEFORE,2025-05-30,13:47:33,Cady,And the fact that you have a sewing machine
2025-05-30,Cady,"Hehe no better pull for sugar daddies like ‘I’m leaving in a week , how many times do you wanna fuck before I’m gone forever’",BEFORE,2025-05-30,13:47:42,Henry Woods,aha
2025-05-30,Cady,"Hehe no better pull for sugar daddies like ‘I’m leaving in a week , how many times do you wanna fuck before I’m gone forever’",BEFORE,2025-05-30,13:48:18,Cady,You’re so cute
2025-05-30,Cady,"Hehe no better pull for sugar daddies like ‘I’m leaving in a week , how many times do you wanna fuck before I’m gone forever’",BEFORE,2025-05-30,13:53:50,Cady,Photographer deposit is paid\! Took forever for my dad to wire the money correctly
2025-05-30,Cady,"Hehe no better pull for sugar daddies like ‘I’m leaving in a week , how many times do you wanna fuck before I’m gone forever’",BEFORE,2025-05-30,14:26:03,Cady,"Video call, No answer"
2025-05-30,Cady,"Hehe no better pull for sugar daddies like ‘I’m leaving in a week , how many times do you wanna fuck before I’m gone forever’",BEFORE,2025-05-30,14:32:59,Cady,Well shit I forgot my usb
2025-05-30,Cady,"Hehe no better pull for sugar daddies like ‘I’m leaving in a week , how many times do you wanna fuck before I’m gone forever’",BEFORE,2025-05-30,14:33:04,Cady,I’ll have to do this at school
2025-05-30,Cady,"Hehe no better pull for sugar daddies like ‘I’m leaving in a week , how many times do you wanna fuck before I’m gone forever’",TARGET,2025-05-30,14:34:49,Cady,"Hehe no better pull for sugar daddies like ‘I’m leaving in a week , how many times do you wanna fuck before I’m gone forever’"
2025-05-30,Cady,"Hehe no better pull for sugar daddies like ‘I’m leaving in a week , how many times do you wanna fuck before I’m gone forever’",AFTER,2025-05-30,14:52:25,Henry Woods,hehehe
2025-05-30,Cady,"Hehe no better pull for sugar daddies like ‘I’m leaving in a week , how many times do you wanna fuck before I’m gone forever’",AFTER,2025-05-30,14:52:27,Henry Woods,lolol
2025-05-30,Cady,"Hehe no better pull for sugar daddies like ‘I’m leaving in a week , how many times do you wanna fuck before I’m gone forever’",AFTER,2025-05-30,14:52:30,Henry Woods,love it
2025-05-30,Cady,"Hehe no better pull for sugar daddies like ‘I’m leaving in a week , how many times do you wanna fuck before I’m gone forever’",AFTER,2025-05-30,14:52:49,Cady,Gonna try to break my record
2025-05-30,Cady,"Hehe no better pull for sugar daddies like ‘I’m leaving in a week , how many times do you wanna fuck before I’m gone forever’",AFTER,2025-05-30,14:52:57,Cady,Idk what my record is but I’m sure I’ll beat it
2025-05-30,Cady,"Hehe no better pull for sugar daddies like ‘I’m leaving in a week , how many times do you wanna fuck before I’m gone forever’",AFTER,2025-05-30,14:53:01,Henry Woods,hehe ð
2025-05-30,Cady,"Hehe no better pull for sugar daddies like ‘I’m leaving in a week , how many times do you wanna fuck before I’m gone forever’",AFTER,2025-05-30,14:53:12,Henry Woods,unf you perfect fucking slut
2025-05-30,Cady,"Hehe no better pull for sugar daddies like ‘I’m leaving in a week , how many times do you wanna fuck before I’m gone forever’",AFTER,2025-05-30,14:53:27,Cady,Awwwe thank you daddy
2025-05-30,Cady,"Hehe no better pull for sugar daddies like ‘I’m leaving in a week , how many times do you wanna fuck before I’m gone forever’",AFTER,2025-05-30,14:54:08,Cady,Unf I love you
2025-05-30,Cady,"Hehe no better pull for sugar daddies like ‘I’m leaving in a week , how many times do you wanna fuck before I’m gone forever’",AFTER,2025-05-30,14:54:17,Cady,17 days 22 hours
2025-05-30,Henry Woods,while a whole bunch of guys take turns fucking you from behind,BEFORE,2025-05-30,14:54:27,Henry Woods,I love you too
2025-05-30,Henry Woods,while a whole bunch of guys take turns fucking you from behind,BEFORE,2025-05-30,14:54:35,Henry Woods,ticking down
2025-05-30,Henry Woods,while a whole bunch of guys take turns fucking you from behind,BEFORE,2025-05-30,14:54:45,Cady,Quite nicely
2025-05-30,Henry Woods,while a whole bunch of guys take turns fucking you from behind,BEFORE,2025-05-30,14:54:51,Cady,I’m trying to hard to busy myself
2025-05-30,Henry Woods,while a whole bunch of guys take turns fucking you from behind,BEFORE,2025-05-30,14:55:03,Cady,Haha nothing really helps missing you tho
2025-05-30,Henry Woods,while a whole bunch of guys take turns fucking you from behind,BEFORE,2025-05-30,14:56:02,Henry Woods,likewise
2025-05-30,Henry Woods,while a whole bunch of guys take turns fucking you from behind,BEFORE,2025-05-30,14:56:22,Henry Woods,having an absolute train ran on you helps pass the time though ð
2025-05-30,Henry Woods,while a whole bunch of guys take turns fucking you from behind,BEFORE,2025-05-30,14:56:32,Cady,Hahahah he’s
2025-05-30,Henry Woods,while a whole bunch of guys take turns fucking you from behind,BEFORE,2025-05-30,14:56:35,Cady,Yes
2025-05-30,Henry Woods,while a whole bunch of guys take turns fucking you from behind,BEFORE,2025-05-30,14:57:10,Henry Woods,unf I’m now thinking about having your face between my legs
2025-05-30,Henry Woods,while a whole bunch of guys take turns fucking you from behind,TARGET,2025-05-30,14:57:28,Henry Woods,while a whole bunch of guys take turns fucking you from behind
2025-05-30,Henry Woods,while a whole bunch of guys take turns fucking you from behind,AFTER,2025-05-30,14:57:42,Cady,Ooooooo sexy
2025-05-30,Henry Woods,while a whole bunch of guys take turns fucking you from behind,AFTER,2025-05-30,14:57:44,Cady,Yes
2025-05-30,Henry Woods,while a whole bunch of guys take turns fucking you from behind,AFTER,2025-05-30,14:57:47,Cady,Yes yes yes
2025-05-30,Henry Woods,while a whole bunch of guys take turns fucking you from behind,AFTER,2025-05-30,14:58:22,Henry Woods,post up and spend an evening cumming continuously down your throat
2025-05-30,Henry Woods,while a whole bunch of guys take turns fucking you from behind,AFTER,2025-05-30,14:58:37,Henry Woods,with “free use” written on your bum waving in the air
2025-05-30,Henry Woods,while a whole bunch of guys take turns fucking you from behind,AFTER,2025-05-30,14:59:15,Cady,Actually no this is how I feel
2025-05-30,Henry Woods,while a whole bunch of guys take turns fucking you from behind,AFTER,2025-05-30,14:59:56,Henry Woods,hehe
2025-05-30,Henry Woods,while a whole bunch of guys take turns fucking you from behind,AFTER,2025-05-30,15:00:03,Henry Woods,unf I fucking love your tattoo
2025-05-30,Henry Woods,while a whole bunch of guys take turns fucking you from behind,AFTER,2025-05-30,15:00:27,Cady,Me tooooo
2025-05-30,Henry Woods,while a whole bunch of guys take turns fucking you from behind,AFTER,2025-05-30,15:00:29,Cady,Thanks baby
2025-05-31,Cady,Hi sugar boo,BEFORE,2025-05-30,18:55:12,Cady,Let’s do it Sunday?
2025-05-31,Cady,Hi sugar boo,BEFORE,2025-05-30,19:24:43,Henry Woods,sure
2025-05-31,Cady,Hi sugar boo,BEFORE,2025-05-30,19:33:38,Cady,Thanks baby
2025-05-31,Cady,Hi sugar boo,BEFORE,2025-05-30,19:33:39,Cady,Going to sesh\!
2025-05-31,Cady,Hi sugar boo,BEFORE,2025-05-30,19:33:41,Cady,?
2025-05-31,Cady,Hi sugar boo,BEFORE,2025-05-30,19:46:42,Cady,My body is work out from Terrence
2025-05-31,Cady,Hi sugar boo,BEFORE,2025-05-30,22:11:22,Henry Woods,oh yes
2025-05-31,Cady,Hi sugar boo,BEFORE,2025-05-30,22:11:22,Henry Woods,big one on tonight
2025-05-31,Cady,Hi sugar boo,BEFORE,2025-05-30,22:11:22,Henry Woods,Steve has a birthday
2025-05-31,Cady,Hi sugar boo,BEFORE,2025-05-30,22:54:36,Cady,Who is Steve?
2025-05-31,Cady,Hi sugar boo,TARGET,2025-05-31,16:40:47,Cady,Hi sugar boo
2025-05-31,Cady,Hi sugar boo,AFTER,2025-05-31,16:41:01,Henry Woods,heyooo
2025-05-31,Cady,Hi sugar boo,AFTER,2025-05-31,16:41:35,Cady,How youuuu \<This message was edited\>
2025-05-31,Cady,Hi sugar boo,AFTER,2025-05-31,16:41:37,Henry Woods,hi boo
2025-05-31,Cady,Hi sugar boo,AFTER,2025-05-31,16:42:14,Henry Woods,I’m goood
2025-05-31,Cady,Hi sugar boo,AFTER,2025-05-31,16:42:39,Cady,How was the sesh
2025-05-31,Cady,Hi sugar boo,AFTER,2025-05-31,16:43:01,Henry Woods,Steve is the new degenerate friend I was with the other week?
2025-05-31,Cady,Hi sugar boo,AFTER,2025-05-31,16:43:12,Henry Woods,"You met him on facetime, in the loft"
2025-05-31,Cady,Hi sugar boo,AFTER,2025-05-31,16:43:18,Henry Woods,it was fun
2025-05-31,Cady,Hi sugar boo,AFTER,2025-05-31,16:44:16,Henry Woods,finished at about 10am
2025-05-31,Cady,Hi sugar boo,AFTER,2025-05-31,16:44:19,Cady,Oh yesss
2025-06-01,Cady,Jamison was asking a lot of questions about how I do sugar dating and ENM and Nathan helped answer a lot of was speaking so highly of me I was so proud,BEFORE,2025-06-01,23:27:14,Henry Woods,missing you so terribly
2025-06-01,Cady,Jamison was asking a lot of questions about how I do sugar dating and ENM and Nathan helped answer a lot of was speaking so highly of me I was so proud,BEFORE,2025-06-01,23:27:18,Henry Woods,done
2025-06-01,Cady,Jamison was asking a lot of questions about how I do sugar dating and ENM and Nathan helped answer a lot of was speaking so highly of me I was so proud,BEFORE,2025-06-01,23:27:18,Cady,Awe my love
2025-06-01,Cady,Jamison was asking a lot of questions about how I do sugar dating and ENM and Nathan helped answer a lot of was speaking so highly of me I was so proud,BEFORE,2025-06-01,23:27:23,Cady,Thanks baby
2025-06-01,Cady,Jamison was asking a lot of questions about how I do sugar dating and ENM and Nathan helped answer a lot of was speaking so highly of me I was so proud,BEFORE,2025-06-01,23:27:49,Cady,I love that you’re missing me terribly but also hate you in discomfort
2025-06-01,Cady,Jamison was asking a lot of questions about how I do sugar dating and ENM and Nathan helped answer a lot of was speaking so highly of me I was so proud,BEFORE,2025-06-01,23:28:05,Cady,I got really sad yesterday not hearing from you
2025-06-01,Cady,Jamison was asking a lot of questions about how I do sugar dating and ENM and Nathan helped answer a lot of was speaking so highly of me I was so proud,BEFORE,2025-06-01,23:28:21,Cady,And I’m craving doing things alongside you so badly
2025-06-01,Cady,Jamison was asking a lot of questions about how I do sugar dating and ENM and Nathan helped answer a lot of was speaking so highly of me I was so proud,BEFORE,2025-06-01,23:28:34,Cady,But we will be glued together forever soon
2025-06-01,Cady,Jamison was asking a lot of questions about how I do sugar dating and ENM and Nathan helped answer a lot of was speaking so highly of me I was so proud,BEFORE,2025-06-01,23:31:46,Cady,I had another house party last night with Margo Jamison (one of her besties who is coming to the wedding) and her shitty date but also Nathan and dewon came
2025-06-01,Cady,Jamison was asking a lot of questions about how I do sugar dating and ENM and Nathan helped answer a lot of was speaking so highly of me I was so proud,BEFORE,2025-06-01,23:32:07,Cady,And everybody got along so well except for the shitty date
2025-06-01,Cady,Jamison was asking a lot of questions about how I do sugar dating and ENM and Nathan helped answer a lot of was speaking so highly of me I was so proud,TARGET,2025-06-01,23:32:43,Cady,Jamison was asking a lot of questions about how I do sugar dating and ENM and Nathan helped answer a lot of was speaking so highly of me I was so proud
2025-06-01,Cady,Jamison was asking a lot of questions about how I do sugar dating and ENM and Nathan helped answer a lot of was speaking so highly of me I was so proud,AFTER,2025-06-01,23:35:08,Henry Woods,we will
2025-06-01,Cady,Jamison was asking a lot of questions about how I do sugar dating and ENM and Nathan helped answer a lot of was speaking so highly of me I was so proud,AFTER,2025-06-01,23:35:27,Henry Woods,awww so cute
2025-06-01,Cady,Jamison was asking a lot of questions about how I do sugar dating and ENM and Nathan helped answer a lot of was speaking so highly of me I was so proud,AFTER,2025-06-01,23:35:57,Cady,I loved that dewon and Nathan got to meet
2025-06-01,Cady,Jamison was asking a lot of questions about how I do sugar dating and ENM and Nathan helped answer a lot of was speaking so highly of me I was so proud,AFTER,2025-06-01,23:36:04,Cady,Dewon said he can’t wait to meet ya
2025-06-01,Cady,Jamison was asking a lot of questions about how I do sugar dating and ENM and Nathan helped answer a lot of was speaking so highly of me I was so proud,AFTER,2025-06-01,23:36:18,Henry Woods,me neither
2025-06-01,Cady,Jamison was asking a lot of questions about how I do sugar dating and ENM and Nathan helped answer a lot of was speaking so highly of me I was so proud,AFTER,2025-06-01,23:36:30,Henry Woods,but mostly I just can’t wait to curl up with you
2025-06-01,Cady,Jamison was asking a lot of questions about how I do sugar dating and ENM and Nathan helped answer a lot of was speaking so highly of me I was so proud,AFTER,2025-06-01,23:36:40,Cady,Yesssss baba
2025-06-01,Cady,Jamison was asking a lot of questions about how I do sugar dating and ENM and Nathan helped answer a lot of was speaking so highly of me I was so proud,AFTER,2025-06-01,23:36:46,Cady,I need you so badly
2025-06-01,Cady,Jamison was asking a lot of questions about how I do sugar dating and ENM and Nathan helped answer a lot of was speaking so highly of me I was so proud,AFTER,2025-06-01,23:36:55,Cady,I really do miss you so much
2025-06-01,Cady,Jamison was asking a lot of questions about how I do sugar dating and ENM and Nathan helped answer a lot of was speaking so highly of me I was so proud,AFTER,2025-06-01,23:37:11,Cady,I’m getting a little jittery about it the closer it gets
2025-06-12,Cady,Good morning sugar booooo,BEFORE,2025-06-07,16:14:05,Cady,I missss you
2025-06-12,Cady,Good morning sugar booooo,BEFORE,2025-06-07,16:14:27,Cady,And want to talk about everything
2025-06-12,Cady,Good morning sugar booooo,BEFORE,2025-06-07,18:29:25,Cady,Just had the most amazing morning of sleeping until noon
2025-06-12,Cady,Good morning sugar booooo,BEFORE,2025-06-07,20:00:04,Cady,"Video call, No answer"
2025-06-12,Cady,Good morning sugar booooo,BEFORE,2025-06-09,13:27:19,Cady,8 days\!\!\!
2025-06-12,Cady,Good morning sugar booooo,BEFORE,2025-06-11,15:39:08,Cady,Let’s also shift back to WhatsApp
2025-06-12,Cady,Good morning sugar booooo,BEFORE,2025-06-11,16:39:05,Cady,"Video call, No answer"
2025-06-12,Cady,Good morning sugar booooo,BEFORE,2025-06-11,20:54:26,Henry Woods,Test
2025-06-12,Cady,Good morning sugar booooo,BEFORE,2025-06-11,23:26:48,Cady,"LOL, I cried all through yoga happy tears"
2025-06-12,Cady,Good morning sugar booooo,BEFORE,2025-06-12,13:04:00,Cady,Hey baby
2025-06-12,Cady,Good morning sugar booooo,TARGET,2025-06-12,14:44:49,Cady,Good morning sugar booooo
2025-06-12,Cady,Good morning sugar booooo,AFTER,2025-06-12,15:49:57,Cady,"Call failed, Try again"
2025-06-12,Cady,Good morning sugar booooo,AFTER,2025-06-12,21:09:22,Henry Woods,"Video call, 60 min"
2025-06-12,Cady,Good morning sugar booooo,AFTER,2025-06-13,13:39:19,Cady,"Video call, 23 min"
2025-06-12,Cady,Good morning sugar booooo,AFTER,2025-06-13,14:02:56,Cady,3 days 23 hours
2025-06-12,Cady,Good morning sugar booooo,AFTER,2025-06-13,14:02:59,Cady,Wahhhhh
2025-06-12,Cady,Good morning sugar booooo,AFTER,2025-06-13,14:04:19,Cady,Lolol
2025-06-12,Cady,Good morning sugar booooo,AFTER,2025-06-13,14:06:11,Cady,Have you seen o brother where art thou
2025-06-12,Cady,Good morning sugar booooo,AFTER,2025-06-13,14:06:32,Cady,It’s one of my faves and seems kinda adjacent
2025-06-12,Cady,Good morning sugar booooo,AFTER,2025-06-13,14:09:03,Cady,https://youtu.be/eW9Xo2HtlJI?si=ooYg3CREjqtOkzMJ
2025-06-12,Cady,Good morning sugar booooo,AFTER,2025-06-13,15:02:23,Cady,"I was showing my aunt tutu some wedding stuff for my suitcase, and she saw one of my dildos"
2025-06-13,Henry Woods,"However, if the kitchen isn’t open for whatever reason then were allowed to self-cater to our heart’s content",BEFORE,2025-06-13,22:46:45,Cady,Lol
2025-06-13,Henry Woods,"However, if the kitchen isn’t open for whatever reason then were allowed to self-cater to our heart’s content",BEFORE,2025-06-13,22:47:02,Henry Woods,"Yes, but ideally I’d want to drop it further"
2025-06-13,Henry Woods,"However, if the kitchen isn’t open for whatever reason then were allowed to self-cater to our heart’s content",BEFORE,2025-06-13,22:47:15,Cady,Yeah bet we could
2025-06-13,Henry Woods,"However, if the kitchen isn’t open for whatever reason then were allowed to self-cater to our heart’s content",BEFORE,2025-06-13,22:47:25,Henry Woods,Like I’m genuinely aiming for £2.50pp for a sausage roll
2025-06-13,Henry Woods,"However, if the kitchen isn’t open for whatever reason then were allowed to self-cater to our heart’s content",BEFORE,2025-06-13,22:47:36,Cady,Hahaha
2025-06-13,Henry Woods,"However, if the kitchen isn’t open for whatever reason then were allowed to self-cater to our heart’s content",BEFORE,2025-06-13,22:47:39,Cady,Ok babe
2025-06-13,Henry Woods,"However, if the kitchen isn’t open for whatever reason then were allowed to self-cater to our heart’s content",BEFORE,2025-06-13,22:47:41,Henry Woods,ð
2025-06-13,Henry Woods,"However, if the kitchen isn’t open for whatever reason then were allowed to self-cater to our heart’s content",BEFORE,2025-06-13,22:48:01,Cady,I was talking to my mom about this
2025-06-13,Henry Woods,"However, if the kitchen isn’t open for whatever reason then were allowed to self-cater to our heart’s content",BEFORE,2025-06-13,22:48:05,Henry Woods,Presumably if I open with this then we can come to a fair and mutually irritating confusion
2025-06-13,Henry Woods,"However, if the kitchen isn’t open for whatever reason then were allowed to self-cater to our heart’s content",BEFORE,2025-06-13,22:48:27,Cady,She was like do what you want and just give no fucks \<This message was edited\>
2025-06-13,Henry Woods,"However, if the kitchen isn’t open for whatever reason then were allowed to self-cater to our heart’s content",TARGET,2025-06-13,22:48:27,Henry Woods,"However, if the kitchen isn’t open for whatever reason then were allowed to self-cater to our heart’s content"
2025-06-13,Henry Woods,"However, if the kitchen isn’t open for whatever reason then were allowed to self-cater to our heart’s content",AFTER,2025-06-13,22:48:33,Henry Woods,Exactly
2025-06-13,Henry Woods,"However, if the kitchen isn’t open for whatever reason then were allowed to self-cater to our heart’s content",AFTER,2025-06-13,22:48:54,Cady,I appreciate her perspective lol. No pressure from them
2025-06-13,Henry Woods,"However, if the kitchen isn’t open for whatever reason then were allowed to self-cater to our heart’s content",AFTER,2025-06-13,22:48:56,Henry Woods,Overall: \*very\* strong option
2025-06-13,Henry Woods,"However, if the kitchen isn’t open for whatever reason then were allowed to self-cater to our heart’s content",AFTER,2025-06-13,22:49:11,Cady,Smashing
2025-06-13,Henry Woods,"However, if the kitchen isn’t open for whatever reason then were allowed to self-cater to our heart’s content",AFTER,2025-06-13,22:49:19,Cady,Fabulous bb
2025-06-13,Henry Woods,"However, if the kitchen isn’t open for whatever reason then were allowed to self-cater to our heart’s content",AFTER,2025-06-13,22:52:34,Cady,What you up to tonight?
2025-06-13,Henry Woods,"However, if the kitchen isn’t open for whatever reason then were allowed to self-cater to our heart’s content",AFTER,2025-06-13,22:56:13,Henry Woods,Intimate enough by default that it will feel full no matter the guest list size
2025-06-13,Henry Woods,"However, if the kitchen isn’t open for whatever reason then were allowed to self-cater to our heart’s content",AFTER,2025-06-13,22:56:25,Henry Woods,Club night with Steve’s gang
2025-06-13,Henry Woods,"However, if the kitchen isn’t open for whatever reason then were allowed to self-cater to our heart’s content",AFTER,2025-06-13,22:57:10,Cady,Thanks for the overview :) sounds good
2025-06-13,Henry Woods,"However, if the kitchen isn’t open for whatever reason then were allowed to self-cater to our heart’s content",AFTER,2025-06-13,22:57:14,Cady,Nice\!
2025-07-11,Cady,Sooooo I met a sugar daddy who wants a threesome with you too,BEFORE,2025-07-10,18:48:30,Henry Woods,I’ll come back and put something smarter on
2025-07-11,Cady,Sooooo I met a sugar daddy who wants a threesome with you too,BEFORE,2025-07-10,18:48:33,Henry Woods,But yes
2025-07-11,Cady,Sooooo I met a sugar daddy who wants a threesome with you too,BEFORE,2025-07-10,18:48:36,Cady,Ok
2025-07-11,Cady,Sooooo I met a sugar daddy who wants a threesome with you too,BEFORE,2025-07-10,18:48:38,Cady,I’m ready
2025-07-11,Cady,Sooooo I met a sugar daddy who wants a threesome with you too,BEFORE,2025-07-10,18:48:41,Henry Woods,See you shortly
2025-07-11,Cady,Sooooo I met a sugar daddy who wants a threesome with you too,BEFORE,2025-07-10,18:48:46,Henry Woods,You’re the best
2025-07-11,Cady,Sooooo I met a sugar daddy who wants a threesome with you too,BEFORE,2025-07-10,18:48:54,Henry Woods,I’ll be back and we can head out and meet Jesse
2025-07-11,Cady,Sooooo I met a sugar daddy who wants a threesome with you too,BEFORE,2025-07-10,18:48:57,Cady,Oh boiiiii so excited to see you
2025-07-11,Cady,Sooooo I met a sugar daddy who wants a threesome with you too,BEFORE,2025-07-10,18:49:04,Cady,Sounds great
2025-07-11,Cady,Sooooo I met a sugar daddy who wants a threesome with you too,BEFORE,2025-07-11,10:14:00,Cady,"Voice call, No answer"
2025-07-11,Cady,Sooooo I met a sugar daddy who wants a threesome with you too,TARGET,2025-07-11,11:40:42,Cady,Sooooo I met a sugar daddy who wants a threesome with you too
2025-07-11,Cady,Sooooo I met a sugar daddy who wants a threesome with you too,AFTER,2025-07-11,11:40:49,Cady,Not in a gay way I don’t think
2025-07-11,Cady,Sooooo I met a sugar daddy who wants a threesome with you too,AFTER,2025-07-11,11:41:03,Cady,£400
2025-07-11,Cady,Sooooo I met a sugar daddy who wants a threesome with you too,AFTER,2025-07-11,11:41:12,Cady,Maybe early next week if you’re into it?
2025-07-11,Cady,Sooooo I met a sugar daddy who wants a threesome with you too,AFTER,2025-07-11,11:51:44,Henry Woods,Hehe
2025-07-11,Cady,Sooooo I met a sugar daddy who wants a threesome with you too,AFTER,2025-07-11,11:51:46,Henry Woods,Funnn
2025-07-11,Cady,Sooooo I met a sugar daddy who wants a threesome with you too,AFTER,2025-07-11,11:51:47,Henry Woods,In
2025-07-11,Cady,Sooooo I met a sugar daddy who wants a threesome with you too,AFTER,2025-07-11,12:00:55,Cady,To be completely honest I’m too hot to fuck right now
2025-07-11,Cady,Sooooo I met a sugar daddy who wants a threesome with you too,AFTER,2025-07-13,17:17:03,Henry Woods,Greenwich tavern
2025-07-11,Cady,Sooooo I met a sugar daddy who wants a threesome with you too,AFTER,2025-07-13,17:39:07,Cady,Phew that’s like an hour away\!
2025-07-11,Cady,Sooooo I met a sugar daddy who wants a threesome with you too,AFTER,2025-07-13,17:39:49,Henry Woods,Yeah it’s a fair whack
2025-07-14,Cady,Negotiated a higher ppm price with the rave sugar daddy hehe,BEFORE,2025-07-14,18:09:09,Cady,Hey love—can we have a little check-in later? As lil revisit on what radical honesty means for us in relation to the Feeld convo with Ashley (or whoever she is)?
2025-07-14,Cady,Negotiated a higher ppm price with the rave sugar daddy hehe,BEFORE,2025-07-14,18:09:37,Cady,"Not a trap—just something I want us to talk through together. I made a mind map to help me organize my thoughts, and I’d love to send it to you and talk it out tonight?"
2025-07-14,Cady,Negotiated a higher ppm price with the rave sugar daddy hehe,BEFORE,2025-07-14,18:17:17,Henry Woods,\*he
2025-07-14,Cady,Negotiated a higher ppm price with the rave sugar daddy hehe,BEFORE,2025-07-14,18:17:22,Henry Woods,And for sure
2025-07-14,Cady,Negotiated a higher ppm price with the rave sugar daddy hehe,BEFORE,2025-07-14,18:17:35,Henry Woods,"Voice call, 35 sec"
2025-07-14,Cady,Negotiated a higher ppm price with the rave sugar daddy hehe,BEFORE,2025-07-14,18:19:27,Cady,Thanks baby
2025-07-14,Cady,Negotiated a higher ppm price with the rave sugar daddy hehe,BEFORE,2025-07-14,18:19:47,Cady,"I write this in the mind map, but I don’t really care about this instance at all"
2025-07-14,Cady,Negotiated a higher ppm price with the rave sugar daddy hehe,BEFORE,2025-07-14,18:19:56,Cady,I just wanna make sure we’re communicating clearly with each other
2025-07-14,Cady,Negotiated a higher ppm price with the rave sugar daddy hehe,BEFORE,2025-07-14,18:20:09,Cady,Sorry not sorry lots of text
2025-07-14,Cady,Negotiated a higher ppm price with the rave sugar daddy hehe,BEFORE,2025-07-14,18:25:46,Cady,"It’s easier for me to make a mind map, then stay logical and coherent in conversation"
2025-07-14,Cady,Negotiated a higher ppm price with the rave sugar daddy hehe,TARGET,2025-07-14,18:56:39,Cady,Negotiated a higher ppm price with the rave sugar daddy hehe
2025-07-14,Cady,Negotiated a higher ppm price with the rave sugar daddy hehe,AFTER,2025-07-14,18:57:07,Cady,Oh and also
2025-07-14,Cady,Negotiated a higher ppm price with the rave sugar daddy hehe,AFTER,2025-07-14,18:58:52,Cady,When I get to be a fly on the wall while you flirt or hookup with someone just makes me feel like the proudest best friend ever. And turns me on. I suppose it’d be my ideal to share that with you but also respect if you want some things to yourself or if like the situation in Alabama where the other person isn’t cool with me being involved
2025-07-14,Cady,Negotiated a higher ppm price with the rave sugar daddy hehe,AFTER,2025-07-14,19:13:42,Cady,Will you be my friend lol
2025-07-14,Cady,Negotiated a higher ppm price with the rave sugar daddy hehe,AFTER,2025-07-14,20:01:19,Henry Woods,Hehe I can be your friend ð
2025-07-14,Cady,Negotiated a higher ppm price with the rave sugar daddy hehe,AFTER,2025-07-14,20:01:50,Henry Woods,"I’m getting dinner with Jesse, do you want me to pick you up something?"
2025-07-14,Cady,Negotiated a higher ppm price with the rave sugar daddy hehe,AFTER,2025-07-14,20:02:29,Cady,if its not inconvenient thatd be lovely
2025-07-14,Cady,Negotiated a higher ppm price with the rave sugar daddy hehe,AFTER,2025-07-14,20:02:39,Cady,i think kit might be making pasta
2025-07-14,Cady,Negotiated a higher ppm price with the rave sugar daddy hehe,AFTER,2025-07-14,20:03:05,Henry Woods,It wouldn’t be
2025-07-14,Cady,Negotiated a higher ppm price with the rave sugar daddy hehe,AFTER,2025-07-14,20:03:16,Henry Woods,What would you like?
2025-07-14,Cady,Negotiated a higher ppm price with the rave sugar daddy hehe,AFTER,2025-07-14,20:03:51,Cady,ill think a sec..
2025-08-06,Cady,found a sugar daddy who says 700 is normal YAS,BEFORE,2025-08-06,16:42:48,Cady,Now I’m gonna edit it
2025-08-06,Cady,found a sugar daddy who says 700 is normal YAS,BEFORE,2025-08-06,16:43:13,Cady,Was really hard to cum. I took trazadone to sleep yesterday and  sometimes it does that
2025-08-06,Cady,found a sugar daddy who says 700 is normal YAS,BEFORE,2025-08-06,16:43:19,Cady,Soooo I won’t be doing that again
2025-08-06,Cady,found a sugar daddy who says 700 is normal YAS,BEFORE,2025-08-06,16:43:27,Cady,Lol I also found the extra elvanse
2025-08-06,Cady,found a sugar daddy who says 700 is normal YAS,BEFORE,2025-08-06,16:43:52,Cady,I have 4 20s for you
2025-08-06,Cady,found a sugar daddy who says 700 is normal YAS,BEFORE,2025-08-06,16:45:35,Henry Woods,Orgasms \> sleep
2025-08-06,Cady,found a sugar daddy who says 700 is normal YAS,BEFORE,2025-08-06,16:45:43,Cady,Yupppp
2025-08-06,Cady,found a sugar daddy who says 700 is normal YAS,BEFORE,2025-08-06,18:05:43,Cady,You deleted this message.
2025-08-06,Cady,found a sugar daddy who says 700 is normal YAS,BEFORE,2025-08-06,18:22:00,Cady,i’ll do it manually later
2025-08-06,Cady,found a sugar daddy who says 700 is normal YAS,BEFORE,2025-08-06,18:22:16,Cady,however…. wanna do a mfm sunday?
2025-08-06,Cady,found a sugar daddy who says 700 is normal YAS,TARGET,2025-08-06,18:47:59,Cady,found a sugar daddy who says 700 is normal YAS
2025-08-06,Cady,found a sugar daddy who says 700 is normal YAS,AFTER,2025-08-06,18:57:13,Henry Woods,Yesss
2025-08-06,Cady,found a sugar daddy who says 700 is normal YAS,AFTER,2025-08-06,18:57:26,Henry Woods,Teehee
2025-08-06,Cady,found a sugar daddy who says 700 is normal YAS,AFTER,2025-08-06,18:57:39,Henry Woods,It’s all coming up Cady today
2025-08-06,Cady,found a sugar daddy who says 700 is normal YAS,AFTER,2025-08-06,18:58:04,Cady,it sure isssss
2025-08-06,Cady,found a sugar daddy who says 700 is normal YAS,AFTER,2025-08-06,20:24:09,Cady,www.cadytalkssex.co.uk
2025-08-06,Cady,found a sugar daddy who says 700 is normal YAS,AFTER,2025-08-06,20:24:14,Cady,work in progress
2025-08-06,Cady,found a sugar daddy who says 700 is normal YAS,AFTER,2025-08-06,20:24:20,Cady,but i’m happy
2025-08-06,Cady,found a sugar daddy who says 700 is normal YAS,AFTER,2025-08-06,21:09:10,Cady,Omg I’m in the park with nick and kit
2025-08-06,Cady,found a sugar daddy who says 700 is normal YAS,AFTER,2025-08-06,21:09:37,Cady,And I just looked over to 100 metres to the right and this couple is going at it fucking
2025-08-06,Cady,found a sugar daddy who says 700 is normal YAS,AFTER,2025-08-06,21:09:45,Cady,Rocking back and forth
2025-08-06,Cady,Meeting with a farmer sugar daddy who didn’t balk at my price tomorrow and doing a FaceTime with this hot sugars daddy who’s coming in from New Zealand in a few weeks,BEFORE,2025-08-06,23:49:57,Henry Woods,likewise
2025-08-06,Cady,Meeting with a farmer sugar daddy who didn’t balk at my price tomorrow and doing a FaceTime with this hot sugars daddy who’s coming in from New Zealand in a few weeks,BEFORE,2025-08-06,23:50:09,Henry Woods,unf can’t wait to be back
2025-08-06,Cady,Meeting with a farmer sugar daddy who didn’t balk at my price tomorrow and doing a FaceTime with this hot sugars daddy who’s coming in from New Zealand in a few weeks,BEFORE,2025-08-06,23:50:14,Cady,Still playing scrabble but Sunday boy has been sending me bbc dick pics
2025-08-06,Cady,Meeting with a farmer sugar daddy who didn’t balk at my price tomorrow and doing a FaceTime with this hot sugars daddy who’s coming in from New Zealand in a few weeks,BEFORE,2025-08-06,23:50:26,Henry Woods,ð
2025-08-06,Cady,Meeting with a farmer sugar daddy who didn’t balk at my price tomorrow and doing a FaceTime with this hot sugars daddy who’s coming in from New Zealand in a few weeks,BEFORE,2025-08-06,23:50:32,Cady,Hold
2025-08-06,Cady,Meeting with a farmer sugar daddy who didn’t balk at my price tomorrow and doing a FaceTime with this hot sugars daddy who’s coming in from New Zealand in a few weeks,BEFORE,2025-08-06,23:51:00,Henry Woods,"some warm up sex when I get back, then lots of dp"
2025-08-06,Cady,Meeting with a farmer sugar daddy who didn’t balk at my price tomorrow and doing a FaceTime with this hot sugars daddy who’s coming in from New Zealand in a few weeks,BEFORE,2025-08-06,23:51:06,Cady,Yesssss
2025-08-06,Cady,Meeting with a farmer sugar daddy who didn’t balk at my price tomorrow and doing a FaceTime with this hot sugars daddy who’s coming in from New Zealand in a few weeks,BEFORE,2025-08-06,23:51:11,Cady,Unf I need it
2025-08-06,Cady,Meeting with a farmer sugar daddy who didn’t balk at my price tomorrow and doing a FaceTime with this hot sugars daddy who’s coming in from New Zealand in a few weeks,BEFORE,2025-08-06,23:51:26,Cady,I’ll keep dp’ing myself every day
2025-08-06,Cady,Meeting with a farmer sugar daddy who didn’t balk at my price tomorrow and doing a FaceTime with this hot sugars daddy who’s coming in from New Zealand in a few weeks,BEFORE,2025-08-06,23:52:02,Henry Woods,such a good little girl ❤️
2025-08-06,Cady,Meeting with a farmer sugar daddy who didn’t balk at my price tomorrow and doing a FaceTime with this hot sugars daddy who’s coming in from New Zealand in a few weeks,TARGET,2025-08-06,23:52:04,Cady,Meeting with a farmer sugar daddy who didn’t balk at my price tomorrow and doing a FaceTime with this hot sugars daddy who’s coming in from New Zealand in a few weeks
2025-08-06,Cady,Meeting with a farmer sugar daddy who didn’t balk at my price tomorrow and doing a FaceTime with this hot sugars daddy who’s coming in from New Zealand in a few weeks,AFTER,2025-08-06,23:52:15,Henry Woods,ooh funn
2025-08-06,Cady,Meeting with a farmer sugar daddy who didn’t balk at my price tomorrow and doing a FaceTime with this hot sugars daddy who’s coming in from New Zealand in a few weeks,AFTER,2025-08-06,23:52:24,Cady,such a good little \~girl\~ whore ❤️
2025-08-06,Cady,Meeting with a farmer sugar daddy who didn’t balk at my price tomorrow and doing a FaceTime with this hot sugars daddy who’s coming in from New Zealand in a few weeks,AFTER,2025-08-06,23:53:18,Henry Woods,the bestestttt
2025-08-06,Cady,Meeting with a farmer sugar daddy who didn’t balk at my price tomorrow and doing a FaceTime with this hot sugars daddy who’s coming in from New Zealand in a few weeks,AFTER,2025-08-06,23:53:22,Henry Woods,unf I love you so much
2025-08-06,Cady,Meeting with a farmer sugar daddy who didn’t balk at my price tomorrow and doing a FaceTime with this hot sugars daddy who’s coming in from New Zealand in a few weeks,AFTER,2025-08-06,23:53:35,Cady,Unf I love you so much
2025-08-06,Cady,Meeting with a farmer sugar daddy who didn’t balk at my price tomorrow and doing a FaceTime with this hot sugars daddy who’s coming in from New Zealand in a few weeks,AFTER,2025-08-06,23:53:41,Cady,I love you love when I’m whoring
2025-08-06,Cady,Meeting with a farmer sugar daddy who didn’t balk at my price tomorrow and doing a FaceTime with this hot sugars daddy who’s coming in from New Zealand in a few weeks,AFTER,2025-08-06,23:54:25,Henry Woods,I doooo
2025-08-06,Cady,Meeting with a farmer sugar daddy who didn’t balk at my price tomorrow and doing a FaceTime with this hot sugars daddy who’s coming in from New Zealand in a few weeks,AFTER,2025-08-06,23:54:27,Cady,Cause it still makes me freeze up a little
2025-08-06,Cady,Meeting with a farmer sugar daddy who didn’t balk at my price tomorrow and doing a FaceTime with this hot sugars daddy who’s coming in from New Zealand in a few weeks,AFTER,2025-08-06,23:54:36,Cady,To like just share it all with you
2025-08-06,Cady,Meeting with a farmer sugar daddy who didn’t balk at my price tomorrow and doing a FaceTime with this hot sugars daddy who’s coming in from New Zealand in a few weeks,AFTER,2025-08-06,23:54:42,Cady,In case it makes you love me less
2025-08-07,Cady,I’m contemplating cancelling this sugar daddy lunch. I’m just not attracted at all,BEFORE,2025-08-07,11:58:38,Cady,You forget about me? ð
2025-08-07,Cady,I’m contemplating cancelling this sugar daddy lunch. I’m just not attracted at all,BEFORE,2025-08-07,11:59:08,Cady,Talking to ola about her visit
2025-08-07,Cady,I’m contemplating cancelling this sugar daddy lunch. I’m just not attracted at all,BEFORE,2025-08-07,12:36:15,Henry Woods,Never my darling ❤️
2025-08-07,Cady,I’m contemplating cancelling this sugar daddy lunch. I’m just not attracted at all,BEFORE,2025-08-07,12:36:21,Henry Woods,No signal on the drive over
2025-08-07,Cady,I’m contemplating cancelling this sugar daddy lunch. I’m just not attracted at all,BEFORE,2025-08-07,12:36:29,Cady,Hahaha
2025-08-07,Cady,I’m contemplating cancelling this sugar daddy lunch. I’m just not attracted at all,BEFORE,2025-08-07,12:36:31,Cady,Yay :)
2025-08-07,Cady,I’m contemplating cancelling this sugar daddy lunch. I’m just not attracted at all,BEFORE,2025-08-07,12:36:43,Henry Woods,I can do a call now?
2025-08-07,Cady,I’m contemplating cancelling this sugar daddy lunch. I’m just not attracted at all,BEFORE,2025-08-07,12:36:51,Cady,Sure
2025-08-07,Cady,I’m contemplating cancelling this sugar daddy lunch. I’m just not attracted at all,BEFORE,2025-08-07,12:36:56,Cady,About to get stoned with kit
2025-08-07,Cady,I’m contemplating cancelling this sugar daddy lunch. I’m just not attracted at all,BEFORE,2025-08-07,12:37:10,Henry Woods,Have nothing to do but wait for little prince to wake up and finish his morning tantrum
2025-08-07,Cady,I’m contemplating cancelling this sugar daddy lunch. I’m just not attracted at all,TARGET,2025-08-07,12:37:14,Cady,I’m contemplating cancelling this sugar daddy lunch. I’m just not attracted at all
2025-08-07,Cady,I’m contemplating cancelling this sugar daddy lunch. I’m just not attracted at all,AFTER,2025-08-07,12:37:17,Cady,Omg
2025-08-07,Cady,I’m contemplating cancelling this sugar daddy lunch. I’m just not attracted at all,AFTER,2025-08-07,12:37:31,Henry Woods,ð¤£
2025-08-07,Cady,I’m contemplating cancelling this sugar daddy lunch. I’m just not attracted at all,AFTER,2025-08-07,12:37:36,Cady,Eurgh
2025-08-07,Cady,I’m contemplating cancelling this sugar daddy lunch. I’m just not attracted at all,AFTER,2025-08-07,12:38:42,Henry Woods,Just sitting at reception at the mo
2025-08-07,Cady,I’m contemplating cancelling this sugar daddy lunch. I’m just not attracted at all,AFTER,2025-08-07,12:38:47,Henry Woods,People watching
2025-08-07,Cady,I’m contemplating cancelling this sugar daddy lunch. I’m just not attracted at all,AFTER,2025-08-07,12:39:02,Henry Woods,It’s quite fun
2025-08-07,Cady,I’m contemplating cancelling this sugar daddy lunch. I’m just not attracted at all,AFTER,2025-08-07,12:39:30,Cady,"Video call, 12 min"
2025-08-07,Cady,I’m contemplating cancelling this sugar daddy lunch. I’m just not attracted at all,AFTER,2025-08-07,12:40:58,Henry Woods,Mostly just looking at all the fake titty dollybirds on the arms of ugly men thinking how easy we’d have it
2025-08-07,Cady,I’m contemplating cancelling this sugar daddy lunch. I’m just not attracted at all,AFTER,2025-08-07,12:51:41,Cady,Hahahahaha\!\!
2025-08-07,Cady,I’m contemplating cancelling this sugar daddy lunch. I’m just not attracted at all,AFTER,2025-08-07,12:52:12,Henry Woods,Hope she couldn’t hear me ð
2025-08-07,Henry Woods,Mostly just looking at all the fake titty dollybirds on the arms of ugly men thinking how easy we’d have it,BEFORE,2025-08-07,12:36:56,Cady,About to get stoned with kit
2025-08-07,Henry Woods,Mostly just looking at all the fake titty dollybirds on the arms of ugly men thinking how easy we’d have it,BEFORE,2025-08-07,12:37:10,Henry Woods,Have nothing to do but wait for little prince to wake up and finish his morning tantrum
2025-08-07,Henry Woods,Mostly just looking at all the fake titty dollybirds on the arms of ugly men thinking how easy we’d have it,BEFORE,2025-08-07,12:37:14,Cady,I’m contemplating cancelling this sugar daddy lunch. I’m just not attracted at all
2025-08-07,Henry Woods,Mostly just looking at all the fake titty dollybirds on the arms of ugly men thinking how easy we’d have it,BEFORE,2025-08-07,12:37:17,Cady,Omg
2025-08-07,Henry Woods,Mostly just looking at all the fake titty dollybirds on the arms of ugly men thinking how easy we’d have it,BEFORE,2025-08-07,12:37:31,Henry Woods,ð¤£
2025-08-07,Henry Woods,Mostly just looking at all the fake titty dollybirds on the arms of ugly men thinking how easy we’d have it,BEFORE,2025-08-07,12:37:36,Cady,Eurgh
2025-08-07,Henry Woods,Mostly just looking at all the fake titty dollybirds on the arms of ugly men thinking how easy we’d have it,BEFORE,2025-08-07,12:38:42,Henry Woods,Just sitting at reception at the mo
2025-08-07,Henry Woods,Mostly just looking at all the fake titty dollybirds on the arms of ugly men thinking how easy we’d have it,BEFORE,2025-08-07,12:38:47,Henry Woods,People watching
2025-08-07,Henry Woods,Mostly just looking at all the fake titty dollybirds on the arms of ugly men thinking how easy we’d have it,BEFORE,2025-08-07,12:39:02,Henry Woods,It’s quite fun
2025-08-07,Henry Woods,Mostly just looking at all the fake titty dollybirds on the arms of ugly men thinking how easy we’d have it,BEFORE,2025-08-07,12:39:30,Cady,"Video call, 12 min"
2025-08-07,Henry Woods,Mostly just looking at all the fake titty dollybirds on the arms of ugly men thinking how easy we’d have it,TARGET,2025-08-07,12:40:58,Henry Woods,Mostly just looking at all the fake titty dollybirds on the arms of ugly men thinking how easy we’d have it
2025-08-07,Henry Woods,Mostly just looking at all the fake titty dollybirds on the arms of ugly men thinking how easy we’d have it,AFTER,2025-08-07,12:51:41,Cady,Hahahahaha\!\!
2025-08-07,Henry Woods,Mostly just looking at all the fake titty dollybirds on the arms of ugly men thinking how easy we’d have it,AFTER,2025-08-07,12:52:12,Henry Woods,Hope she couldn’t hear me ð
2025-08-07,Henry Woods,Mostly just looking at all the fake titty dollybirds on the arms of ugly men thinking how easy we’d have it,AFTER,2025-08-07,12:52:31,Cady,Lololol
2025-08-07,Henry Woods,Mostly just looking at all the fake titty dollybirds on the arms of ugly men thinking how easy we’d have it,AFTER,2025-08-07,15:23:13,Cady,Ugh
2025-08-07,Henry Woods,Mostly just looking at all the fake titty dollybirds on the arms of ugly men thinking how easy we’d have it,AFTER,2025-08-07,15:23:18,Cady,I miss you so much it hurts
2025-08-07,Henry Woods,Mostly just looking at all the fake titty dollybirds on the arms of ugly men thinking how easy we’d have it,AFTER,2025-08-07,15:29:00,Henry Woods,Me too baba
2025-08-07,Henry Woods,Mostly just looking at all the fake titty dollybirds on the arms of ugly men thinking how easy we’d have it,AFTER,2025-08-07,15:29:13,Cady,wah wah wahhhh
2025-08-07,Henry Woods,Mostly just looking at all the fake titty dollybirds on the arms of ugly men thinking how easy we’d have it,AFTER,2025-08-07,15:29:18,Cady,i just crave you so much
2025-08-07,Henry Woods,Mostly just looking at all the fake titty dollybirds on the arms of ugly men thinking how easy we’d have it,AFTER,2025-08-07,15:29:36,Henry Woods,Being on this yacht helps somewhat though:
2025-08-07,Henry Woods,Mostly just looking at all the fake titty dollybirds on the arms of ugly men thinking how easy we’d have it,AFTER,2025-08-13,14:33:31,Cady,Galway
2025-08-15,Cady,What do you think about this as like a brainstorm to pull ideas from for making content,BEFORE,2025-08-15,13:25:29,Cady,"Voice call, 38 sec"
2025-08-15,Cady,What do you think about this as like a brainstorm to pull ideas from for making content,BEFORE,2025-08-15,14:16:23,Cady,Nail place is closed ð­
2025-08-15,Cady,What do you think about this as like a brainstorm to pull ideas from for making content,BEFORE,2025-08-15,14:16:31,Cady,Could you call them and see if they’re gonna be open again?
2025-08-15,Cady,What do you think about this as like a brainstorm to pull ideas from for making content,BEFORE,2025-08-15,14:16:55,Cady,+44 1865 580505
2025-08-15,Cady,What do you think about this as like a brainstorm to pull ideas from for making content,BEFORE,2025-08-15,14:16:57,Cady,"Voice call, 52 sec"
2025-08-15,Cady,What do you think about this as like a brainstorm to pull ideas from for making content,BEFORE,2025-08-15,14:19:28,Henry Woods,Google says it’s closed on Fridays
2025-08-15,Cady,What do you think about this as like a brainstorm to pull ideas from for making content,BEFORE,2025-08-15,14:19:32,Henry Woods,Open again Saturday
2025-08-15,Cady,What do you think about this as like a brainstorm to pull ideas from for making content,BEFORE,2025-08-15,14:20:01,Cady,"Okay, thanks so much. I’ll go tomorrow."
2025-08-15,Cady,What do you think about this as like a brainstorm to pull ideas from for making content,BEFORE,2025-08-15,14:20:16,Cady,A bee just followed me from meters and meters omg
2025-08-15,Cady,What do you think about this as like a brainstorm to pull ideas from for making content,BEFORE,2025-08-15,14:29:53,Cady,"Voice call, 29 sec"
2025-08-15,Cady,What do you think about this as like a brainstorm to pull ideas from for making content,TARGET,2025-08-15,15:17:37,Cady,What do you think about this as like a brainstorm to pull ideas from for making content
2025-08-15,Cady,What do you think about this as like a brainstorm to pull ideas from for making content,AFTER,2025-08-15,15:18:11,Cady,Candy Sins Escalation Launch Plan
2025-08-15,Cady,What do you think about this as like a brainstorm to pull ideas from for making content,AFTER,2025-08-17,13:44:43,Cady,"Voice call, 18 sec"
2025-08-15,Cady,What do you think about this as like a brainstorm to pull ideas from for making content,AFTER,2025-08-18,07:16:18,Cady,"Voice call, No answer"
2025-08-15,Cady,What do you think about this as like a brainstorm to pull ideas from for making content,AFTER,2025-08-18,07:16:48,Henry Woods,"Voice call, 4 sec"
2025-08-15,Cady,What do you think about this as like a brainstorm to pull ideas from for making content,AFTER,2025-08-18,18:40:02,Cady,"Voice call, No answer"
2025-08-15,Cady,What do you think about this as like a brainstorm to pull ideas from for making content,AFTER,2025-08-18,18:51:23,Henry Woods,"Voice call, 20 sec"
2025-08-15,Cady,What do you think about this as like a brainstorm to pull ideas from for making content,AFTER,2025-08-18,18:52:02,Cady,What’s up
2025-08-15,Cady,What do you think about this as like a brainstorm to pull ideas from for making content,AFTER,2025-08-19,22:40:02,Cady,"Voice call, 21 sec"
2025-08-15,Cady,What do you think about this as like a brainstorm to pull ideas from for making content,AFTER,2025-08-20,12:08:06,Cady,https://www.habitat.co.uk/product/7299010?clickCSR=slp:cannedSearch\&fbclid=PAQ0xDSwMSi6pleHRuA2FlbQIxMQABp40WEVsi\_YT3EnWC7S2Jzft9c34vptVPG83Xlr0VqmY9otyDWKBURXhal4oW\_aem\_TcfmJ\_PnjdUqxtKyy60XLA
2025-08-15,Cady,What do you think about this as like a brainstorm to pull ideas from for making content,AFTER,2025-08-20,12:21:45,Cady,https://voutsa.com/products/lips-on-white-wallpaper?fbclid=PAQ0xDSwMSjxZleHRuA2FlbQIxMQABp94L12xrs8v2LF4eLwUEpWrBk9-ewvkEB396CvSwT0BZ95z9FotNZtiGph7E\_aem\_33cWq5loYI4AlJQLU9trbA
2025-09-14,Cady,https://www.glamira.co.uk/men's-ring-mystic-unity-5-mm.html?accent=black\&alloy=yellow-585\&profile=prA\&thickness=tn\_1.6,BEFORE,2025-08-25,18:14:00,Henry Woods,"Missed voice call, Tap to call back"
2025-09-14,Cady,https://www.glamira.co.uk/men's-ring-mystic-unity-5-mm.html?accent=black\&alloy=yellow-585\&profile=prA\&thickness=tn\_1.6,BEFORE,2025-08-25,23:06:17,Cady,"Voice call, 23 sec"
2025-09-14,Cady,https://www.glamira.co.uk/men's-ring-mystic-unity-5-mm.html?accent=black\&alloy=yellow-585\&profile=prA\&thickness=tn\_1.6,BEFORE,2025-08-26,18:56:27,Cady,Helloooo
2025-09-14,Cady,https://www.glamira.co.uk/men's-ring-mystic-unity-5-mm.html?accent=black\&alloy=yellow-585\&profile=prA\&thickness=tn\_1.6,BEFORE,2025-08-26,18:57:30,Cady,"Voice call, 31 sec"
2025-09-14,Cady,https://www.glamira.co.uk/men's-ring-mystic-unity-5-mm.html?accent=black\&alloy=yellow-585\&profile=prA\&thickness=tn\_1.6,BEFORE,2025-08-27,13:59:58,Henry Woods,These two amalgamated:
2025-09-14,Cady,https://www.glamira.co.uk/men's-ring-mystic-unity-5-mm.html?accent=black\&alloy=yellow-585\&profile=prA\&thickness=tn\_1.6,BEFORE,2025-09-13,15:28:41,Cady,Or from Cady (\&Henry) :
2025-09-14,Cady,https://www.glamira.co.uk/men's-ring-mystic-unity-5-mm.html?accent=black\&alloy=yellow-585\&profile=prA\&thickness=tn\_1.6,BEFORE,2025-09-13,15:29:07,Cady,"Dear beloved deviants,"
2025-09-14,Cady,https://www.glamira.co.uk/men's-ring-mystic-unity-5-mm.html?accent=black\&alloy=yellow-585\&profile=prA\&thickness=tn\_1.6,BEFORE,2025-09-13,18:52:42,Cady,https://www.instagram.com/reel/DOBBv4mCP3b/?igsh=MTZ5eDI0N2hsbnN5
2025-09-14,Cady,https://www.glamira.co.uk/men's-ring-mystic-unity-5-mm.html?accent=black\&alloy=yellow-585\&profile=prA\&thickness=tn\_1.6,BEFORE,2025-09-13,23:02:19,Cady,"Join my leaderboard in The New York Times Games app. We’ll be able to follow each other’s daily scores, ranks and solve times for multiple games. https://www.nytimes.com/crosswords/apps?code=ed94f0e7-2501-4992-b5d8-2c798e220a93"
2025-09-14,Cady,https://www.glamira.co.uk/men's-ring-mystic-unity-5-mm.html?accent=black\&alloy=yellow-585\&profile=prA\&thickness=tn\_1.6,BEFORE,2025-09-14,15:07:47,Henry Woods,"Missed voice call, Tap to call back"
2025-09-14,Cady,https://www.glamira.co.uk/men's-ring-mystic-unity-5-mm.html?accent=black\&alloy=yellow-585\&profile=prA\&thickness=tn\_1.6,TARGET,2025-09-14,18:45:41,Cady,https://www.glamira.co.uk/men's-ring-mystic-unity-5-mm.html?accent=black\&alloy=yellow-585\&profile=prA\&thickness=tn\_1.6
2025-09-14,Cady,https://www.glamira.co.uk/men's-ring-mystic-unity-5-mm.html?accent=black\&alloy=yellow-585\&profile=prA\&thickness=tn\_1.6,AFTER,2025-09-14,18:47:54,Cady,https://www.glamira.co.uk/men's-ring-mystic-unity-5-mm.html?accent=black\&alloy=yellow-585\&profile=prA\&thickness=tn\_1.6
2025-09-14,Cady,https://www.glamira.co.uk/men's-ring-mystic-unity-5-mm.html?accent=black\&alloy=yellow-585\&profile=prA\&thickness=tn\_1.6,AFTER,2025-09-14,18:51:13,Cady,Shooting for that is October. Pick a new one or you’re getting argos boy band jewellery
2025-09-14,Cady,https://www.glamira.co.uk/men's-ring-mystic-unity-5-mm.html?accent=black\&alloy=yellow-585\&profile=prA\&thickness=tn\_1.6,AFTER,2025-09-14,18:54:12,Cady,"Voice call, 16 sec"
2025-09-14,Cady,https://www.glamira.co.uk/men's-ring-mystic-unity-5-mm.html?accent=black\&alloy=yellow-585\&profile=prA\&thickness=tn\_1.6,AFTER,2025-09-15,10:07:40,Cady,Rewley Guestbook: In Good Hands
2025-09-14,Cady,https://www.glamira.co.uk/men's-ring-mystic-unity-5-mm.html?accent=black\&alloy=yellow-585\&profile=prA\&thickness=tn\_1.6,AFTER,2025-09-15,10:08:51,Cady,By Hand at Rewley Road
2025-09-14,Cady,https://www.glamira.co.uk/men's-ring-mystic-unity-5-mm.html?accent=black\&alloy=yellow-585\&profile=prA\&thickness=tn\_1.6,AFTER,2025-09-15,16:10:46,Cady,i need to go buy more supplies
2025-09-14,Cady,https://www.glamira.co.uk/men's-ring-mystic-unity-5-mm.html?accent=black\&alloy=yellow-585\&profile=prA\&thickness=tn\_1.6,AFTER,2025-09-15,16:10:50,Cady,can i use barclays
2025-09-14,Cady,https://www.glamira.co.uk/men's-ring-mystic-unity-5-mm.html?accent=black\&alloy=yellow-585\&profile=prA\&thickness=tn\_1.6,AFTER,2025-09-15,17:16:20,Henry Woods,https://maps.app.goo.gl/MfAy8Sb4Wc26yJHn6
2025-09-14,Cady,https://www.glamira.co.uk/men's-ring-mystic-unity-5-mm.html?accent=black\&alloy=yellow-585\&profile=prA\&thickness=tn\_1.6,AFTER,2025-09-15,18:07:50,Henry Woods,:(
2025-09-14,Cady,https://www.glamira.co.uk/men's-ring-mystic-unity-5-mm.html?accent=black\&alloy=yellow-585\&profile=prA\&thickness=tn\_1.6,AFTER,2025-09-15,18:07:53,Henry Woods,Sorry baby
2025-09-14,Cady,https://www.glamira.co.uk/men's-ring-mystic-unity-5-mm.html?accent=black\&alloy=yellow-585\&profile=prA\&thickness=tn\_1.6,BEFORE,2025-08-25,23:06:17,Cady,"Voice call, 23 sec"
2025-09-14,Cady,https://www.glamira.co.uk/men's-ring-mystic-unity-5-mm.html?accent=black\&alloy=yellow-585\&profile=prA\&thickness=tn\_1.6,BEFORE,2025-08-26,18:56:27,Cady,Helloooo
2025-09-14,Cady,https://www.glamira.co.uk/men's-ring-mystic-unity-5-mm.html?accent=black\&alloy=yellow-585\&profile=prA\&thickness=tn\_1.6,BEFORE,2025-08-26,18:57:30,Cady,"Voice call, 31 sec"
2025-09-14,Cady,https://www.glamira.co.uk/men's-ring-mystic-unity-5-mm.html?accent=black\&alloy=yellow-585\&profile=prA\&thickness=tn\_1.6,BEFORE,2025-08-27,13:59:58,Henry Woods,These two amalgamated:
2025-09-14,Cady,https://www.glamira.co.uk/men's-ring-mystic-unity-5-mm.html?accent=black\&alloy=yellow-585\&profile=prA\&thickness=tn\_1.6,BEFORE,2025-09-13,15:28:41,Cady,Or from Cady (\&Henry) :
2025-09-14,Cady,https://www.glamira.co.uk/men's-ring-mystic-unity-5-mm.html?accent=black\&alloy=yellow-585\&profile=prA\&thickness=tn\_1.6,BEFORE,2025-09-13,15:29:07,Cady,"Dear beloved deviants,"
2025-09-14,Cady,https://www.glamira.co.uk/men's-ring-mystic-unity-5-mm.html?accent=black\&alloy=yellow-585\&profile=prA\&thickness=tn\_1.6,BEFORE,2025-09-13,18:52:42,Cady,https://www.instagram.com/reel/DOBBv4mCP3b/?igsh=MTZ5eDI0N2hsbnN5
2025-09-14,Cady,https://www.glamira.co.uk/men's-ring-mystic-unity-5-mm.html?accent=black\&alloy=yellow-585\&profile=prA\&thickness=tn\_1.6,BEFORE,2025-09-13,23:02:19,Cady,"Join my leaderboard in The New York Times Games app. We’ll be able to follow each other’s daily scores, ranks and solve times for multiple games. https://www.nytimes.com/crosswords/apps?code=ed94f0e7-2501-4992-b5d8-2c798e220a93"
2025-09-14,Cady,https://www.glamira.co.uk/men's-ring-mystic-unity-5-mm.html?accent=black\&alloy=yellow-585\&profile=prA\&thickness=tn\_1.6,BEFORE,2025-09-14,15:07:47,Henry Woods,"Missed voice call, Tap to call back"
2025-09-14,Cady,https://www.glamira.co.uk/men's-ring-mystic-unity-5-mm.html?accent=black\&alloy=yellow-585\&profile=prA\&thickness=tn\_1.6,BEFORE,2025-09-14,18:45:41,Cady,https://www.glamira.co.uk/men's-ring-mystic-unity-5-mm.html?accent=black\&alloy=yellow-585\&profile=prA\&thickness=tn\_1.6
2025-09-14,Cady,https://www.glamira.co.uk/men's-ring-mystic-unity-5-mm.html?accent=black\&alloy=yellow-585\&profile=prA\&thickness=tn\_1.6,TARGET,2025-09-14,18:47:54,Cady,https://www.glamira.co.uk/men's-ring-mystic-unity-5-mm.html?accent=black\&alloy=yellow-585\&profile=prA\&thickness=tn\_1.6
2025-09-14,Cady,https://www.glamira.co.uk/men's-ring-mystic-unity-5-mm.html?accent=black\&alloy=yellow-585\&profile=prA\&thickness=tn\_1.6,AFTER,2025-09-14,18:51:13,Cady,Shooting for that is October. Pick a new one or you’re getting argos boy band jewellery
2025-09-14,Cady,https://www.glamira.co.uk/men's-ring-mystic-unity-5-mm.html?accent=black\&alloy=yellow-585\&profile=prA\&thickness=tn\_1.6,AFTER,2025-09-14,18:54:12,Cady,"Voice call, 16 sec"
2025-09-14,Cady,https://www.glamira.co.uk/men's-ring-mystic-unity-5-mm.html?accent=black\&alloy=yellow-585\&profile=prA\&thickness=tn\_1.6,AFTER,2025-09-15,10:07:40,Cady,Rewley Guestbook: In Good Hands
2025-09-14,Cady,https://www.glamira.co.uk/men's-ring-mystic-unity-5-mm.html?accent=black\&alloy=yellow-585\&profile=prA\&thickness=tn\_1.6,AFTER,2025-09-15,10:08:51,Cady,By Hand at Rewley Road
2025-09-14,Cady,https://www.glamira.co.uk/men's-ring-mystic-unity-5-mm.html?accent=black\&alloy=yellow-585\&profile=prA\&thickness=tn\_1.6,AFTER,2025-09-15,16:10:46,Cady,i need to go buy more supplies
2025-09-14,Cady,https://www.glamira.co.uk/men's-ring-mystic-unity-5-mm.html?accent=black\&alloy=yellow-585\&profile=prA\&thickness=tn\_1.6,AFTER,2025-09-15,16:10:50,Cady,can i use barclays
2025-09-14,Cady,https://www.glamira.co.uk/men's-ring-mystic-unity-5-mm.html?accent=black\&alloy=yellow-585\&profile=prA\&thickness=tn\_1.6,AFTER,2025-09-15,17:16:20,Henry Woods,https://maps.app.goo.gl/MfAy8Sb4Wc26yJHn6
2025-09-14,Cady,https://www.glamira.co.uk/men's-ring-mystic-unity-5-mm.html?accent=black\&alloy=yellow-585\&profile=prA\&thickness=tn\_1.6,AFTER,2025-09-15,18:07:50,Henry Woods,:(
2025-09-14,Cady,https://www.glamira.co.uk/men's-ring-mystic-unity-5-mm.html?accent=black\&alloy=yellow-585\&profile=prA\&thickness=tn\_1.6,AFTER,2025-09-15,18:07:53,Henry Woods,Sorry baby
2025-09-14,Cady,https://www.glamira.co.uk/men's-ring-mystic-unity-5-mm.html?accent=black\&alloy=yellow-585\&profile=prA\&thickness=tn\_1.6,AFTER,2025-09-15,18:08:03,Henry Woods,That’s shit of her to cancel so late
2025-09-30,Cady,Halloween Night - Inferno Thematic https://www.eventbrite.com/e/entradas-halloween-night-inferno-thematic-1739871034099?utm-campaign=social\&utm-content=attendeeshare\&utm-medium=discovery\&utm-term=l,BEFORE,2025-09-29,10:32:14,Cady,https://yourmantelpiece.com/products/the-vase
2025-09-30,Cady,Halloween Night - Inferno Thematic https://www.eventbrite.com/e/entradas-halloween-night-inferno-thematic-1739871034099?utm-campaign=social\&utm-content=attendeeshare\&utm-medium=discovery\&utm-term=l,BEFORE,2025-09-29,10:33:48,Cady,https://shopcannastyle.com/products/disco-ball-bong
2025-09-30,Cady,Halloween Night - Inferno Thematic https://www.eventbrite.com/e/entradas-halloween-night-inferno-thematic-1739871034099?utm-campaign=social\&utm-content=attendeeshare\&utm-medium=discovery\&utm-term=l,BEFORE,2025-09-29,10:59:31,Cady,https://mybudvase.com/collections/signatures
2025-09-30,Cady,Halloween Night - Inferno Thematic https://www.eventbrite.com/e/entradas-halloween-night-inferno-thematic-1739871034099?utm-campaign=social\&utm-content=attendeeshare\&utm-medium=discovery\&utm-term=l,BEFORE,2025-09-30,08:46:25,Cady,Bladder products I need
2025-09-30,Cady,Halloween Night - Inferno Thematic https://www.eventbrite.com/e/entradas-halloween-night-inferno-thematic-1739871034099?utm-campaign=social\&utm-content=attendeeshare\&utm-medium=discovery\&utm-term=l,BEFORE,2025-09-30,08:46:28,Cady,cystitis relief sachets (alkalising powders)
2025-09-30,Cady,Halloween Night - Inferno Thematic https://www.eventbrite.com/e/entradas-halloween-night-inferno-thematic-1739871034099?utm-campaign=social\&utm-content=attendeeshare\&utm-medium=discovery\&utm-term=l,BEFORE,2025-09-30,08:50:10,Cady,Feels like a bad uti but I think it’s just overstimulation of my clit and pelvic nerves
2025-09-30,Cady,Halloween Night - Inferno Thematic https://www.eventbrite.com/e/entradas-halloween-night-inferno-thematic-1739871034099?utm-campaign=social\&utm-content=attendeeshare\&utm-medium=discovery\&utm-term=l,BEFORE,2025-09-30,11:44:36,Cady,https://tabs.ultimate-guitar.com/tab/shania-twain/whose-bed-have-your-boots-been-under-chords-1472626
2025-09-30,Cady,Halloween Night - Inferno Thematic https://www.eventbrite.com/e/entradas-halloween-night-inferno-thematic-1739871034099?utm-campaign=social\&utm-content=attendeeshare\&utm-medium=discovery\&utm-term=l,BEFORE,2025-09-30,12:40:47,Cady,donde estas ❤️
2025-09-30,Cady,Halloween Night - Inferno Thematic https://www.eventbrite.com/e/entradas-halloween-night-inferno-thematic-1739871034099?utm-campaign=social\&utm-content=attendeeshare\&utm-medium=discovery\&utm-term=l,BEFORE,2025-09-30,14:18:17,Cady,https://open.spotify.com/track/7tZSQgFyzWAAtsb7OUUDbn?si=8yIgEXBJQoSG1LLWOTz2ag\&context=spotify%3Aplaylist%3A37i9dQZF1EP6YuccBxUcC1
2025-09-30,Cady,Halloween Night - Inferno Thematic https://www.eventbrite.com/e/entradas-halloween-night-inferno-thematic-1739871034099?utm-campaign=social\&utm-content=attendeeshare\&utm-medium=discovery\&utm-term=l,BEFORE,2025-09-30,14:18:24,Cady,Let’s do a little dance to this
2025-09-30,Cady,Halloween Night - Inferno Thematic https://www.eventbrite.com/e/entradas-halloween-night-inferno-thematic-1739871034099?utm-campaign=social\&utm-content=attendeeshare\&utm-medium=discovery\&utm-term=l,TARGET,2025-09-30,15:28:42,Cady,Halloween Night - Inferno Thematic https://www.eventbrite.com/e/entradas-halloween-night-inferno-thematic-1739871034099?utm-campaign=social\&utm-content=attendeeshare\&utm-medium=discovery\&utm-term=listing\&utm-source=wsa\&aff=ebdsshwebmobile
2025-09-30,Cady,Halloween Night - Inferno Thematic https://www.eventbrite.com/e/entradas-halloween-night-inferno-thematic-1739871034099?utm-campaign=social\&utm-content=attendeeshare\&utm-medium=discovery\&utm-term=l,AFTER,2025-09-30,20:49:59,Cady,"Voice call, 11 sec"
2025-09-30,Cady,Halloween Night - Inferno Thematic https://www.eventbrite.com/e/entradas-halloween-night-inferno-thematic-1739871034099?utm-campaign=social\&utm-content=attendeeshare\&utm-medium=discovery\&utm-term=l,AFTER,2025-09-30,20:50:27,Cady,Accessibility barhroom
2025-09-30,Cady,Halloween Night - Inferno Thematic https://www.eventbrite.com/e/entradas-halloween-night-inferno-thematic-1739871034099?utm-campaign=social\&utm-content=attendeeshare\&utm-medium=discovery\&utm-term=l,AFTER,2025-09-30,20:50:32,Cady,First room you come in
2025-09-30,Cady,Halloween Night - Inferno Thematic https://www.eventbrite.com/e/entradas-halloween-night-inferno-thematic-1739871034099?utm-campaign=social\&utm-content=attendeeshare\&utm-medium=discovery\&utm-term=l,AFTER,2025-09-30,20:50:36,Cady,"Voice call, 17 sec"
2025-09-30,Cady,Halloween Night - Inferno Thematic https://www.eventbrite.com/e/entradas-halloween-night-inferno-thematic-1739871034099?utm-campaign=social\&utm-content=attendeeshare\&utm-medium=discovery\&utm-term=l,AFTER,2025-10-01,11:30:12,Cady,Slut Necklace
2025-09-30,Cady,Halloween Night - Inferno Thematic https://www.eventbrite.com/e/entradas-halloween-night-inferno-thematic-1739871034099?utm-campaign=social\&utm-content=attendeeshare\&utm-medium=discovery\&utm-term=l,AFTER,2025-10-01,11:30:28,Cady,CumSlut Necklace
2025-09-30,Cady,Halloween Night - Inferno Thematic https://www.eventbrite.com/e/entradas-halloween-night-inferno-thematic-1739871034099?utm-campaign=social\&utm-content=attendeeshare\&utm-medium=discovery\&utm-term=l,AFTER,2025-10-01,11:56:00,Cady,"This project organizes the daily and weekly life of the Woods household. Focus on plug-and-play schedules that prioritize joy, creativity, intimacy, household care, and fulfilling work. Tasks should balance Cady’s pursuits (art, writing, sex work/sugar dating business, yoga, learning) with Henry’s pursuits (tutoring sessions, client outreach, reading, growth). Include recurring household care rituals (tidy, meals, laundry), shared couple rituals (date nights, walks, intimacy), and personal growth blocks (learning, reading, yoga). Tasks should be flexible and auto-reschedule if interrupted by Henry’s client sessions. The ultimate goal: a household calendar that makes life full, happy, and aligned with our values."
2025-09-30,Cady,Halloween Night - Inferno Thematic https://www.eventbrite.com/e/entradas-halloween-night-inferno-thematic-1739871034099?utm-campaign=social\&utm-content=attendeeshare\&utm-medium=discovery\&utm-term=l,AFTER,2025-10-01,12:00:10,Cady,"This project manages the Woods household daily life and rituals. Create recurring tasks for simple, repeatable things: household care (tidy, laundry, meals, reset), couple rituals (date night, intimacy, walks), and small DIY/home projects. Keep tasks practical and direct, so I can choose from them each day without planning stages. Example tasks: 20-min tidy, cook dinner together, weekly laundry, intimacy block, canal walk, DIY shelf or paint project.”"
2025-09-30,Cady,Halloween Night - Inferno Thematic https://www.eventbrite.com/e/entradas-halloween-night-inferno-thematic-1739871034099?utm-campaign=social\&utm-content=attendeeshare\&utm-medium=discovery\&utm-term=l,AFTER,2025-10-01,12:13:22,Cady,Perfect — let’s nail these down into Motion-ready project prompts.
2025-09-30,Cady,Halloween Night - Inferno Thematic https://www.eventbrite.com/e/entradas-halloween-night-inferno-thematic-1739871034099?utm-campaign=social\&utm-content=attendeeshare\&utm-medium=discovery\&utm-term=l,AFTER,2025-10-01,20:31:03,Cady,Order dinner xxx
2025-10-01,Cady,"This project organizes the daily and weekly life of the Woods household. Focus on plug-and-play schedules that prioritize joy, creativity, intimacy, household care, and fulfilling work. Tasks should b",BEFORE,2025-09-30,12:40:47,Cady,donde estas ❤️
2025-10-01,Cady,"This project organizes the daily and weekly life of the Woods household. Focus on plug-and-play schedules that prioritize joy, creativity, intimacy, household care, and fulfilling work. Tasks should b",BEFORE,2025-09-30,14:18:17,Cady,https://open.spotify.com/track/7tZSQgFyzWAAtsb7OUUDbn?si=8yIgEXBJQoSG1LLWOTz2ag\&context=spotify%3Aplaylist%3A37i9dQZF1EP6YuccBxUcC1
2025-10-01,Cady,"This project organizes the daily and weekly life of the Woods household. Focus on plug-and-play schedules that prioritize joy, creativity, intimacy, household care, and fulfilling work. Tasks should b",BEFORE,2025-09-30,14:18:24,Cady,Let’s do a little dance to this
2025-10-01,Cady,"This project organizes the daily and weekly life of the Woods household. Focus on plug-and-play schedules that prioritize joy, creativity, intimacy, household care, and fulfilling work. Tasks should b",BEFORE,2025-09-30,15:28:42,Cady,Halloween Night - Inferno Thematic https://www.eventbrite.com/e/entradas-halloween-night-inferno-thematic-1739871034099?utm-campaign=social\&utm-content=attendeeshare\&utm-medium=discovery\&utm-term=listing\&utm-source=wsa\&aff=ebdsshwebmobile
2025-10-01,Cady,"This project organizes the daily and weekly life of the Woods household. Focus on plug-and-play schedules that prioritize joy, creativity, intimacy, household care, and fulfilling work. Tasks should b",BEFORE,2025-09-30,20:49:59,Cady,"Voice call, 11 sec"
2025-10-01,Cady,"This project organizes the daily and weekly life of the Woods household. Focus on plug-and-play schedules that prioritize joy, creativity, intimacy, household care, and fulfilling work. Tasks should b",BEFORE,2025-09-30,20:50:27,Cady,Accessibility barhroom
2025-10-01,Cady,"This project organizes the daily and weekly life of the Woods household. Focus on plug-and-play schedules that prioritize joy, creativity, intimacy, household care, and fulfilling work. Tasks should b",BEFORE,2025-09-30,20:50:32,Cady,First room you come in
2025-10-01,Cady,"This project organizes the daily and weekly life of the Woods household. Focus on plug-and-play schedules that prioritize joy, creativity, intimacy, household care, and fulfilling work. Tasks should b",BEFORE,2025-09-30,20:50:36,Cady,"Voice call, 17 sec"
2025-10-01,Cady,"This project organizes the daily and weekly life of the Woods household. Focus on plug-and-play schedules that prioritize joy, creativity, intimacy, household care, and fulfilling work. Tasks should b",BEFORE,2025-10-01,11:30:12,Cady,Slut Necklace
2025-10-01,Cady,"This project organizes the daily and weekly life of the Woods household. Focus on plug-and-play schedules that prioritize joy, creativity, intimacy, household care, and fulfilling work. Tasks should b",BEFORE,2025-10-01,11:30:28,Cady,CumSlut Necklace
2025-10-01,Cady,"This project organizes the daily and weekly life of the Woods household. Focus on plug-and-play schedules that prioritize joy, creativity, intimacy, household care, and fulfilling work. Tasks should b",TARGET,2025-10-01,11:56:00,Cady,"This project organizes the daily and weekly life of the Woods household. Focus on plug-and-play schedules that prioritize joy, creativity, intimacy, household care, and fulfilling work. Tasks should balance Cady’s pursuits (art, writing, sex work/sugar dating business, yoga, learning) with Henry’s pursuits (tutoring sessions, client outreach, reading, growth). Include recurring household care rituals (tidy, meals, laundry), shared couple rituals (date nights, walks, intimacy), and personal growth blocks (learning, reading, yoga). Tasks should be flexible and auto-reschedule if interrupted by Henry’s client sessions. The ultimate goal: a household calendar that makes life full, happy, and aligned with our values."
2025-10-01,Cady,"This project organizes the daily and weekly life of the Woods household. Focus on plug-and-play schedules that prioritize joy, creativity, intimacy, household care, and fulfilling work. Tasks should b",AFTER,2025-10-01,12:00:10,Cady,"This project manages the Woods household daily life and rituals. Create recurring tasks for simple, repeatable things: household care (tidy, laundry, meals, reset), couple rituals (date night, intimacy, walks), and small DIY/home projects. Keep tasks practical and direct, so I can choose from them each day without planning stages. Example tasks: 20-min tidy, cook dinner together, weekly laundry, intimacy block, canal walk, DIY shelf or paint project.”"
2025-10-01,Cady,"This project organizes the daily and weekly life of the Woods household. Focus on plug-and-play schedules that prioritize joy, creativity, intimacy, household care, and fulfilling work. Tasks should b",AFTER,2025-10-01,12:13:22,Cady,Perfect — let’s nail these down into Motion-ready project prompts.
2025-10-01,Cady,"This project organizes the daily and weekly life of the Woods household. Focus on plug-and-play schedules that prioritize joy, creativity, intimacy, household care, and fulfilling work. Tasks should b",AFTER,2025-10-01,20:31:03,Cady,Order dinner xxx
2025-10-01,Cady,"This project organizes the daily and weekly life of the Woods household. Focus on plug-and-play schedules that prioritize joy, creativity, intimacy, household care, and fulfilling work. Tasks should b",AFTER,2025-10-01,20:31:25,Henry Woods,Have you finished?
2025-10-01,Cady,"This project organizes the daily and weekly life of the Woods household. Focus on plug-and-play schedules that prioritize joy, creativity, intimacy, household care, and fulfilling work. Tasks should b",AFTER,2025-10-01,20:31:29,Henry Woods,Shall do :)
2025-10-01,Cady,"This project organizes the daily and weekly life of the Woods household. Focus on plug-and-play schedules that prioritize joy, creativity, intimacy, household care, and fulfilling work. Tasks should b",AFTER,2025-10-02,11:43:09,Cady,"Voice call, No answer"
2025-10-01,Cady,"This project organizes the daily and weekly life of the Woods household. Focus on plug-and-play schedules that prioritize joy, creativity, intimacy, household care, and fulfilling work. Tasks should b",AFTER,2025-10-02,14:00:32,Cady,https://open.spotify.com/track/06rcHn4ehOCA1I1n6CJ2lb?si=o0E8nIqGR1-Lk5CJWBWffQ\&context=spotify%3Aplaylist%3A37i9dQZF1EIeIJxqNZZ6tD
2025-10-01,Cady,"This project organizes the daily and weekly life of the Woods household. Focus on plug-and-play schedules that prioritize joy, creativity, intimacy, household care, and fulfilling work. Tasks should b",AFTER,2025-10-02,14:00:48,Cady,You should learn this version of this song for everything you would perform this beautifully
2025-10-01,Cady,"This project organizes the daily and weekly life of the Woods household. Focus on plug-and-play schedules that prioritize joy, creativity, intimacy, household care, and fulfilling work. Tasks should b",AFTER,2025-10-02,20:27:38,Henry Woods,+447925788746
2025-10-01,Cady,"This project organizes the daily and weekly life of the Woods household. Focus on plug-and-play schedules that prioritize joy, creativity, intimacy, household care, and fulfilling work. Tasks should b",AFTER,2025-10-02,20:27:50,Henry Woods,ahahahahaha
2025-10-04,Henry Woods,https://www.amazon.co.uk/dp/B09XK4XKDR/ref=sspa\_dk\_detail\_13?psc=1\&pf\_rd\_p=9a64fe05-cdee-4d53-a27b-f3614d726545\&pf\_rd\_r=JMS40Y58A473ES5BXXKJ\&pd\_rd\_wg=LPuiZ\&pd\_rd\_w=63h2E\&content-id=amz,BEFORE,2025-10-03,17:48:34,Henry Woods,"Voice call, 13 sec"
2025-10-04,Henry Woods,https://www.amazon.co.uk/dp/B09XK4XKDR/ref=sspa\_dk\_detail\_13?psc=1\&pf\_rd\_p=9a64fe05-cdee-4d53-a27b-f3614d726545\&pf\_rd\_r=JMS40Y58A473ES5BXXKJ\&pd\_rd\_wg=LPuiZ\&pd\_rd\_w=63h2E\&content-id=amz,BEFORE,2025-10-03,18:17:43,Cady,"Hey, can you also pick up some cranberry juice please?"
2025-10-04,Henry Woods,https://www.amazon.co.uk/dp/B09XK4XKDR/ref=sspa\_dk\_detail\_13?psc=1\&pf\_rd\_p=9a64fe05-cdee-4d53-a27b-f3614d726545\&pf\_rd\_r=JMS40Y58A473ES5BXXKJ\&pd\_rd\_wg=LPuiZ\&pd\_rd\_w=63h2E\&content-id=amz,BEFORE,2025-10-03,18:26:24,Henry Woods,"Voice call, 2 min"
2025-10-04,Henry Woods,https://www.amazon.co.uk/dp/B09XK4XKDR/ref=sspa\_dk\_detail\_13?psc=1\&pf\_rd\_p=9a64fe05-cdee-4d53-a27b-f3614d726545\&pf\_rd\_r=JMS40Y58A473ES5BXXKJ\&pd\_rd\_wg=LPuiZ\&pd\_rd\_w=63h2E\&content-id=amz,BEFORE,2025-10-03,18:32:21,Henry Woods,"Voice call, 29 sec"
2025-10-04,Henry Woods,https://www.amazon.co.uk/dp/B09XK4XKDR/ref=sspa\_dk\_detail\_13?psc=1\&pf\_rd\_p=9a64fe05-cdee-4d53-a27b-f3614d726545\&pf\_rd\_r=JMS40Y58A473ES5BXXKJ\&pd\_rd\_wg=LPuiZ\&pd\_rd\_w=63h2E\&content-id=amz,BEFORE,2025-10-03,18:32:58,Henry Woods,"Voice call, 18 sec"
2025-10-04,Henry Woods,https://www.amazon.co.uk/dp/B09XK4XKDR/ref=sspa\_dk\_detail\_13?psc=1\&pf\_rd\_p=9a64fe05-cdee-4d53-a27b-f3614d726545\&pf\_rd\_r=JMS40Y58A473ES5BXXKJ\&pd\_rd\_wg=LPuiZ\&pd\_rd\_w=63h2E\&content-id=amz,BEFORE,2025-10-04,15:39:03,Cady,https://scribblewall.co.uk/collections/magnetic-paint
2025-10-04,Henry Woods,https://www.amazon.co.uk/dp/B09XK4XKDR/ref=sspa\_dk\_detail\_13?psc=1\&pf\_rd\_p=9a64fe05-cdee-4d53-a27b-f3614d726545\&pf\_rd\_r=JMS40Y58A473ES5BXXKJ\&pd\_rd\_wg=LPuiZ\&pd\_rd\_w=63h2E\&content-id=amz,BEFORE,2025-10-04,15:39:57,Cady,https://scribblewall.co.uk/products/blackboard-paint-pink
2025-10-04,Henry Woods,https://www.amazon.co.uk/dp/B09XK4XKDR/ref=sspa\_dk\_detail\_13?psc=1\&pf\_rd\_p=9a64fe05-cdee-4d53-a27b-f3614d726545\&pf\_rd\_r=JMS40Y58A473ES5BXXKJ\&pd\_rd\_wg=LPuiZ\&pd\_rd\_w=63h2E\&content-id=amz,BEFORE,2025-10-04,15:46:53,Cady,https://scribblewall.co.uk/blogs/kitchens
2025-10-04,Henry Woods,https://www.amazon.co.uk/dp/B09XK4XKDR/ref=sspa\_dk\_detail\_13?psc=1\&pf\_rd\_p=9a64fe05-cdee-4d53-a27b-f3614d726545\&pf\_rd\_r=JMS40Y58A473ES5BXXKJ\&pd\_rd\_wg=LPuiZ\&pd\_rd\_w=63h2E\&content-id=amz,BEFORE,2025-10-04,15:50:43,Cady,https://scribblewall.co.uk/blogs/home-office/clear-whiteboard-paint
2025-10-04,Henry Woods,https://www.amazon.co.uk/dp/B09XK4XKDR/ref=sspa\_dk\_detail\_13?psc=1\&pf\_rd\_p=9a64fe05-cdee-4d53-a27b-f3614d726545\&pf\_rd\_r=JMS40Y58A473ES5BXXKJ\&pd\_rd\_wg=LPuiZ\&pd\_rd\_w=63h2E\&content-id=amz,BEFORE,2025-10-04,16:11:09,Cady,https://scribblewall.co.uk/products/magnetic-whiteboard-paint
2025-10-04,Henry Woods,https://www.amazon.co.uk/dp/B09XK4XKDR/ref=sspa\_dk\_detail\_13?psc=1\&pf\_rd\_p=9a64fe05-cdee-4d53-a27b-f3614d726545\&pf\_rd\_r=JMS40Y58A473ES5BXXKJ\&pd\_rd\_wg=LPuiZ\&pd\_rd\_w=63h2E\&content-id=amz,TARGET,2025-10-04,17:17:30,Henry Woods,https://www.amazon.co.uk/dp/B09XK4XKDR/ref=sspa\_dk\_detail\_13?psc=1\&pf\_rd\_p=9a64fe05-cdee-4d53-a27b-f3614d726545\&pf\_rd\_r=JMS40Y58A473ES5BXXKJ\&pd\_rd\_wg=LPuiZ\&pd\_rd\_w=63h2E\&content-id=amzn1.sym.9a64fe05-cdee-4d53-a27b-f3614d726545\&pd\_rd\_r=b6386c99-3b5c-4ac0-a72b-ba38376f9a7f\&sp\_csd=d2lkZ2V0TmFtZT1zcF9kZXRhaWxfdGhlbWF0aWM
2025-10-04,Henry Woods,https://www.amazon.co.uk/dp/B09XK4XKDR/ref=sspa\_dk\_detail\_13?psc=1\&pf\_rd\_p=9a64fe05-cdee-4d53-a27b-f3614d726545\&pf\_rd\_r=JMS40Y58A473ES5BXXKJ\&pd\_rd\_wg=LPuiZ\&pd\_rd\_w=63h2E\&content-id=amz,AFTER,2025-10-04,17:39:01,Cady,Ooooooh I like
2025-10-04,Henry Woods,https://www.amazon.co.uk/dp/B09XK4XKDR/ref=sspa\_dk\_detail\_13?psc=1\&pf\_rd\_p=9a64fe05-cdee-4d53-a27b-f3614d726545\&pf\_rd\_r=JMS40Y58A473ES5BXXKJ\&pd\_rd\_wg=LPuiZ\&pd\_rd\_w=63h2E\&content-id=amz,AFTER,2025-10-04,17:41:51,Cady,https://mosaicwow.com/ols/products/a-little-bird-told-me-you-a-ho
2025-10-04,Henry Woods,https://www.amazon.co.uk/dp/B09XK4XKDR/ref=sspa\_dk\_detail\_13?psc=1\&pf\_rd\_p=9a64fe05-cdee-4d53-a27b-f3614d726545\&pf\_rd\_r=JMS40Y58A473ES5BXXKJ\&pd\_rd\_wg=LPuiZ\&pd\_rd\_w=63h2E\&content-id=amz,AFTER,2025-10-04,17:42:08,Cady,"https://img1.wsimg.com/isteam/ip/9efb6843-52cb-4d01-a7be-40a98fa27319/ols/1000000382.jpg/:/rs=w:1200,h:1200"
2025-10-04,Henry Woods,https://www.amazon.co.uk/dp/B09XK4XKDR/ref=sspa\_dk\_detail\_13?psc=1\&pf\_rd\_p=9a64fe05-cdee-4d53-a27b-f3614d726545\&pf\_rd\_r=JMS40Y58A473ES5BXXKJ\&pd\_rd\_wg=LPuiZ\&pd\_rd\_w=63h2E\&content-id=amz,AFTER,2025-10-04,19:46:26,Cady,ð¥ Bakery
2025-10-04,Henry Woods,https://www.amazon.co.uk/dp/B09XK4XKDR/ref=sspa\_dk\_detail\_13?psc=1\&pf\_rd\_p=9a64fe05-cdee-4d53-a27b-f3614d726545\&pf\_rd\_r=JMS40Y58A473ES5BXXKJ\&pd\_rd\_wg=LPuiZ\&pd\_rd\_w=63h2E\&content-id=amz,AFTER,2026-03-31,12:47:37,Cady,https://docs.google.com/document/d/1yzcGWTxpx1BdvNC7yl5Dp5t\_cA4R1WQTAYRbHQBmVyg/edit?usp=sharing
2025-10-04,Henry Woods,https://www.amazon.co.uk/dp/B09XK4XKDR/ref=sspa\_dk\_detail\_13?psc=1\&pf\_rd\_p=9a64fe05-cdee-4d53-a27b-f3614d726545\&pf\_rd\_r=JMS40Y58A473ES5BXXKJ\&pd\_rd\_wg=LPuiZ\&pd\_rd\_w=63h2E\&content-id=amz,AFTER,2026-03-31,12:52:04,Cady,"I am delighted to be writing this letter on behalf of Cady Woods. I have had the privilege of coaching Cady during her Teach For America corps experience and have been consistently impressed with her professionalism, compassion, and commitment to students. She is reflective, highly motivated, and deeply dedicated to educational"
2025-10-04,Henry Woods,https://www.amazon.co.uk/dp/B09XK4XKDR/ref=sspa\_dk\_detail\_13?psc=1\&pf\_rd\_p=9a64fe05-cdee-4d53-a27b-f3614d726545\&pf\_rd\_r=JMS40Y58A473ES5BXXKJ\&pd\_rd\_wg=LPuiZ\&pd\_rd\_w=63h2E\&content-id=amz,AFTER,2026-03-31,12:59:36,Henry Woods,"During the Teach First Training Programme, you will receive regular feedback and be supported in your ongoing professional development. You will need to be able to implement expert advice and adapt your approach to drive positive change."
2025-10-04,Henry Woods,https://www.amazon.co.uk/dp/B09XK4XKDR/ref=sspa\_dk\_detail\_13?psc=1\&pf\_rd\_p=9a64fe05-cdee-4d53-a27b-f3614d726545\&pf\_rd\_r=JMS40Y58A473ES5BXXKJ\&pd\_rd\_wg=LPuiZ\&pd\_rd\_w=63h2E\&content-id=amz,AFTER,2026-03-31,23:53:32,Henry Woods,"\*\*Teach First has worked to improve life chances for children since 2003 and now has a network of more than 20,000 ambassadors, who share a commitment to creating positive, lasting change in education."
2025-10-04,Henry Woods,https://www.amazon.co.uk/dp/B09XK4XKDR/ref=sspa\_dk\_detail\_13?psc=1\&pf\_rd\_p=9a64fe05-cdee-4d53-a27b-f3614d726545\&pf\_rd\_r=JMS40Y58A473ES5BXXKJ\&pd\_rd\_wg=LPuiZ\&pd\_rd\_w=63h2E\&content-id=amz,AFTER,2026-03-31,23:55:49,Henry Woods,Application has been sent in
2025-10-04,Henry Woods,https://www.amazon.co.uk/dp/B09XK4XKDR/ref=sspa\_dk\_detail\_13?psc=1\&pf\_rd\_p=9a64fe05-cdee-4d53-a27b-f3614d726545\&pf\_rd\_r=JMS40Y58A473ES5BXXKJ\&pd\_rd\_wg=LPuiZ\&pd\_rd\_w=63h2E\&content-id=amz,AFTER,2026-03-31,23:58:59,Henry Woods,they should have sent you and email involving an additional set of questions that you need to do with 5 working days
2026-04-02,Cady,Do you want to know if I do sugar dating?,BEFORE,2026-04-02,13:00:47,Henry Woods,How you doing today?
2026-04-02,Cady,Do you want to know if I do sugar dating?,BEFORE,2026-04-02,13:01:06,Cady,Hey babe I’m doing better
2026-04-02,Cady,Do you want to know if I do sugar dating?,BEFORE,2026-04-02,13:01:10,Cady,How are you
2026-04-02,Cady,Do you want to know if I do sugar dating?,BEFORE,2026-04-02,13:01:19,Henry Woods,Glad to hear
2026-04-02,Cady,Do you want to know if I do sugar dating?,BEFORE,2026-04-02,13:01:36,Henry Woods,Do you need some help with the extra teach first stuff?
2026-04-02,Cady,Do you want to know if I do sugar dating?,BEFORE,2026-04-02,13:01:51,Cady,I’m gonna try to do it today
2026-04-02,Cady,Do you want to know if I do sugar dating?,BEFORE,2026-04-02,13:01:55,Henry Woods,Okay
2026-04-02,Cady,Do you want to know if I do sugar dating?,BEFORE,2026-04-02,13:02:00,Cady,Thanks
2026-04-02,Cady,Do you want to know if I do sugar dating?,BEFORE,2026-04-02,13:02:00,Henry Woods,Good luck\!
2026-04-02,Cady,Do you want to know if I do sugar dating?,BEFORE,2026-04-02,13:02:05,Cady,Thank you
2026-04-02,Cady,Do you want to know if I do sugar dating?,TARGET,2026-04-02,13:02:25,Cady,Do you want to know if I do sugar dating?
2026-04-02,Cady,Do you want to know if I do sugar dating?,AFTER,2026-04-02,13:04:19,Henry Woods,lol
2026-04-02,Cady,Do you want to know if I do sugar dating?,AFTER,2026-04-02,13:04:48,Henry Woods,I’m assuming you’ve changed your mind on not imagining being able to sleep with other people then?
2026-04-02,Cady,Do you want to know if I do sugar dating?,AFTER,2026-04-02,13:05:10,Cady,Well it’s the chance to make over a grand
2026-04-02,Cady,Do you want to know if I do sugar dating?,AFTER,2026-04-02,13:05:21,Cady,So it’s a bit different
2026-04-02,Cady,Do you want to know if I do sugar dating?,AFTER,2026-04-02,13:06:12,Henry Woods,I was under the impression you said this specifically about sugar dating
2026-04-02,Cady,Do you want to know if I do sugar dating?,AFTER,2026-04-02,13:06:25,Henry Woods,But I guess I’m remembering it how I want to or something
2026-04-02,Cady,Do you want to know if I do sugar dating?,AFTER,2026-04-02,13:06:36,Cady,The amount changed it
2026-04-02,Cady,Do you want to know if I do sugar dating?,AFTER,2026-04-02,13:06:43,Cady,Which is why I’m bringing it up
2026-04-02,Cady,Do you want to know if I do sugar dating?,AFTER,2026-04-02,13:06:52,Henry Woods,Okay fair
2026-04-02,Cady,Do you want to know if I do sugar dating?,AFTER,2026-04-02,13:07:02,Henry Woods,Pointless asking the question though
2026-04-02,Henry Woods,I was under the impression you said this specifically about sugar dating,BEFORE,2026-04-02,13:01:51,Cady,I’m gonna try to do it today
2026-04-02,Henry Woods,I was under the impression you said this specifically about sugar dating,BEFORE,2026-04-02,13:01:55,Henry Woods,Okay
2026-04-02,Henry Woods,I was under the impression you said this specifically about sugar dating,BEFORE,2026-04-02,13:02:00,Cady,Thanks
2026-04-02,Henry Woods,I was under the impression you said this specifically about sugar dating,BEFORE,2026-04-02,13:02:00,Henry Woods,Good luck\!
2026-04-02,Henry Woods,I was under the impression you said this specifically about sugar dating,BEFORE,2026-04-02,13:02:05,Cady,Thank you
2026-04-02,Henry Woods,I was under the impression you said this specifically about sugar dating,BEFORE,2026-04-02,13:02:25,Cady,Do you want to know if I do sugar dating?
2026-04-02,Henry Woods,I was under the impression you said this specifically about sugar dating,BEFORE,2026-04-02,13:04:19,Henry Woods,lol
2026-04-02,Henry Woods,I was under the impression you said this specifically about sugar dating,BEFORE,2026-04-02,13:04:48,Henry Woods,I’m assuming you’ve changed your mind on not imagining being able to sleep with other people then?
2026-04-02,Henry Woods,I was under the impression you said this specifically about sugar dating,BEFORE,2026-04-02,13:05:10,Cady,Well it’s the chance to make over a grand
2026-04-02,Henry Woods,I was under the impression you said this specifically about sugar dating,BEFORE,2026-04-02,13:05:21,Cady,So it’s a bit different
2026-04-02,Henry Woods,I was under the impression you said this specifically about sugar dating,TARGET,2026-04-02,13:06:12,Henry Woods,I was under the impression you said this specifically about sugar dating
2026-04-02,Henry Woods,I was under the impression you said this specifically about sugar dating,AFTER,2026-04-02,13:06:25,Henry Woods,But I guess I’m remembering it how I want to or something
2026-04-02,Henry Woods,I was under the impression you said this specifically about sugar dating,AFTER,2026-04-02,13:06:36,Cady,The amount changed it
2026-04-02,Henry Woods,I was under the impression you said this specifically about sugar dating,AFTER,2026-04-02,13:06:43,Cady,Which is why I’m bringing it up
2026-04-02,Henry Woods,I was under the impression you said this specifically about sugar dating,AFTER,2026-04-02,13:06:52,Henry Woods,Okay fair
2026-04-02,Henry Woods,I was under the impression you said this specifically about sugar dating,AFTER,2026-04-02,13:07:02,Henry Woods,Pointless asking the question though
2026-04-02,Henry Woods,I was under the impression you said this specifically about sugar dating,AFTER,2026-04-02,13:07:10,Henry Woods,If it’s ’no I don’t’
2026-04-02,Henry Woods,I was under the impression you said this specifically about sugar dating,AFTER,2026-04-02,13:07:15,Henry Woods,Then I already know
2026-04-02,Henry Woods,I was under the impression you said this specifically about sugar dating,AFTER,2026-04-02,13:07:16,Cady,Ok I’m sorry
2026-04-02,Henry Woods,I was under the impression you said this specifically about sugar dating,AFTER,2026-04-02,13:07:32,Cady,I shouldn’t have brought it up
2026-04-02,Henry Woods,I was under the impression you said this specifically about sugar dating,AFTER,2026-04-02,13:07:50,Henry Woods,No need
2026-04-02,Henry Woods,"Can you reconcile in my mind your assertion that you wouldn’t want to sleep with people, even when sugar dating, with the fact that you’ve obviously been seeking out new opportunities which is why thi",BEFORE,2026-04-02,13:07:02,Henry Woods,Pointless asking the question though
2026-04-02,Henry Woods,"Can you reconcile in my mind your assertion that you wouldn’t want to sleep with people, even when sugar dating, with the fact that you’ve obviously been seeking out new opportunities which is why thi",BEFORE,2026-04-02,13:07:10,Henry Woods,If it’s ’no I don’t’
2026-04-02,Henry Woods,"Can you reconcile in my mind your assertion that you wouldn’t want to sleep with people, even when sugar dating, with the fact that you’ve obviously been seeking out new opportunities which is why thi",BEFORE,2026-04-02,13:07:15,Henry Woods,Then I already know
2026-04-02,Henry Woods,"Can you reconcile in my mind your assertion that you wouldn’t want to sleep with people, even when sugar dating, with the fact that you’ve obviously been seeking out new opportunities which is why thi",BEFORE,2026-04-02,13:07:16,Cady,Ok I’m sorry
2026-04-02,Henry Woods,"Can you reconcile in my mind your assertion that you wouldn’t want to sleep with people, even when sugar dating, with the fact that you’ve obviously been seeking out new opportunities which is why thi",BEFORE,2026-04-02,13:07:32,Cady,I shouldn’t have brought it up
2026-04-02,Henry Woods,"Can you reconcile in my mind your assertion that you wouldn’t want to sleep with people, even when sugar dating, with the fact that you’ve obviously been seeking out new opportunities which is why thi",BEFORE,2026-04-02,13:07:50,Henry Woods,No need
2026-04-02,Henry Woods,"Can you reconcile in my mind your assertion that you wouldn’t want to sleep with people, even when sugar dating, with the fact that you’ve obviously been seeking out new opportunities which is why thi",BEFORE,2026-04-02,13:07:59,Henry Woods,I don’t know if I want to know
2026-04-02,Henry Woods,"Can you reconcile in my mind your assertion that you wouldn’t want to sleep with people, even when sugar dating, with the fact that you’ve obviously been seeking out new opportunities which is why thi",BEFORE,2026-04-02,13:08:06,Cady,Ok
2026-04-02,Henry Woods,"Can you reconcile in my mind your assertion that you wouldn’t want to sleep with people, even when sugar dating, with the fact that you’ve obviously been seeking out new opportunities which is why thi",BEFORE,2026-04-02,13:08:16,Henry Woods,I would like to know where we stand first and foremost
2026-04-02,Henry Woods,"Can you reconcile in my mind your assertion that you wouldn’t want to sleep with people, even when sugar dating, with the fact that you’ve obviously been seeking out new opportunities which is why thi",BEFORE,2026-04-02,13:08:38,Cady,I want us to work
2026-04-02,Henry Woods,"Can you reconcile in my mind your assertion that you wouldn’t want to sleep with people, even when sugar dating, with the fact that you’ve obviously been seeking out new opportunities which is why thi",TARGET,2026-04-02,13:20:25,Henry Woods,"Can you reconcile in my mind your assertion that you wouldn’t want to sleep with people, even when sugar dating, with the fact that you’ve obviously been seeking out new opportunities which is why this one has come up?"
2026-04-02,Henry Woods,"Can you reconcile in my mind your assertion that you wouldn’t want to sleep with people, even when sugar dating, with the fact that you’ve obviously been seeking out new opportunities which is why thi",AFTER,2026-04-02,13:20:44,Henry Woods,And can you therefore make me trust that you haven’t also been chatting with people on Feeld etc?
2026-04-02,Henry Woods,"Can you reconcile in my mind your assertion that you wouldn’t want to sleep with people, even when sugar dating, with the fact that you’ve obviously been seeking out new opportunities which is why thi",AFTER,2026-04-02,13:21:38,Henry Woods,Presumably this has all been happening while you’ve been unable to do your Teach First application
2026-04-02,Henry Woods,"Can you reconcile in my mind your assertion that you wouldn’t want to sleep with people, even when sugar dating, with the fact that you’ve obviously been seeking out new opportunities which is why thi",AFTER,2026-04-02,13:22:31,Henry Woods,Also I got a notification the other day that you’ve put another sex party in the calendar for the 25th April
2026-04-02,Henry Woods,"Can you reconcile in my mind your assertion that you wouldn’t want to sleep with people, even when sugar dating, with the fact that you’ve obviously been seeking out new opportunities which is why thi",AFTER,2026-04-02,13:26:41,Cady,I did that a long time ago
2026-04-02,Henry Woods,"Can you reconcile in my mind your assertion that you wouldn’t want to sleep with people, even when sugar dating, with the fact that you’ve obviously been seeking out new opportunities which is why thi",AFTER,2026-04-02,13:27:07,Henry Woods,Presumably you mean the calendar
2026-04-02,Henry Woods,"Can you reconcile in my mind your assertion that you wouldn’t want to sleep with people, even when sugar dating, with the fact that you’ve obviously been seeking out new opportunities which is why thi",AFTER,2026-04-02,13:27:30,Henry Woods,"Fair enough I believe you, I got some weirdly placed notifications about a few things"
2026-04-02,Henry Woods,"Can you reconcile in my mind your assertion that you wouldn’t want to sleep with people, even when sugar dating, with the fact that you’ve obviously been seeking out new opportunities which is why thi",AFTER,2026-04-02,13:27:44,Cady,I just got a bunch of random ones too
2026-04-02,Henry Woods,"Can you reconcile in my mind your assertion that you wouldn’t want to sleep with people, even when sugar dating, with the fact that you’ve obviously been seeking out new opportunities which is why thi",AFTER,2026-04-02,13:29:56,Cady,I’m just starting to feel better and worry about my financial position
2026-04-02,Henry Woods,"Can you reconcile in my mind your assertion that you wouldn’t want to sleep with people, even when sugar dating, with the fact that you’ve obviously been seeking out new opportunities which is why thi",AFTER,2026-04-02,13:34:46,Henry Woods,And figured it best to organise it before asking how I’d feel?
2026-04-02,Henry Woods,"Can you reconcile in my mind your assertion that you wouldn’t want to sleep with people, even when sugar dating, with the fact that you’ve obviously been seeking out new opportunities which is why thi",AFTER,2026-04-02,13:35:02,Cady,Why are you assuming things
2026-04-02,Henry Woods,Despite all the expressed feminist longing for men,BEFORE,2026-04-02,13:39:39,Henry Woods,We need honesty
2026-04-02,Henry Woods,Despite all the expressed feminist longing for men,BEFORE,2026-04-02,13:39:50,Henry Woods,Even if it’s sore
2026-04-02,Henry Woods,Despite all the expressed feminist longing for men,BEFORE,2026-04-02,13:39:55,Henry Woods,If this is going to work
2026-04-02,Henry Woods,Despite all the expressed feminist longing for men,BEFORE,2026-04-02,13:41:29,Henry Woods,‘I need you out of the house for a few months’
2026-04-02,Henry Woods,Despite all the expressed feminist longing for men,BEFORE,2026-04-02,13:41:39,Cady,Ok Henry
2026-04-02,Henry Woods,Despite all the expressed feminist longing for men,BEFORE,2026-04-02,13:41:47,Cady,I’m not going to continue this
2026-04-02,Henry Woods,Despite all the expressed feminist longing for men,BEFORE,2026-04-02,13:42:06,Henry Woods,Okay that’s fine
2026-04-02,Henry Woods,Despite all the expressed feminist longing for men,BEFORE,2026-04-02,13:42:29,Henry Woods,But at some point we do need to be able to chat about things that make you uncomfortable without you just pulling out
2026-04-02,Henry Woods,Despite all the expressed feminist longing for men,BEFORE,2026-04-02,13:42:39,Henry Woods,It can’t \*entirely\* be about my flaws
2026-04-02,Henry Woods,Despite all the expressed feminist longing for men,BEFORE,2026-04-02,13:42:56,Henry Woods,I also need space to voice my emotions
2026-04-02,Henry Woods,Despite all the expressed feminist longing for men,TARGET,2026-04-02,13:43:50,Henry Woods,Despite all the expressed feminist longing for men
2026-04-02,Henry Woods,Despite all the expressed feminist longing for men,AFTER,2026-04-02,13:44:10,Henry Woods,this quote in The Will to Change hit me quite hard
2026-04-02,Henry Woods,Despite all the expressed feminist longing for men,AFTER,2026-04-02,13:46:18,Henry Woods,like this was one of the most raw messages I’ve ever sent and to have you turn around and label it as an attempt to control was…additionally hurtful
2026-04-02,Henry Woods,Despite all the expressed feminist longing for men,AFTER,2026-04-02,13:47:19,Cady,I’m so sorry you’re hurting
2026-04-02,Henry Woods,Despite all the expressed feminist longing for men,AFTER,2026-04-02,13:47:29,Henry Woods,that’s a good start
2026-04-02,Henry Woods,Despite all the expressed feminist longing for men,AFTER,2026-04-02,13:47:56,Henry Woods,"but if it doesn’t change how you act, and you continue to lay the hurt on, where do we go?"
2026-04-02,Henry Woods,Despite all the expressed feminist longing for men,AFTER,2026-04-02,13:48:34,Cady,I’ve told you my path forward babe
2026-04-02,Henry Woods,Despite all the expressed feminist longing for men,AFTER,2026-04-02,13:49:42,Henry Woods,you’ve told me so many different paths I don’t know which one is the current one?
2026-04-02,Henry Woods,Despite all the expressed feminist longing for men,AFTER,2026-04-02,13:50:44,Henry Woods,"like even the other day, it went from you being here to how you need me to do your application so you can move out in September"
2026-04-02,Henry Woods,Despite all the expressed feminist longing for men,AFTER,2026-04-02,13:51:05,Henry Woods,we need a reset and an agreement
2026-04-02,Henry Woods,Despite all the expressed feminist longing for men,AFTER,2026-04-02,13:51:09,Cady,I can’t talk right now I’m in the bath Henry
2026-04-10,Henry Woods,"Sugar daddy advertising idea: ‘breaking up with my husband and he’s away for the weekend, wanna fuck me in his bed?’",BEFORE,2026-04-09,23:08:07,Cady,You’ve really done a smashing job presenting and pretending to your friends
2026-04-10,Henry Woods,"Sugar daddy advertising idea: ‘breaking up with my husband and he’s away for the weekend, wanna fuck me in his bed?’",BEFORE,2026-04-09,23:08:52,Cady,"But I suppose you already know, no one‘s going to be surprised that you fucked it up"
2026-04-10,Henry Woods,"Sugar daddy advertising idea: ‘breaking up with my husband and he’s away for the weekend, wanna fuck me in his bed?’",BEFORE,2026-04-09,23:09:00,Cady,"And the beautiful thing is, I don’t have to say a goddamn word"
2026-04-10,Henry Woods,"Sugar daddy advertising idea: ‘breaking up with my husband and he’s away for the weekend, wanna fuck me in his bed?’",BEFORE,2026-04-09,23:38:34,Henry Woods,How are you feeling?
2026-04-10,Henry Woods,"Sugar daddy advertising idea: ‘breaking up with my husband and he’s away for the weekend, wanna fuck me in his bed?’",BEFORE,2026-04-10,01:01:51,Cady,How careless
2026-04-10,Henry Woods,"Sugar daddy advertising idea: ‘breaking up with my husband and he’s away for the weekend, wanna fuck me in his bed?’",BEFORE,2026-04-10,01:02:33,Cady,I should’ve trusted you when you showed me who you were in 2022
2026-04-10,Henry Woods,"Sugar daddy advertising idea: ‘breaking up with my husband and he’s away for the weekend, wanna fuck me in his bed?’",BEFORE,2026-04-10,01:03:49,Cady,And it is really fucking sad that you treated your wife worse than your previous girlfriends
2026-04-10,Henry Woods,"Sugar daddy advertising idea: ‘breaking up with my husband and he’s away for the weekend, wanna fuck me in his bed?’",BEFORE,2026-04-10,10:56:39,Cady,“How is this different”
2026-04-10,Henry Woods,"Sugar daddy advertising idea: ‘breaking up with my husband and he’s away for the weekend, wanna fuck me in his bed?’",BEFORE,2026-04-10,10:57:18,Cady,And honestly the audacity to ask me for sex this morning.
2026-04-10,Henry Woods,"Sugar daddy advertising idea: ‘breaking up with my husband and he’s away for the weekend, wanna fuck me in his bed?’",BEFORE,2026-04-10,10:57:27,Cady,You’re so fucking entitled to my body
2026-04-10,Henry Woods,"Sugar daddy advertising idea: ‘breaking up with my husband and he’s away for the weekend, wanna fuck me in his bed?’",TARGET,2026-04-10,12:27:19,Henry Woods,"Sugar daddy advertising idea: ‘breaking up with my husband and he’s away for the weekend, wanna fuck me in his bed?’"
2026-04-10,Henry Woods,"Sugar daddy advertising idea: ‘breaking up with my husband and he’s away for the weekend, wanna fuck me in his bed?’",AFTER,2026-04-10,12:27:31,Henry Woods,(With my blessing)
2026-04-10,Henry Woods,"Sugar daddy advertising idea: ‘breaking up with my husband and he’s away for the weekend, wanna fuck me in his bed?’",AFTER,2026-04-10,12:28:51,Henry Woods,"No need to enact, just an idea"
2026-04-10,Henry Woods,"Sugar daddy advertising idea: ‘breaking up with my husband and he’s away for the weekend, wanna fuck me in his bed?’",AFTER,2026-04-10,12:29:16,Henry Woods,But I bet they’d do a premium for that
2026-04-10,Henry Woods,"Sugar daddy advertising idea: ‘breaking up with my husband and he’s away for the weekend, wanna fuck me in his bed?’",AFTER,2026-04-10,12:29:48,Cady,Please stop talking about this
2026-04-10,Henry Woods,"Sugar daddy advertising idea: ‘breaking up with my husband and he’s away for the weekend, wanna fuck me in his bed?’",AFTER,2026-04-10,12:29:53,Cady,It’s really disgusting
2026-04-10,Henry Woods,"Sugar daddy advertising idea: ‘breaking up with my husband and he’s away for the weekend, wanna fuck me in his bed?’",AFTER,2026-04-10,12:30:06,Henry Woods,Okay
2026-04-10,Henry Woods,"Sugar daddy advertising idea: ‘breaking up with my husband and he’s away for the weekend, wanna fuck me in his bed?’",AFTER,2026-04-10,12:30:07,Henry Woods,Sorry
2026-04-10,Henry Woods,"Sugar daddy advertising idea: ‘breaking up with my husband and he’s away for the weekend, wanna fuck me in his bed?’",AFTER,2026-04-10,12:30:39,Cady,Your fantasy of sex work is nothing like the reality \<This message was edited\>
2026-04-10,Henry Woods,"Sugar daddy advertising idea: ‘breaking up with my husband and he’s away for the weekend, wanna fuck me in his bed?’",AFTER,2026-04-10,12:30:47,Henry Woods,I thought it could be cathartic and profitable
2026-04-10,Henry Woods,"Sugar daddy advertising idea: ‘breaking up with my husband and he’s away for the weekend, wanna fuck me in his bed?’",AFTER,2026-04-10,12:30:56,Henry Woods,But I apologise for missing the mark so heavily
2026-04-10,Cady,Men lol,BEFORE,2026-04-10,12:28:51,Henry Woods,"No need to enact, just an idea"
2026-04-10,Cady,Men lol,BEFORE,2026-04-10,12:29:16,Henry Woods,But I bet they’d do a premium for that
2026-04-10,Cady,Men lol,BEFORE,2026-04-10,12:29:48,Cady,Please stop talking about this
2026-04-10,Cady,Men lol,BEFORE,2026-04-10,12:29:53,Cady,It’s really disgusting
2026-04-10,Cady,Men lol,BEFORE,2026-04-10,12:30:06,Henry Woods,Okay
2026-04-10,Cady,Men lol,BEFORE,2026-04-10,12:30:07,Henry Woods,Sorry
2026-04-10,Cady,Men lol,BEFORE,2026-04-10,12:30:39,Cady,Your fantasy of sex work is nothing like the reality \<This message was edited\>
2026-04-10,Cady,Men lol,BEFORE,2026-04-10,12:30:47,Henry Woods,I thought it could be cathartic and profitable
2026-04-10,Cady,Men lol,BEFORE,2026-04-10,12:30:56,Henry Woods,But I apologise for missing the mark so heavily
2026-04-10,Cady,Men lol,BEFORE,2026-04-10,12:31:11,Cady,"I am dreading to work and literally have no option, so thank you for that"
2026-04-10,Cady,Men lol,TARGET,2026-04-10,12:31:27,Cady,Men lol
2026-04-10,Cady,Men lol,AFTER,2026-04-10,12:31:41,Henry Woods,Okay
2026-04-10,Cady,Men lol,AFTER,2026-04-10,12:32:07,Henry Woods,Don’t feel you have to
2026-04-10,Cady,Men lol,AFTER,2026-04-10,12:32:29,Henry Woods,/take some time to get clients you like
2026-04-10,Cady,Men lol,AFTER,2026-04-10,12:32:35,Henry Woods,"I’ll stop talking, you know this"
2026-04-10,Cady,Men lol,AFTER,2026-04-10,12:32:59,Henry Woods,Point being that I’ll still give you support so don’t feel you need to to survive
2026-04-10,Cady,Men lol,AFTER,2026-04-10,12:33:00,Henry Woods,X
2026-04-10,Cady,Men lol,AFTER,2026-04-10,21:54:16,Cady,Lol at the last time we ever fuck it’s with Matty
2026-04-10,Cady,Men lol,AFTER,2026-04-10,22:38:54,Henry Woods,ð
2026-04-10,Cady,Men lol,AFTER,2026-04-10,22:38:57,Henry Woods,I know right
2026-04-10,Cady,Men lol,AFTER,2026-04-10,22:39:34,Henry Woods,The irony
2026-04-23,Cady,Can I get your opinion on the schools code of conduct for staff and my of and sugar dating?,BEFORE,2026-04-23,09:09:50,Henry Woods,Yeah that’d be super nice
2026-04-23,Cady,Can I get your opinion on the schools code of conduct for staff and my of and sugar dating?,BEFORE,2026-04-23,10:14:27,Cady,It’s just the alphabet thing
2026-04-23,Cady,Can I get your opinion on the schools code of conduct for staff and my of and sugar dating?,BEFORE,2026-04-23,10:14:32,Cady,I just wanna practice to that song
2026-04-23,Cady,Can I get your opinion on the schools code of conduct for staff and my of and sugar dating?,BEFORE,2026-04-23,10:14:35,Cady,Good morning
2026-04-23,Cady,Can I get your opinion on the schools code of conduct for staff and my of and sugar dating?,BEFORE,2026-04-23,10:15:24,Henry Woods,Ohh right what’s the song?
2026-04-23,Cady,Can I get your opinion on the schools code of conduct for staff and my of and sugar dating?,BEFORE,2026-04-23,10:15:34,Henry Woods,Also fyi that was ASL
2026-04-23,Cady,Can I get your opinion on the schools code of conduct for staff and my of and sugar dating?,BEFORE,2026-04-23,10:19:31,Cady,Yeah I figured it was American
2026-04-23,Cady,Can I get your opinion on the schools code of conduct for staff and my of and sugar dating?,BEFORE,2026-04-23,10:19:38,Cady,I wanna do British still
2026-04-23,Cady,Can I get your opinion on the schools code of conduct for staff and my of and sugar dating?,BEFORE,2026-04-23,10:19:45,Cady,I’ll look the song up
2026-04-23,Cady,Can I get your opinion on the schools code of conduct for staff and my of and sugar dating?,BEFORE,2026-04-23,10:20:59,Cady,https://open.spotify.com/track/05ZuiDPE65Xs94MAt5CZ8z?si=m5HkJZF0SY6KHDBWN9sSQA
2026-04-23,Cady,Can I get your opinion on the schools code of conduct for staff and my of and sugar dating?,TARGET,2026-04-23,10:44:09,Cady,Can I get your opinion on the schools code of conduct for staff and my of and sugar dating?
2026-04-23,Cady,Can I get your opinion on the schools code of conduct for staff and my of and sugar dating?,AFTER,2026-04-23,10:44:16,Cady,Wondering if it’s worth it
2026-04-23,Cady,Can I get your opinion on the schools code of conduct for staff and my of and sugar dating?,AFTER,2026-04-23,10:44:22,Cady,Vs a student finding it
2026-04-23,Cady,Can I get your opinion on the schools code of conduct for staff and my of and sugar dating?,AFTER,2026-04-23,13:38:29,Cady,How’s your day going babe
2026-04-23,Cady,Can I get your opinion on the schools code of conduct for staff and my of and sugar dating?,AFTER,2026-04-23,14:15:22,Cady,https://open.spotify.com/track/1b104gnwd0zxCIhZPNLyf8?si=dIt7E7BHQdWB1seX74C3oA
2026-04-23,Cady,Can I get your opinion on the schools code of conduct for staff and my of and sugar dating?,AFTER,2026-04-23,14:15:30,Cady,Kim Petras new song
2026-04-23,Cady,Can I get your opinion on the schools code of conduct for staff and my of and sugar dating?,AFTER,2026-04-23,14:16:08,Cady,Very charliexcx
2026-04-23,Cady,Can I get your opinion on the schools code of conduct for staff and my of and sugar dating?,AFTER,2026-04-23,14:16:37,Cady,Also I’m going to Paris for a few days on may 16 and 25
2026-04-23,Cady,Can I get your opinion on the schools code of conduct for staff and my of and sugar dating?,AFTER,2026-04-23,14:17:22,Henry Woods,Sure thing
2026-04-23,Cady,Can I get your opinion on the schools code of conduct for staff and my of and sugar dating?,AFTER,2026-04-23,14:17:29,Henry Woods,It’s good thanks :)
2026-04-23,Cady,Can I get your opinion on the schools code of conduct for staff and my of and sugar dating?,AFTER,2026-04-23,14:17:36,Henry Woods,Nice\! Whatcha up to?
2026-04-29,Henry Woods,"‘Hey guys\! Cady’s husband Henry here. This delicious little slut has been telling me about the three hot, hung Colombian met she met over the weekend and how she wants to try her first gangbang with ",BEFORE,2026-04-29,11:53:16,Cady,"And I realised I had money in my account accounts, LOL"
2026-04-29,Henry Woods,"‘Hey guys\! Cady’s husband Henry here. This delicious little slut has been telling me about the three hot, hung Colombian met she met over the weekend and how she wants to try her first gangbang with ",BEFORE,2026-04-29,11:53:23,Cady,"If you need my if you need anything, I’ve got about 30 bucks on this"
2026-04-29,Henry Woods,"‘Hey guys\! Cady’s husband Henry here. This delicious little slut has been telling me about the three hot, hung Colombian met she met over the weekend and how she wants to try her first gangbang with ",BEFORE,2026-04-29,12:07:29,Henry Woods,could you either make a group with myself and your columbians or send me their numbers? ð
2026-04-29,Henry Woods,"‘Hey guys\! Cady’s husband Henry here. This delicious little slut has been telling me about the three hot, hung Colombian met she met over the weekend and how she wants to try her first gangbang with ",BEFORE,2026-04-29,12:13:10,Henry Woods,"thanks baby, but it’s all good for the mo"
2026-04-29,Henry Woods,"‘Hey guys\! Cady’s husband Henry here. This delicious little slut has been telling me about the three hot, hung Colombian met she met over the weekend and how she wants to try her first gangbang with ",BEFORE,2026-04-29,12:35:10,Cady,Hahahaha
2026-04-29,Henry Woods,"‘Hey guys\! Cady’s husband Henry here. This delicious little slut has been telling me about the three hot, hung Colombian met she met over the weekend and how she wants to try her first gangbang with ",BEFORE,2026-04-29,12:35:17,Cady,Lemme text them first
2026-04-29,Henry Woods,"‘Hey guys\! Cady’s husband Henry here. This delicious little slut has been telling me about the three hot, hung Colombian met she met over the weekend and how she wants to try her first gangbang with ",BEFORE,2026-04-29,12:36:12,Henry Woods,Okiesss
2026-04-29,Henry Woods,"‘Hey guys\! Cady’s husband Henry here. This delicious little slut has been telling me about the three hot, hung Colombian met she met over the weekend and how she wants to try her first gangbang with ",BEFORE,2026-04-29,12:36:21,Henry Woods,I’ve already thought of my intro text: \<This message was edited\>
2026-04-29,Henry Woods,"‘Hey guys\! Cady’s husband Henry here. This delicious little slut has been telling me about the three hot, hung Colombian met she met over the weekend and how she wants to try her first gangbang with ",BEFORE,2026-04-29,12:37:52,Cady,Dime
2026-04-29,Henry Woods,"‘Hey guys\! Cady’s husband Henry here. This delicious little slut has been telling me about the three hot, hung Colombian met she met over the weekend and how she wants to try her first gangbang with ",BEFORE,2026-04-29,12:37:55,Cady,Tell me
2026-04-29,Henry Woods,"‘Hey guys\! Cady’s husband Henry here. This delicious little slut has been telling me about the three hot, hung Colombian met she met over the weekend and how she wants to try her first gangbang with ",TARGET,2026-04-29,12:39:55,Henry Woods,"‘Hey guys\! Cady’s husband Henry here. This delicious little slut has been telling me about the three hot, hung Colombian met she met over the weekend and how she wants to try her first gangbang with them. Now I wouldn’t be doing my solemn duty as a husband if I didn’t make sure my princess got exactly what she wants, so wanted to know when you guys are next free… ð’"
2026-04-29,Henry Woods,"‘Hey guys\! Cady’s husband Henry here. This delicious little slut has been telling me about the three hot, hung Colombian met she met over the weekend and how she wants to try her first gangbang with ",AFTER,2026-04-29,12:40:43,Henry Woods,Dime or damn?
2026-04-29,Henry Woods,"‘Hey guys\! Cady’s husband Henry here. This delicious little slut has been telling me about the three hot, hung Colombian met she met over the weekend and how she wants to try her first gangbang with ",AFTER,2026-04-29,12:44:55,Cady,Di me que significa “tell me”
2026-04-29,Henry Woods,"‘Hey guys\! Cady’s husband Henry here. This delicious little slut has been telling me about the three hot, hung Colombian met she met over the weekend and how she wants to try her first gangbang with ",AFTER,2026-04-29,12:44:59,Cady,Love it
2026-04-29,Henry Woods,"‘Hey guys\! Cady’s husband Henry here. This delicious little slut has been telling me about the three hot, hung Colombian met she met over the weekend and how she wants to try her first gangbang with ",AFTER,2026-04-29,12:45:34,Henry Woods,Got it
2026-04-29,Henry Woods,"‘Hey guys\! Cady’s husband Henry here. This delicious little slut has been telling me about the three hot, hung Colombian met she met over the weekend and how she wants to try her first gangbang with ",AFTER,2026-04-29,12:45:39,Henry Woods,Like it
2026-04-29,Henry Woods,"‘Hey guys\! Cady’s husband Henry here. This delicious little slut has been telling me about the three hot, hung Colombian met she met over the weekend and how she wants to try her first gangbang with ",AFTER,2026-04-29,12:46:50,Cady,lol I want you to learn Spanish.
2026-04-29,Henry Woods,"‘Hey guys\! Cady’s husband Henry here. This delicious little slut has been telling me about the three hot, hung Colombian met she met over the weekend and how she wants to try her first gangbang with ",AFTER,2026-04-29,12:46:57,Cady,"LOL, like my sisters and I would always do this and it really works"
2026-04-29,Henry Woods,"‘Hey guys\! Cady’s husband Henry here. This delicious little slut has been telling me about the three hot, hung Colombian met she met over the weekend and how she wants to try her first gangbang with ",AFTER,2026-04-29,12:47:01,Henry Woods,ð
2026-04-29,Henry Woods,"‘Hey guys\! Cady’s husband Henry here. This delicious little slut has been telling me about the three hot, hung Colombian met she met over the weekend and how she wants to try her first gangbang with ",AFTER,2026-04-29,12:47:15,Henry Woods,I want to learn Spanish
2026-04-29,Henry Woods,"‘Hey guys\! Cady’s husband Henry here. This delicious little slut has been telling me about the three hot, hung Colombian met she met over the weekend and how she wants to try her first gangbang with ",AFTER,2026-04-29,13:27:15,Cady,"Final, I’ll teach you"
2026-04-30,Cady,It doesn’t actually make me feel better that it is all men it’s not just you that has this problem,BEFORE,2026-04-30,22:52:04,Cady,And are always holding yourself back
2026-04-30,Cady,It doesn’t actually make me feel better that it is all men it’s not just you that has this problem,BEFORE,2026-04-30,22:52:21,Cady,What do you mean I’m safe I’m confused
2026-04-30,Cady,It doesn’t actually make me feel better that it is all men it’s not just you that has this problem,BEFORE,2026-04-30,22:52:31,Cady,I need to focus on this phone call thank you
2026-04-30,Cady,It doesn’t actually make me feel better that it is all men it’s not just you that has this problem,BEFORE,2026-04-30,22:52:31,Henry Woods,What I was trying to say is this is the core male experience
2026-04-30,Cady,It doesn’t actually make me feel better that it is all men it’s not just you that has this problem,BEFORE,2026-04-30,22:52:54,Cady,Jesus ok
2026-04-30,Cady,It doesn’t actually make me feel better that it is all men it’s not just you that has this problem,BEFORE,2026-04-30,22:53:01,Henry Woods,Biology and societally we’re raised with violence in us
2026-04-30,Cady,It doesn’t actually make me feel better that it is all men it’s not just you that has this problem,BEFORE,2026-04-30,22:53:02,Cady,"Well, that’s good to know thank you"
2026-04-30,Cady,It doesn’t actually make me feel better that it is all men it’s not just you that has this problem,BEFORE,2026-04-30,22:53:10,Cady,Girls only for me then that settles it
2026-04-30,Cady,It doesn’t actually make me feel better that it is all men it’s not just you that has this problem,BEFORE,2026-04-30,22:53:10,Henry Woods,It takes effort to not be violent
2026-04-30,Cady,It doesn’t actually make me feel better that it is all men it’s not just you that has this problem,BEFORE,2026-04-30,22:53:15,Henry Woods,That’s all I meant
2026-04-30,Cady,It doesn’t actually make me feel better that it is all men it’s not just you that has this problem,TARGET,2026-04-30,22:53:31,Cady,It doesn’t actually make me feel better that it is all men it’s not just you that has this problem
2026-04-30,Cady,It doesn’t actually make me feel better that it is all men it’s not just you that has this problem,AFTER,2026-04-30,22:54:04,Henry Woods,In any case: you are safe here
2026-04-30,Cady,It doesn’t actually make me feel better that it is all men it’s not just you that has this problem,AFTER,2026-04-30,22:54:17,Henry Woods,"You’re welcome to come to the rave, in fact I’d like that"
2026-04-30,Cady,It doesn’t actually make me feel better that it is all men it’s not just you that has this problem,AFTER,2026-04-30,22:54:35,Henry Woods,"I’m gonna get showered now and head out, let me know if you’d like to join"
2026-04-30,Cady,It doesn’t actually make me feel better that it is all men it’s not just you that has this problem,AFTER,2026-04-30,22:54:36,Cady,Why do you keep saying that?
2026-04-30,Cady,It doesn’t actually make me feel better that it is all men it’s not just you that has this problem,AFTER,2026-04-30,22:54:42,Henry Woods,Okay sorry I’ll stop
2026-04-30,Cady,It doesn’t actually make me feel better that it is all men it’s not just you that has this problem,AFTER,2026-04-30,22:54:51,Cady,"After I find a shelter to sleep in tonight, I’ll think about joining you yeah"
2026-04-30,Cady,It doesn’t actually make me feel better that it is all men it’s not just you that has this problem,AFTER,2026-04-30,22:55:01,Cady,I wish you could do anything meaningful to get me to come to that right with you because I fucking would love to
2026-04-30,Cady,It doesn’t actually make me feel better that it is all men it’s not just you that has this problem,AFTER,2026-04-30,22:55:12,Henry Woods,Specifically this time because you said you wanted to join and then asked me to tell you about it \<This message was edited\>
2026-04-30,Cady,It doesn’t actually make me feel better that it is all men it’s not just you that has this problem,AFTER,2026-04-30,22:55:30,Cady,This was what I was referring to
2026-04-30,Cady,It doesn’t actually make me feel better that it is all men it’s not just you that has this problem,AFTER,2026-04-30,22:55:41,Cady,I’m given your science background. Could you give me some evidence to ensure my safety?
2026-05-02,Cady,https://respectphoneline.org.uk/resources/resources-for-perpetrators/self-help-guide-for-abusive-men-in-heterosexual-relationships/,BEFORE,2026-05-02,18:18:16,Cady,"These are just all options and things you can read. There’s one book that is quite good, but I’m worried you will hurt me if I give it to you."
2026-05-02,Cady,https://respectphoneline.org.uk/resources/resources-for-perpetrators/self-help-guide-for-abusive-men-in-heterosexual-relationships/,BEFORE,2026-05-02,18:18:26,Henry Woods,Not at all
2026-05-02,Cady,https://respectphoneline.org.uk/resources/resources-for-perpetrators/self-help-guide-for-abusive-men-in-heterosexual-relationships/,BEFORE,2026-05-02,18:18:26,Cady,You deleted this message.
2026-05-02,Cady,https://respectphoneline.org.uk/resources/resources-for-perpetrators/self-help-guide-for-abusive-men-in-heterosexual-relationships/,BEFORE,2026-05-02,18:18:29,Henry Woods,And prepped for it
2026-05-02,Cady,https://respectphoneline.org.uk/resources/resources-for-perpetrators/self-help-guide-for-abusive-men-in-heterosexual-relationships/,BEFORE,2026-05-02,18:18:44,Henry Woods,But I’ll examine them seriously
2026-05-02,Cady,https://respectphoneline.org.uk/resources/resources-for-perpetrators/self-help-guide-for-abusive-men-in-heterosexual-relationships/,BEFORE,2026-05-02,18:19:24,Cady,Lemme send specific pages
2026-05-02,Cady,https://respectphoneline.org.uk/resources/resources-for-perpetrators/self-help-guide-for-abusive-men-in-heterosexual-relationships/,BEFORE,2026-05-02,18:19:56,Henry Woods,Someone at the door
2026-05-02,Cady,https://respectphoneline.org.uk/resources/resources-for-perpetrators/self-help-guide-for-abusive-men-in-heterosexual-relationships/,BEFORE,2026-05-02,18:20:17,Henry Woods,Do I have to be worried about answering it?
2026-05-02,Cady,https://respectphoneline.org.uk/resources/resources-for-perpetrators/self-help-guide-for-abusive-men-in-heterosexual-relationships/,BEFORE,2026-05-02,18:20:23,Cady,Not for me ?
2026-05-02,Cady,https://respectphoneline.org.uk/resources/resources-for-perpetrators/self-help-guide-for-abusive-men-in-heterosexual-relationships/,BEFORE,2026-05-02,18:21:29,Cady,https://respectphoneline.org.uk/help-for-perpetrators/abusive-relationships/
2026-05-02,Cady,https://respectphoneline.org.uk/resources/resources-for-perpetrators/self-help-guide-for-abusive-men-in-heterosexual-relationships/,TARGET,2026-05-02,18:22:28,Cady,https://respectphoneline.org.uk/resources/resources-for-perpetrators/self-help-guide-for-abusive-men-in-heterosexual-relationships/
2026-05-02,Cady,https://respectphoneline.org.uk/resources/resources-for-perpetrators/self-help-guide-for-abusive-men-in-heterosexual-relationships/,AFTER,2026-05-02,18:24:23,Cady,https://www.gov.uk/government/publications/standards-for-domestic-abuse-perpetrator-interventions/standards-for-domestic-abuse-perpetrator-interventions-accessible
2026-05-02,Cady,https://respectphoneline.org.uk/resources/resources-for-perpetrators/self-help-guide-for-abusive-men-in-heterosexual-relationships/,AFTER,2026-05-02,19:24:54,Henry Woods,Do you still need space/can I use the kitchen?
2026-05-02,Cady,https://respectphoneline.org.uk/resources/resources-for-perpetrators/self-help-guide-for-abusive-men-in-heterosexual-relationships/,AFTER,2026-05-02,19:25:16,Cady,Just need the bedroom for a few more minutes
2026-05-02,Cady,https://respectphoneline.org.uk/resources/resources-for-perpetrators/self-help-guide-for-abusive-men-in-heterosexual-relationships/,AFTER,2026-05-02,19:25:20,Cady,Downstairs all good
2026-05-02,Cady,https://respectphoneline.org.uk/resources/resources-for-perpetrators/self-help-guide-for-abusive-men-in-heterosexual-relationships/,AFTER,2026-05-02,19:25:23,Cady,Thank you very much
2026-05-02,Cady,https://respectphoneline.org.uk/resources/resources-for-perpetrators/self-help-guide-for-abusive-men-in-heterosexual-relationships/,AFTER,2026-05-02,19:25:27,Henry Woods,Okay so kitchen is okay though?
2026-05-02,Cady,https://respectphoneline.org.uk/resources/resources-for-perpetrators/self-help-guide-for-abusive-men-in-heterosexual-relationships/,AFTER,2026-05-02,19:25:45,Cady,Yes
2026-05-02,Cady,https://respectphoneline.org.uk/resources/resources-for-perpetrators/self-help-guide-for-abusive-men-in-heterosexual-relationships/,AFTER,2026-05-02,19:25:46,Henry Woods,Sorry your second message came through late ð
2026-05-02,Cady,https://respectphoneline.org.uk/resources/resources-for-perpetrators/self-help-guide-for-abusive-men-in-heterosexual-relationships/,AFTER,2026-05-02,19:41:46,Cady,"OK, I’m good. Magic spell at work is Complete love and light white magic for the good of all in the harm of none.\~"
2026-05-02,Cady,https://respectphoneline.org.uk/resources/resources-for-perpetrators/self-help-guide-for-abusive-men-in-heterosexual-relationships/,AFTER,2026-05-02,20:42:02,Cady,https://www.amazon.co.uk/Shiny-Happy-People-Duggar-Secrets/dp/B0B8TQHG3G
